{
"type": "FeatureCollection",
"name": "A_class_roads",
"crs": { "type": "name", "properties": { "name": "urn:ogc:def:crs:OGC:1.3:CRS84" } },
"features": [
{ "type": "Feature", "properties": { "osm_id": "50286645", "code": 5113, "fclass": "primary", "name": "Gampaha - Ja Ela Road", "ref": "AA033", "oneway": "F", "maxspeed": 60, "layer": 0, "bridge": "F", "tunnel": "F" }, "geometry": { "type": "MultiLineString", "coordinates": [ [ [ 79.9101792, 7.1008997 ], [ 79.9101358, 7.1008155 ], [ 79.9100378, 7.1006447 ], [ 79.9099334, 7.1005136 ], [ 79.9095135, 7.1000329 ], [ 79.9091782, 7.099663 ], [ 79.90868, 7.0991056 ], [ 79.9075404, 7.0978256 ], [ 79.9071816, 7.0974211 ], [ 79.9068099, 7.0969944 ], [ 79.9065782, 7.0967323 ], [ 79.9064705, 7.096609 ], [ 79.9060986, 7.0961573 ], [ 79.9058677, 7.0958953 ], [ 79.9053988, 7.0953445 ], [ 79.9051682, 7.0950613 ], [ 79.9048159, 7.0946628 ], [ 79.9046836, 7.0945116 ], [ 79.9046134, 7.0944283 ], [ 79.9037266, 7.0933925 ], [ 79.9028428, 7.0923359 ], [ 79.9022203, 7.0916538 ], [ 79.9020268, 7.09143 ], [ 79.9007401, 7.090146 ], [ 79.900701, 7.0901068 ], [ 79.9004119, 7.0898167 ], [ 79.9002459, 7.0896463 ], [ 79.9000819, 7.0894779 ], [ 79.8998949, 7.0892834 ], [ 79.8994883, 7.0888606 ], [ 79.8991279, 7.0884428 ], [ 79.8989697, 7.0882947 ] ] ] } },
{ "type": "Feature", "properties": { "osm_id": "50286643", "code": 5113, "fclass": "primary", "name": "Gampaha - Ja Ela Road", "ref": "AA033", "oneway": "F", "maxspeed": 60, "layer": 0, "bridge": "F", "tunnel": "F" }, "geometry": { "type": "MultiLineString", "coordinates": [ [ [ 79.9103381, 7.1012394 ], [ 79.910302, 7.1011569 ], [ 79.9102508, 7.1010494 ], [ 79.9101792, 7.1008997 ] ] ] } },
{ "type": "Feature", "properties": { "osm_id": "50286644", "code": 5113, "fclass": "primary", "name": "Gampaha - Ja Ela Road", "ref": "AA033", "oneway": "F", "maxspeed": 60, "layer": 0, "bridge": "F", "tunnel": "F" }, "geometry": { "type": "MultiLineString", "coordinates": [ [ [ 79.9106782, 7.101328 ], [ 79.9103637, 7.1012717 ] ] ] } },
{ "type": "Feature", "properties": { "osm_id": "50286636", "code": 5113, "fclass": "primary", "name": "Gampaha - Ja Ela Road", "ref": "AA033", "oneway": "B", "maxspeed": 60, "layer": 0, "bridge": "F", "tunnel": "F" }, "geometry": { "type": "MultiLineString", "coordinates": [ [ [ 79.8912151, 7.081241 ], [ 79.8913246, 7.0813323 ], [ 79.8914277, 7.0814201 ], [ 79.8914778, 7.0814734 ], [ 79.89157, 7.0815762 ], [ 79.891614, 7.0816281 ], [ 79.8916684, 7.081702 ], [ 79.8917225, 7.0817964 ], [ 79.8918529, 7.0820685 ], [ 79.8920328, 7.0824848 ], [ 79.8920657, 7.0825864 ], [ 79.8920913, 7.082696 ], [ 79.8922034, 7.0832099 ], [ 79.892239, 7.0833729 ], [ 79.8922724, 7.0834746 ], [ 79.8923045, 7.0835465 ], [ 79.8923534, 7.0836189 ], [ 79.892601, 7.0840335 ], [ 79.8928208, 7.0844014 ], [ 79.8928671, 7.0844729 ], [ 79.892888, 7.0845051 ], [ 79.8929536, 7.0845978 ], [ 79.8930126, 7.0846691 ], [ 79.893093, 7.0847459 ], [ 79.8932173, 7.0848026 ], [ 79.8934173, 7.084894 ], [ 79.8935187, 7.0849312 ], [ 79.8935633, 7.0849482 ], [ 79.8936307, 7.0849756 ], [ 79.8941771, 7.0851744 ], [ 79.8943889, 7.085261 ], [ 79.8950727, 7.0855351 ], [ 79.8956224, 7.0857649 ], [ 79.8956787, 7.0857949 ], [ 79.8957779, 7.0858535 ], [ 79.8958442, 7.0858983 ], [ 79.8969208, 7.0867258 ], [ 79.8971447, 7.0868737 ], [ 79.897268, 7.0869508 ], [ 79.8974396, 7.0870372 ], [ 79.8974598, 7.0870431 ], [ 79.8978663, 7.0872439 ], [ 79.8979908, 7.0873141 ], [ 79.8981263, 7.0873927 ], [ 79.8982443, 7.087475 ], [ 79.8983326, 7.0875418 ], [ 79.8984167, 7.0876206 ], [ 79.8986009, 7.0878268 ], [ 79.8987045, 7.0879533 ], [ 79.898817, 7.0881052 ], [ 79.8989697, 7.0882947 ] ] ] } },
{ "type": "Feature", "properties": { "osm_id": "50312268", "code": 5112, "fclass": "trunk", "name": "Colombo - Chillaw Road", "ref": "AA003", "oneway": "F", "maxspeed": 60, "layer": 0, "bridge": "F", "tunnel": "F" }, "geometry": { "type": "MultiLineString", "coordinates": [ [ [ 79.8509381, 7.2271396 ], [ 79.850961, 7.2272005 ], [ 79.850983, 7.2272559 ], [ 79.8510216, 7.2274137 ], [ 79.8510461, 7.2275384 ], [ 79.8510608, 7.2276334 ], [ 79.8510714, 7.2277635 ], [ 79.8510743, 7.2278737 ], [ 79.8510699, 7.2279648 ], [ 79.8510649, 7.2280357 ], [ 79.8510509, 7.2281245 ], [ 79.8510136, 7.2282923 ], [ 79.8509415, 7.2285731 ], [ 79.8508624, 7.2288629 ], [ 79.8508034, 7.2290748 ], [ 79.8506114, 7.2298042 ], [ 79.8504709, 7.23025 ], [ 79.8503749, 7.2305485 ], [ 79.8502441, 7.2309044 ], [ 79.8500624, 7.2313901 ], [ 79.8499898, 7.2315854 ], [ 79.8498828, 7.2319118 ], [ 79.8494022, 7.2335287 ], [ 79.8492893, 7.2339672 ], [ 79.8490324, 7.2349933 ], [ 79.848781, 7.2357414 ], [ 79.8485492, 7.2364166 ], [ 79.8484293, 7.2368404 ], [ 79.848311, 7.2372729 ], [ 79.8481541, 7.2381113 ], [ 79.848111, 7.2382831 ], [ 79.8480928, 7.238388 ], [ 79.8480816, 7.2385291 ], [ 79.848078, 7.2386236 ], [ 79.8480858, 7.2386875 ], [ 79.8480955, 7.2387357 ], [ 79.8481394, 7.2388501 ], [ 79.8482021, 7.2389761 ], [ 79.8482633, 7.2390502 ], [ 79.8483263, 7.2391159 ], [ 79.8484385, 7.239216 ], [ 79.848543, 7.2393138 ], [ 79.8488649, 7.2396006 ], [ 79.8491481, 7.2398496 ], [ 79.8492483, 7.2399324 ], [ 79.8493328, 7.2400255 ], [ 79.8494502, 7.240171 ], [ 79.8495146, 7.2402918 ], [ 79.8495344, 7.2404379 ], [ 79.8495344, 7.2405537 ], [ 79.84952, 7.2406424 ], [ 79.8495015, 7.2407206 ], [ 79.8494542, 7.2408806 ], [ 79.8491454, 7.2419331 ], [ 79.8490005, 7.2424018 ], [ 79.8487845, 7.2431587 ], [ 79.848755, 7.2432981 ], [ 79.8487098, 7.2435618 ], [ 79.8486699, 7.2437838 ], [ 79.848658, 7.2439671 ], [ 79.8486504, 7.2440787 ], [ 79.8486776, 7.2442639 ], [ 79.8486951, 7.2443497 ], [ 79.8487392, 7.2445206 ], [ 79.848801, 7.2447297 ], [ 79.8489163, 7.2449647 ], [ 79.8490012, 7.2451263 ], [ 79.8490899, 7.2452714 ], [ 79.8491901, 7.2454276 ], [ 79.849304, 7.2456024 ], [ 79.8493816, 7.2457204 ], [ 79.8498185, 7.2462359 ], [ 79.8507687, 7.2473474 ], [ 79.8509362, 7.2475649 ], [ 79.8510351, 7.2477234 ], [ 79.8511167, 7.2478512 ], [ 79.85128, 7.2481593 ], [ 79.8514692, 7.2484914 ], [ 79.8514953, 7.2485327 ], [ 79.8516807, 7.248932 ], [ 79.851758, 7.2491405 ], [ 79.8518304, 7.2493566 ], [ 79.8518623, 7.2494674 ], [ 79.8519972, 7.2498722 ], [ 79.8520113, 7.2499144 ], [ 79.8521196, 7.2501887 ], [ 79.8521994, 7.2503955 ], [ 79.8522517, 7.2505258 ], [ 79.852584, 7.2512497 ], [ 79.8527298, 7.2515583 ], [ 79.8528921, 7.2518754 ], [ 79.8530789, 7.2522296 ], [ 79.8532534, 7.2525517 ], [ 79.853398, 7.2527955 ], [ 79.8535308, 7.2529699 ], [ 79.8536394, 7.2530719 ], [ 79.8537258, 7.2531464 ], [ 79.8538375, 7.2532134 ], [ 79.8540575, 7.2533278 ], [ 79.8541395, 7.2533663 ], [ 79.8549272, 7.25372 ], [ 79.8550682, 7.2538164 ], [ 79.8551564, 7.2538889 ], [ 79.855227, 7.2539552 ], [ 79.8552905, 7.2540434 ], [ 79.8553772, 7.2542083 ], [ 79.855456, 7.2543829 ], [ 79.8555953, 7.2549351 ], [ 79.8556635, 7.2554154 ], [ 79.8557109, 7.2558343 ], [ 79.8558715, 7.2570401 ], [ 79.8559175, 7.2573338 ], [ 79.8560635, 7.2580827 ], [ 79.8561264, 7.2584427 ], [ 79.8562461, 7.259128 ], [ 79.8562996, 7.2593928 ], [ 79.8563554, 7.2596906 ], [ 79.8564083, 7.2599022 ], [ 79.8565434, 7.2603085 ], [ 79.8566769, 7.2606538 ], [ 79.856742, 7.2608024 ], [ 79.8573644, 7.2622209 ], [ 79.8575005, 7.2625058 ], [ 79.857556, 7.262589 ], [ 79.8576313, 7.262702 ], [ 79.8577502, 7.2628367 ], [ 79.8578768, 7.2629688 ], [ 79.8581975, 7.2632815 ], [ 79.8582911, 7.2633757 ], [ 79.8584888, 7.2635747 ], [ 79.8585367, 7.2636239 ], [ 79.8586209, 7.26374 ], [ 79.8586939, 7.263868 ], [ 79.8587312, 7.2639485 ], [ 79.8587654, 7.264031 ], [ 79.8588906, 7.2644643 ], [ 79.8589239, 7.2645528 ], [ 79.8589714, 7.2646726 ], [ 79.8590377, 7.2648035 ], [ 79.8592363, 7.2651359 ], [ 79.8593453, 7.2653249 ], [ 79.8594488, 7.2655031 ], [ 79.859517, 7.2656117 ], [ 79.8595838, 7.2657149 ], [ 79.8596759, 7.2658498 ], [ 79.8597544, 7.2659379 ], [ 79.8598221, 7.2659933 ], [ 79.8599099, 7.2660358 ], [ 79.8600582, 7.2661102 ], [ 79.8603041, 7.2662413 ], [ 79.8603704, 7.266277 ], [ 79.8604042, 7.2662979 ], [ 79.8604506, 7.2663346 ], [ 79.8605036, 7.2663934 ], [ 79.8605471, 7.266459 ], [ 79.8605675, 7.2665039 ], [ 79.8605832, 7.2665496 ], [ 79.8605999, 7.2666091 ], [ 79.8606307, 7.2668184 ], [ 79.86066, 7.267003 ], [ 79.8606808, 7.2670962 ], [ 79.8607062, 7.2671958 ], [ 79.8607301, 7.2672662 ], [ 79.8607858, 7.2673817 ], [ 79.8608305, 7.2674461 ], [ 79.8609159, 7.2675322 ], [ 79.8609634, 7.2675793 ], [ 79.8610216, 7.2676235 ], [ 79.8612779, 7.2678155 ], [ 79.8615582, 7.2680381 ], [ 79.8623204, 7.2686434 ], [ 79.8628489, 7.2690742 ], [ 79.8630996, 7.2692786 ], [ 79.8631723, 7.2693469 ], [ 79.8631893, 7.2693653 ], [ 79.8632911, 7.2694895 ], [ 79.8633903, 7.2696265 ], [ 79.8634399, 7.2697057 ], [ 79.863484, 7.2697901 ] ] ] } },
{ "type": "Feature", "properties": { "osm_id": "50306656", "code": 5112, "fclass": "trunk", "name": "Colombo - Chillaw Road", "ref": "AA003", "oneway": "F", "maxspeed": 60, "layer": 1, "bridge": "T", "tunnel": "F" }, "geometry": { "type": "MultiLineString", "coordinates": [ [ [ 79.8637441, 7.2705255 ], [ 79.863794936051491, 7.270716746203322 ] ] ] } },
{ "type": "Feature", "properties": { "osm_id": "469630649", "code": 5112, "fclass": "trunk", "name": "High Level Road", "ref": "AA004", "oneway": "F", "maxspeed": 50, "layer": 0, "bridge": "F", "tunnel": "F" }, "geometry": { "type": "MultiLineString", "coordinates": [ [ [ 79.9646596, 6.8417451 ], [ 79.9647371, 6.8416885 ], [ 79.9648933, 6.8415721 ] ] ] } },
{ "type": "Feature", "properties": { "osm_id": "398407697", "code": 5112, "fclass": "trunk", "name": "Sri Sambuddhathva Jayanthi Mawatha", "ref": "AA004", "oneway": "F", "maxspeed": 70, "layer": 0, "bridge": "F", "tunnel": "F" }, "geometry": { "type": "MultiLineString", "coordinates": [ [ [ 79.8696069, 6.8817677 ], [ 79.8696015, 6.8818833 ], [ 79.8695649, 6.8820982 ], [ 79.8695284, 6.8822115 ] ] ] } },
{ "type": "Feature", "properties": { "osm_id": "469620887", "code": 5112, "fclass": "trunk", "name": "High Level Road", "ref": "AA004", "oneway": "F", "maxspeed": 50, "layer": 0, "bridge": "F", "tunnel": "F" }, "geometry": { "type": "MultiLineString", "coordinates": [ [ [ 79.9656921, 6.8411165 ], [ 79.9659422, 6.8410042 ], [ 79.9661122, 6.8409315 ], [ 79.9663406, 6.8408202 ] ] ] } },
{ "type": "Feature", "properties": { "osm_id": "398408112", "code": 5112, "fclass": "trunk", "name": "H. Sri Nissanka Mawatha", "ref": "AA004", "oneway": "F", "maxspeed": 70, "layer": 0, "bridge": "F", "tunnel": "F" }, "geometry": { "type": "MultiLineString", "coordinates": [ [ [ 79.8698835, 6.8817692 ], [ 79.8699728, 6.8816011 ], [ 79.8700063, 6.8815202 ], [ 79.8700619, 6.881386 ] ] ] } },
{ "type": "Feature", "properties": { "osm_id": "398408113", "code": 5112, "fclass": "trunk", "name": "H. Sri Nissanka Mawatha", "ref": "AA004", "oneway": "F", "maxspeed": 70, "layer": 0, "bridge": "F", "tunnel": "F" }, "geometry": { "type": "MultiLineString", "coordinates": [ [ [ 79.8700619, 6.881386 ], [ 79.8700006, 6.8814574 ], [ 79.8699526, 6.8814993 ], [ 79.869795, 6.8816367 ] ] ] } },
{ "type": "Feature", "properties": { "osm_id": "398407696", "code": 5112, "fclass": "trunk", "name": "Sri Sambuddhathva Jayanthi Mawatha", "ref": "AA004", "oneway": "F", "maxspeed": 70, "layer": 0, "bridge": "F", "tunnel": "F" }, "geometry": { "type": "MultiLineString", "coordinates": [ [ [ 79.8695284, 6.8822115 ], [ 79.8698367, 6.8818678 ] ] ] } },
{ "type": "Feature", "properties": { "osm_id": "469847039", "code": 5112, "fclass": "trunk", "name": "High Level Road", "ref": "AA004", "oneway": "F", "maxspeed": 60, "layer": 0, "bridge": "F", "tunnel": "F" }, "geometry": { "type": "MultiLineString", "coordinates": [ [ [ 79.9575006, 6.8435814 ], [ 79.9577826, 6.8435633 ], [ 79.9585843, 6.8435255 ], [ 79.9590657, 6.8435113 ], [ 79.9599123, 6.8434426 ], [ 79.9603804, 6.8433287 ], [ 79.9606977, 6.8432024 ], [ 79.9609793, 6.8430628 ], [ 79.9614964, 6.8427683 ], [ 79.9619857, 6.8424376 ], [ 79.9620723, 6.8423788 ], [ 79.9622564, 6.842282 ], [ 79.9627662, 6.8419833 ], [ 79.9629097, 6.8419227 ], [ 79.9630582, 6.8418503 ], [ 79.9632779, 6.8417882 ], [ 79.9634989, 6.8417429 ] ] ] } },
{ "type": "Feature", "properties": { "osm_id": "698549345", "code": 5112, "fclass": "trunk", "name": "High Level Road", "ref": "AA004", "oneway": "F", "maxspeed": 50, "layer": 0, "bridge": "F", "tunnel": "F" }, "geometry": { "type": "MultiLineString", "coordinates": [ [ [ 79.96566, 6.8410271 ], [ 79.9653503, 6.8411541 ], [ 79.9653111, 6.8411643 ], [ 79.9651459, 6.8412203 ] ] ] } },
{ "type": "Feature", "properties": { "osm_id": "293065140", "code": 5112, "fclass": "trunk", "name": "Colombo - Kandy Road", "ref": "AA001", "oneway": "F", "maxspeed": 60, "layer": 0, "bridge": "F", "tunnel": "F" }, "geometry": { "type": "MultiLineString", "coordinates": [ [ [ 79.9600904, 7.0073165 ], [ 79.9599837, 7.0072578 ], [ 79.9592096, 7.0067471 ], [ 79.9580938, 7.0061395 ], [ 79.9576202, 7.0058752 ], [ 79.9571695, 7.0056353 ], [ 79.9568973, 7.0054394 ], [ 79.9567638, 7.0052523 ], [ 79.9566751, 7.0050133 ], [ 79.956649, 7.004743 ], [ 79.9566476, 7.0046841 ], [ 79.9566519, 7.0043686 ], [ 79.95665, 7.0042805 ], [ 79.956634, 7.003866 ], [ 79.956605, 7.0036711 ], [ 79.9565412, 7.0034167 ], [ 79.9564783, 7.0032816 ], [ 79.9563335, 7.0030695 ] ] ] } },
{ "type": "Feature", "properties": { "osm_id": "293065139", "code": 5112, "fclass": "trunk", "name": "Colombo - Kandy Road", "ref": "AA001", "oneway": "F", "maxspeed": 60, "layer": 0, "bridge": "F", "tunnel": "F" }, "geometry": { "type": "MultiLineString", "coordinates": [ [ [ 79.9349636, 6.9863343 ], [ 79.935086, 6.9864768 ], [ 79.9353119, 6.9866546 ], [ 79.9355354, 6.9867616 ], [ 79.9361268, 6.9869368 ], [ 79.936397, 6.9870834 ], [ 79.9366862, 6.9873701 ], [ 79.9370311, 6.987775 ], [ 79.937302, 6.9881691 ], [ 79.9377291, 6.988956 ], [ 79.9379095, 6.9892956 ], [ 79.9380255, 6.9895257 ], [ 79.938127, 6.9897508 ], [ 79.9382631, 6.9900516 ], [ 79.9384882, 6.9906572 ], [ 79.9385744, 6.9907916 ], [ 79.9387418, 6.9909541 ], [ 79.938904, 6.9910521 ], [ 79.9391993, 6.9911488 ], [ 79.9393969, 6.9911606 ], [ 79.9398975, 6.9910861 ], [ 79.9401869, 6.9910798 ], [ 79.9404038, 6.9911068 ], [ 79.9406202, 6.9911677 ], [ 79.9412514, 6.991475 ], [ 79.9414681, 6.9916688 ], [ 79.9418074, 6.992144 ], [ 79.9420006, 6.9923059 ], [ 79.942093, 6.9923637 ], [ 79.9428772, 6.9927119 ], [ 79.9432728, 6.9930233 ], [ 79.9434049, 6.9931285 ], [ 79.9441134, 6.993849 ], [ 79.9442697, 6.993993 ], [ 79.9446158, 6.9942485 ], [ 79.9450566, 6.9945023 ], [ 79.9453645, 6.9946853 ], [ 79.9454285, 6.9947233 ], [ 79.9456241, 6.994822 ], [ 79.9465469, 6.9953694 ], [ 79.9468566, 6.9956183 ], [ 79.9474837, 6.9962707 ], [ 79.9476862, 6.9965127 ], [ 79.9478394, 6.9967501 ], [ 79.947962, 6.9970596 ], [ 79.9481607, 6.997758 ], [ 79.9481978, 6.9979915 ], [ 79.9482076, 6.9981439 ], [ 79.9481844, 6.9983884 ], [ 79.9480833, 6.9991754 ], [ 79.9480779, 6.9994037 ], [ 79.9481821, 6.9997478 ], [ 79.9482683, 6.9999221 ], [ 79.9483957, 7.0001092 ], [ 79.9484567, 7.0001989 ], [ 79.9485759, 7.0003278 ], [ 79.948808, 7.0005117 ], [ 79.9489517, 7.0005888 ], [ 79.9490781, 7.0006529 ] ] ] } },
{ "type": "Feature", "properties": { "osm_id": "289027979", "code": 5112, "fclass": "trunk", "name": "Galle Road", "ref": "AA002", "oneway": "F", "maxspeed": 60, "layer": 0, "bridge": "F", "tunnel": "F" }, "geometry": { "type": "MultiLineString", "coordinates": [ [ [ 79.8496259, 6.9113485 ], [ 79.8496023, 6.911433 ] ] ] } },
{ "type": "Feature", "properties": { "osm_id": "278787705", "code": 5113, "fclass": "primary", "name": "Sea Street", "ref": "AA001", "oneway": "F", "maxspeed": 40, "layer": 0, "bridge": "F", "tunnel": "F" }, "geometry": { "type": "MultiLineString", "coordinates": [ [ [ 79.8543264, 6.9396415 ], [ 79.8542965, 6.9395811 ], [ 79.8542773, 6.9395392 ], [ 79.8542593, 6.9394474 ], [ 79.8542547, 6.939353 ], [ 79.85426, 6.9392434 ], [ 79.854284, 6.9391338 ] ] ] } },
{ "type": "Feature", "properties": { "osm_id": "53473737", "code": 5112, "fclass": "trunk", "name": "Galle Road", "ref": "AA002", "oneway": "F", "maxspeed": 60, "layer": 0, "bridge": "F", "tunnel": "F" }, "geometry": { "type": "MultiLineString", "coordinates": [ [ [ 79.8481158, 6.9160572 ], [ 79.8479997, 6.9164191 ], [ 79.8479541, 6.9165611 ] ] ] } },
{ "type": "Feature", "properties": { "osm_id": "486382234", "code": 5112, "fclass": "trunk", "name": "Colombo - Kandy Road", "ref": "AA001", "oneway": "F", "maxspeed": 70, "layer": 1, "bridge": "T", "tunnel": "F" }, "geometry": { "type": "MultiLineString", "coordinates": [ [ [ 80.0121725, 7.0663282 ], [ 80.0120542, 7.0660462 ] ] ] } },
{ "type": "Feature", "properties": { "osm_id": "486382239", "code": 5112, "fclass": "trunk", "name": "Colombo - Kandy Road", "ref": "AA001", "oneway": "F", "maxspeed": 70, "layer": 0, "bridge": "F", "tunnel": "F" }, "geometry": { "type": "MultiLineString", "coordinates": [ [ [ 80.0120542, 7.0660462 ], [ 80.0117379, 7.0653477 ], [ 80.0111845, 7.0639339 ] ] ] } },
{ "type": "Feature", "properties": { "osm_id": "486381777", "code": 5112, "fclass": "trunk", "name": "Colombo - Kandy Road", "ref": "AA001", "oneway": "F", "maxspeed": 70, "layer": 0, "bridge": "F", "tunnel": "F" }, "geometry": { "type": "MultiLineString", "coordinates": [ [ [ 80.0174724, 7.0743883 ], [ 80.0177145, 7.0746195 ], [ 80.0179199, 7.0748055 ], [ 80.0181029, 7.0749736 ], [ 80.0183281, 7.075179 ], [ 80.0191703, 7.0759285 ], [ 80.0195043, 7.0762133 ], [ 80.0196934, 7.076369 ], [ 80.0198007, 7.0764515 ], [ 80.0199187, 7.0765327 ], [ 80.019971, 7.0765567 ], [ 80.0201024, 7.0766286 ], [ 80.020601, 7.0768399 ], [ 80.0208403, 7.0769356 ], [ 80.0209468, 7.0769799 ], [ 80.0213112, 7.0771344 ], [ 80.0217071, 7.0772963 ], [ 80.0220311, 7.0774224 ], [ 80.0221784, 7.0774811 ], [ 80.0224383, 7.0775846 ], [ 80.0233812, 7.0780115 ], [ 80.0237521, 7.0781788 ], [ 80.0240106, 7.0782868 ], [ 80.0243887, 7.0784545 ], [ 80.0249362, 7.078708 ], [ 80.0251424, 7.0788152 ], [ 80.0254812, 7.0789941 ], [ 80.0256876, 7.0791007 ], [ 80.0259438, 7.0792388 ], [ 80.0263271, 7.0794604 ], [ 80.0264637, 7.0795492 ], [ 80.0266389, 7.079677 ], [ 80.026841, 7.0798257 ], [ 80.0269676, 7.0799252 ], [ 80.0274695, 7.0803476 ], [ 80.0275637, 7.0804297 ], [ 80.027689, 7.0805456 ], [ 80.0277869, 7.0806288 ], [ 80.0279472, 7.080758 ], [ 80.028538, 7.081272 ], [ 80.0288706, 7.0815754 ], [ 80.0291248, 7.081818 ], [ 80.0293274, 7.082011 ], [ 80.030048, 7.082716 ], [ 80.0307816, 7.0834227 ], [ 80.0312483, 7.0838765 ], [ 80.0316949, 7.0843277 ], [ 80.0318733, 7.0845167 ], [ 80.0320425, 7.0846708 ], [ 80.0322863, 7.0849146 ], [ 80.0325465, 7.0851435 ], [ 80.0326726, 7.0852606 ], [ 80.0328737, 7.0854469 ], [ 80.033069, 7.0856302 ], [ 80.0332251, 7.0857743 ], [ 80.0333665, 7.0859064 ], [ 80.0334549, 7.0859851 ] ] ] } },
{ "type": "Feature", "properties": { "osm_id": "486382224", "code": 5112, "fclass": "trunk", "name": "Colombo - Kandy Road", "ref": "AA001", "oneway": "F", "maxspeed": 70, "layer": 0, "bridge": "F", "tunnel": "F" }, "geometry": { "type": "MultiLineString", "coordinates": [ [ [ 80.0121946, 7.066553 ], [ 80.0122227, 7.0666196 ], [ 80.0122547, 7.0666846 ], [ 80.0129984, 7.0683894 ], [ 80.0131403, 7.0687173 ], [ 80.0134966, 7.069564 ] ] ] } },
{ "type": "Feature", "properties": { "osm_id": "486382230", "code": 5112, "fclass": "trunk", "name": "Colombo - Kandy Road", "ref": "AA001", "oneway": "F", "maxspeed": 70, "layer": 1, "bridge": "T", "tunnel": "F" }, "geometry": { "type": "MultiLineString", "coordinates": [ [ [ 80.0119824, 7.0660708 ], [ 80.0121097, 7.0663593 ] ] ] } },
{ "type": "Feature", "properties": { "osm_id": "486373558", "code": 5112, "fclass": "trunk", "name": "Colombo - Kandy Road", "ref": "AA001", "oneway": "F", "maxspeed": 70, "layer": 1, "bridge": "T", "tunnel": "F" }, "geometry": { "type": "MultiLineString", "coordinates": [ [ [ 80.0134966, 7.069564 ], [ 80.0135709, 7.0697379 ] ] ] } },
{ "type": "Feature", "properties": { "osm_id": "486373559", "code": 5112, "fclass": "trunk", "name": "Colombo - Kandy Road", "ref": "AA001", "oneway": "F", "maxspeed": 70, "layer": 0, "bridge": "F", "tunnel": "F" }, "geometry": { "type": "MultiLineString", "coordinates": [ [ [ 80.0135709, 7.0697379 ], [ 80.0138833, 7.0704482 ], [ 80.0140695, 7.0708646 ], [ 80.0141279, 7.0710047 ], [ 80.0144317, 7.0716489 ], [ 80.014605, 7.0719158 ], [ 80.0152855, 7.0725117 ], [ 80.0160721, 7.073224 ] ] ] } },
{ "type": "Feature", "properties": { "osm_id": "486373560", "code": 5112, "fclass": "trunk", "name": "Colombo - Kandy Road", "ref": "AA001", "oneway": "F", "maxspeed": 70, "layer": 1, "bridge": "T", "tunnel": "F" }, "geometry": { "type": "MultiLineString", "coordinates": [ [ [ 80.01364, 7.0697115 ], [ 80.0135672, 7.0695425 ] ] ] } },
{ "type": "Feature", "properties": { "osm_id": "277948468", "code": 5112, "fclass": "trunk", "name": "Colombo - Kandy Road", "ref": "AA001", "oneway": "F", "maxspeed": 70, "layer": 0, "bridge": "F", "tunnel": "F" }, "geometry": { "type": "MultiLineString", "coordinates": [ [ [ 80.0334549, 7.0859851 ], [ 80.0336851, 7.0861749 ], [ 80.0338916, 7.0863346 ], [ 80.0340593, 7.0864677 ], [ 80.0342175, 7.0865888 ], [ 80.0343114, 7.086674 ], [ 80.03442, 7.0867964 ], [ 80.034522, 7.0869415 ], [ 80.0346386, 7.0871265 ], [ 80.0347392, 7.0872982 ], [ 80.0348626, 7.0874978 ], [ 80.0352868, 7.0882715 ], [ 80.0355055, 7.0887044 ], [ 80.0357149, 7.0891484 ], [ 80.0359006, 7.0895313 ], [ 80.0359757, 7.0896844 ], [ 80.0360629, 7.0898587 ], [ 80.0362051, 7.0901528 ], [ 80.0363982, 7.0905228 ], [ 80.0364719, 7.0906759 ], [ 80.0365511, 7.0908475 ], [ 80.0366195, 7.0910166 ], [ 80.0366999, 7.0912455 ], [ 80.0367844, 7.0915795 ], [ 80.0368179, 7.091711 ], [ 80.0368682, 7.0918776 ], [ 80.0368957, 7.0919454 ], [ 80.036926, 7.0920056 ], [ 80.0369639, 7.0920724 ], [ 80.0370028, 7.0921373 ] ] ] } },
{ "type": "Feature", "properties": { "osm_id": "486373561", "code": 5112, "fclass": "trunk", "name": "Colombo - Kandy Road", "ref": "AA001", "oneway": "F", "maxspeed": 70, "layer": 0, "bridge": "F", "tunnel": "F" }, "geometry": { "type": "MultiLineString", "coordinates": [ [ [ 80.0135672, 7.0695425 ], [ 80.0133611, 7.0690502 ], [ 80.0132038, 7.0686939 ], [ 80.0123634, 7.0667618 ], [ 80.0122923, 7.0665988 ], [ 80.0122596, 7.0665243 ] ] ] } },
{ "type": "Feature", "properties": { "osm_id": "486327422", "code": 5112, "fclass": "trunk", "name": "Colombo - Kandy Road", "ref": "AA001", "oneway": "F", "maxspeed": 70, "layer": 0, "bridge": "F", "tunnel": "F" }, "geometry": { "type": "MultiLineString", "coordinates": [ [ [ 80.0083526, 7.0555555 ], [ 80.0083778, 7.055642 ], [ 80.0084147, 7.0558276 ], [ 80.0084158, 7.0559544 ], [ 80.0084167, 7.0560519 ], [ 80.0082333, 7.0570172 ], [ 80.0082792, 7.0575239 ], [ 80.0083047, 7.057643 ], [ 80.0087648, 7.0587022 ], [ 80.0089004, 7.0589495 ], [ 80.009065, 7.05918 ], [ 80.009492, 7.0596843 ], [ 80.0097028, 7.0599662 ], [ 80.0098235, 7.0602071 ], [ 80.0102979, 7.0616843 ], [ 80.0104307, 7.0620508 ], [ 80.010732, 7.0628821 ], [ 80.0110674, 7.0638477 ], [ 80.0111066, 7.0639604 ] ] ] } },
{ "type": "Feature", "properties": { "osm_id": "486327424", "code": 5112, "fclass": "trunk", "name": "Colombo - Kandy Road", "ref": "AA001", "oneway": "F", "maxspeed": 70, "layer": 0, "bridge": "F", "tunnel": "F" }, "geometry": { "type": "MultiLineString", "coordinates": [ [ [ 80.0111845, 7.0639339 ], [ 80.0111437, 7.063818 ], [ 80.0110482, 7.0635462 ], [ 80.0104983, 7.0620262 ], [ 80.0103658, 7.0616599 ], [ 80.009919, 7.0602377 ], [ 80.0097451, 7.0598883 ], [ 80.0095471, 7.0596355 ], [ 80.0090739, 7.0590606 ], [ 80.0089166, 7.0588134 ], [ 80.0088465, 7.0586644 ], [ 80.0084616, 7.0578467 ], [ 80.0083859, 7.0576324 ], [ 80.0083295, 7.0573722 ], [ 80.0083154, 7.0571033 ], [ 80.0083354, 7.0567822 ], [ 80.0084898, 7.0561437 ], [ 80.0084886, 7.0559507 ], [ 80.0084878, 7.0558349 ], [ 80.0084288, 7.0555388 ] ] ] } },
{ "type": "Feature", "properties": { "osm_id": "486373205", "code": 5112, "fclass": "trunk", "name": "Colombo - Kandy Road", "ref": "AA001", "oneway": "F", "maxspeed": 70, "layer": 0, "bridge": "F", "tunnel": "F" }, "geometry": { "type": "MultiLineString", "coordinates": [ [ [ 80.0111066, 7.0639604 ], [ 80.0113308, 7.0645402 ], [ 80.0114194, 7.0647537 ], [ 80.0119824, 7.0660708 ] ] ] } },
{ "type": "Feature", "properties": { "osm_id": "486373206", "code": 5112, "fclass": "trunk", "name": "Colombo - Kandy Road", "ref": "AA001", "oneway": "F", "maxspeed": 70, "layer": 0, "bridge": "F", "tunnel": "F" }, "geometry": { "type": "MultiLineString", "coordinates": [ [ [ 80.0161604, 7.0731063 ], [ 80.01596, 7.072947 ], [ 80.015819, 7.0728386 ], [ 80.0156355, 7.0727025 ], [ 80.0153447, 7.0724458 ], [ 80.0147867, 7.0719879 ], [ 80.0146193, 7.0718128 ], [ 80.014494, 7.0716121 ], [ 80.0141346, 7.0708389 ], [ 80.01364, 7.0697115 ] ] ] } },
{ "type": "Feature", "properties": { "osm_id": "397202893", "code": 5113, "fclass": "primary", "name": "Gampaha - Ja Ela Road", "ref": "AA033", "oneway": "B", "maxspeed": 70, "layer": 1, "bridge": "T", "tunnel": "F" }, "geometry": { "type": "MultiLineString", "coordinates": [ [ [ 79.9894677, 7.0928392 ], [ 79.9895651, 7.0928222 ], [ 79.9896582, 7.0928057 ] ] ] } },
{ "type": "Feature", "properties": { "osm_id": "397202894", "code": 5113, "fclass": "primary", "name": "Gampaha - Ja Ela Road", "ref": "AA033", "oneway": "B", "maxspeed": 70, "layer": 0, "bridge": "F", "tunnel": "F" }, "geometry": { "type": "MultiLineString", "coordinates": [ [ [ 79.9871125, 7.0931972 ], [ 79.9871504, 7.0931938 ], [ 79.9876048, 7.0931563 ], [ 79.9877169, 7.0931473 ], [ 79.9878007, 7.0931405 ] ] ] } },
{ "type": "Feature", "properties": { "osm_id": "397202895", "code": 5113, "fclass": "primary", "name": "Gampaha - Ja Ela Road", "ref": "AA033", "oneway": "B", "maxspeed": 70, "layer": 0, "bridge": "F", "tunnel": "F" }, "geometry": { "type": "MultiLineString", "coordinates": [ [ [ 79.9857974, 7.0933146 ], [ 79.9858123, 7.0933133 ], [ 79.9867172, 7.0932325 ], [ 79.9868598, 7.0932197 ], [ 79.9869612, 7.0932107 ], [ 79.9870305, 7.0932039 ] ] ] } },
{ "type": "Feature", "properties": { "osm_id": "397202896", "code": 5113, "fclass": "primary", "name": "Gampaha - Ja Ela Road", "ref": "AA033", "oneway": "B", "maxspeed": 70, "layer": 0, "bridge": "F", "tunnel": "F" }, "geometry": { "type": "MultiLineString", "coordinates": [ [ [ 79.988113, 7.0931028 ], [ 79.9882036, 7.0930847 ], [ 79.9882398, 7.0930767 ], [ 79.9887293, 7.0929873 ], [ 79.9887921, 7.0929766 ], [ 79.9888948, 7.0929564 ], [ 79.9890264, 7.0929306 ], [ 79.9890954, 7.0929171 ], [ 79.9892916, 7.0928748 ], [ 79.9894252, 7.0928478 ], [ 79.9894677, 7.0928392 ] ] ] } },
{ "type": "Feature", "properties": { "osm_id": "397202889", "code": 5113, "fclass": "primary", "name": "Gampaha - Ja Ela Road", "ref": "AA033", "oneway": "B", "maxspeed": 70, "layer": 0, "bridge": "F", "tunnel": "F" }, "geometry": { "type": "MultiLineString", "coordinates": [ [ [ 79.9849574, 7.0933889 ], [ 79.9852604, 7.0933588 ] ] ] } },
{ "type": "Feature", "properties": { "osm_id": "397202890", "code": 5113, "fclass": "primary", "name": "Gampaha - Ja Ela Road", "ref": "AA033", "oneway": "B", "maxspeed": 70, "layer": 0, "bridge": "F", "tunnel": "F" }, "geometry": { "type": "MultiLineString", "coordinates": [ [ [ 79.9846354, 7.0934179 ], [ 79.9848345, 7.0933999 ] ] ] } },
{ "type": "Feature", "properties": { "osm_id": "397202891", "code": 5113, "fclass": "primary", "name": "Gampaha - Ja Ela Road", "ref": "AA033", "oneway": "B", "maxspeed": 70, "layer": 0, "bridge": "F", "tunnel": "F" }, "geometry": { "type": "MultiLineString", "coordinates": [ [ [ 79.9853593, 7.0933507 ], [ 79.9854175, 7.0933454 ] ] ] } },
{ "type": "Feature", "properties": { "osm_id": "397202892", "code": 5113, "fclass": "primary", "name": "Gampaha - Ja Ela Road", "ref": "AA033", "oneway": "B", "maxspeed": 70, "layer": 0, "bridge": "F", "tunnel": "F" }, "geometry": { "type": "MultiLineString", "coordinates": [ [ [ 79.9854907, 7.0933386 ], [ 79.9857172, 7.0933207 ] ] ] } },
{ "type": "Feature", "properties": { "osm_id": "397202885", "code": 5113, "fclass": "primary", "name": "Gampaha - Ja Ela Road", "ref": "AA033", "oneway": "B", "maxspeed": 70, "layer": 1, "bridge": "T", "tunnel": "F" }, "geometry": { "type": "MultiLineString", "coordinates": [ [ [ 79.9870305, 7.0932039 ], [ 79.9871125, 7.0931972 ] ] ] } },
{ "type": "Feature", "properties": { "osm_id": "397202888", "code": 5113, "fclass": "primary", "name": "Gampaha - Ja Ela Road", "ref": "AA033", "oneway": "B", "maxspeed": 70, "layer": 0, "bridge": "F", "tunnel": "F" }, "geometry": { "type": "MultiLineString", "coordinates": [ [ [ 79.9878806, 7.0931338 ], [ 79.9880511, 7.0931143 ] ] ] } },
{ "type": "Feature", "properties": { "osm_id": "397202881", "code": 5113, "fclass": "primary", "name": "Gampaha - Ja Ela Road", "ref": "AA033", "oneway": "B", "maxspeed": 70, "layer": 1, "bridge": "T", "tunnel": "F" }, "geometry": { "type": "MultiLineString", "coordinates": [ [ [ 79.9878007, 7.0931405 ], [ 79.9878806, 7.0931338 ] ] ] } },
{ "type": "Feature", "properties": { "osm_id": "397202882", "code": 5113, "fclass": "primary", "name": "Gampaha - Ja Ela Road", "ref": "AA033", "oneway": "B", "maxspeed": 70, "layer": 1, "bridge": "T", "tunnel": "F" }, "geometry": { "type": "MultiLineString", "coordinates": [ [ [ 79.9880511, 7.0931143 ], [ 79.988113, 7.0931028 ] ] ] } },
{ "type": "Feature", "properties": { "osm_id": "397202883", "code": 5113, "fclass": "primary", "name": "Gampaha - Ja Ela Road", "ref": "AA033", "oneway": "B", "maxspeed": 70, "layer": 1, "bridge": "T", "tunnel": "F" }, "geometry": { "type": "MultiLineString", "coordinates": [ [ [ 79.9852604, 7.0933588 ], [ 79.9853593, 7.0933507 ] ] ] } },
{ "type": "Feature", "properties": { "osm_id": "397202884", "code": 5113, "fclass": "primary", "name": "Gampaha - Ja Ela Road", "ref": "AA033", "oneway": "B", "maxspeed": 70, "layer": 1, "bridge": "T", "tunnel": "F" }, "geometry": { "type": "MultiLineString", "coordinates": [ [ [ 79.9854175, 7.0933454 ], [ 79.9854907, 7.0933386 ] ] ] } },
{ "type": "Feature", "properties": { "osm_id": "544518582", "code": 5112, "fclass": "trunk", "name": "High Level Road", "ref": "AA004", "oneway": "B", "maxspeed": 60, "layer": 0, "bridge": "F", "tunnel": "F" }, "geometry": { "type": "MultiLineString", "coordinates": [ [ [ 80.1880133, 6.9334717 ], [ 80.1881211, 6.9334643 ], [ 80.1887843, 6.9334732 ], [ 80.1892364, 6.9335134 ], [ 80.189396, 6.9335676 ], [ 80.1896867, 6.933763 ], [ 80.1900665, 6.9340631 ], [ 80.1902662, 6.9341781 ], [ 80.1904478, 6.9342274 ], [ 80.1906649, 6.9342398 ], [ 80.1912935, 6.9340486 ], [ 80.1916209, 6.9340015 ], [ 80.1918902, 6.9340731 ], [ 80.1920427, 6.9341779 ], [ 80.1922921, 6.9344894 ], [ 80.1925186, 6.9349399 ], [ 80.1926486, 6.9351755 ], [ 80.1929737, 6.9355975 ], [ 80.1933507, 6.9360364 ], [ 80.1937546, 6.9363902 ], [ 80.1939894, 6.9366858 ], [ 80.1940716, 6.9368298 ], [ 80.1944856, 6.9378206 ], [ 80.1945507, 6.9379325 ], [ 80.1947361, 6.9384738 ], [ 80.1948444, 6.9389785 ], [ 80.1949443, 6.9394497 ], [ 80.1951288, 6.9399757 ], [ 80.1951382, 6.9401048 ], [ 80.19531, 6.9402041 ], [ 80.195426, 6.9403248 ], [ 80.1955773, 6.9405538 ], [ 80.1957161, 6.9407184 ], [ 80.1959259, 6.9408384 ], [ 80.1961323, 6.9409004 ], [ 80.1961829, 6.940937 ], [ 80.1962551, 6.9410411 ], [ 80.1965386, 6.9417932 ], [ 80.1967302, 6.942123 ], [ 80.1970155, 6.9428387 ], [ 80.1972026, 6.9436937 ], [ 80.1973097, 6.9438514 ] ] ] } },
{ "type": "Feature", "properties": { "osm_id": "544518581", "code": 5112, "fclass": "trunk", "name": "High Level Road", "ref": "AA004", "oneway": "B", "maxspeed": 60, "layer": 1, "bridge": "T", "tunnel": "F" }, "geometry": { "type": "MultiLineString", "coordinates": [ [ [ 80.1773367, 6.9357774 ], [ 80.1775363, 6.9357663 ] ] ] } },
{ "type": "Feature", "properties": { "osm_id": "480882268", "code": 5112, "fclass": "trunk", "name": null, "ref": "AA001", "oneway": "F", "maxspeed": 60, "layer": 0, "bridge": "F", "tunnel": "F" }, "geometry": { "type": "MultiLineString", "coordinates": [ [ [ 79.8827371, 6.9565067 ], [ 79.8827282, 6.9565161 ], [ 79.8827213, 6.9565248 ] ] ] } },
{ "type": "Feature", "properties": { "osm_id": "480882264", "code": 5112, "fclass": "trunk", "name": "Colombo - Kandy Road", "ref": "AA001", "oneway": "F", "maxspeed": 60, "layer": 0, "bridge": "F", "tunnel": "F" }, "geometry": { "type": "MultiLineString", "coordinates": [ [ [ 79.8840175, 6.9559391 ], [ 79.8840335, 6.9559397 ], [ 79.8840494, 6.9559379 ], [ 79.8840649, 6.9559336 ], [ 79.8840794, 6.955927 ] ] ] } },
{ "type": "Feature", "properties": { "osm_id": "480882266", "code": 5112, "fclass": "trunk", "name": null, "ref": "AA001", "oneway": "F", "maxspeed": 60, "layer": 0, "bridge": "F", "tunnel": "F" }, "geometry": { "type": "MultiLineString", "coordinates": [ [ [ 79.8828294, 6.9566662 ], [ 79.8828436, 6.956651 ], [ 79.8828624, 6.9566269 ], [ 79.8828846, 6.9566002 ], [ 79.8829072, 6.9565684 ] ] ] } },
{ "type": "Feature", "properties": { "osm_id": "480882263", "code": 5112, "fclass": "trunk", "name": "Colombo - Kandy Road", "ref": "AA001", "oneway": "F", "maxspeed": 60, "layer": 0, "bridge": "F", "tunnel": "F" }, "geometry": { "type": "MultiLineString", "coordinates": [ [ [ 79.884039, 6.9557321 ], [ 79.8840211, 6.9557356 ], [ 79.8840048, 6.9557383 ], [ 79.8839891, 6.9557435 ] ] ] } },
{ "type": "Feature", "properties": { "osm_id": "112452709", "code": 5112, "fclass": "trunk", "name": "Colombo - Negombo Road", "ref": "AA003", "oneway": "F", "maxspeed": 60, "layer": 0, "bridge": "F", "tunnel": "F" }, "geometry": { "type": "MultiLineString", "coordinates": [ [ [ 79.8882962, 7.0925968 ], [ 79.8882671, 7.0926849 ], [ 79.8881928, 7.0928678 ], [ 79.888146, 7.0929817 ], [ 79.8880814, 7.0931047 ], [ 79.8879915, 7.0932567 ], [ 79.8878654, 7.0934771 ], [ 79.8877831, 7.0936171 ], [ 79.8877045, 7.0937679 ], [ 79.8876247, 7.0939318 ], [ 79.8875922, 7.0940157 ], [ 79.8875503, 7.0941281 ], [ 79.8875128, 7.0942548 ], [ 79.8874726, 7.0944135 ], [ 79.8873439, 7.0948425 ], [ 79.8873071, 7.0949609 ], [ 79.8872495, 7.0951101 ], [ 79.8871339, 7.0953858 ], [ 79.887059, 7.0955395 ], [ 79.8869618, 7.0957293 ], [ 79.8865465, 7.0965305 ], [ 79.8862025, 7.0971984 ], [ 79.8858884, 7.097737 ], [ 79.8856611, 7.0981578 ], [ 79.8855035, 7.0984299 ], [ 79.8854389, 7.0985512 ], [ 79.8853585, 7.0987048 ], [ 79.8853095, 7.0988032 ], [ 79.8852613, 7.098918 ], [ 79.8850912, 7.099454 ], [ 79.8850174, 7.0996762 ], [ 79.8849366, 7.0999267 ], [ 79.8848303, 7.1002106 ], [ 79.884774, 7.1003297 ], [ 79.8846133, 7.1006695 ], [ 79.884565, 7.1007696 ], [ 79.8844953, 7.1009133 ], [ 79.8844078, 7.1011273 ], [ 79.8843863, 7.1011864 ], [ 79.8843304, 7.1013397 ], [ 79.8842813, 7.1015813 ], [ 79.8842553, 7.101738 ], [ 79.8842294, 7.1019219 ], [ 79.8842014, 7.1021691 ], [ 79.884112, 7.1028302 ], [ 79.884039, 7.1033162 ], [ 79.8839756, 7.1037406 ], [ 79.8839275, 7.1040835 ], [ 79.8838827, 7.1044119 ], [ 79.8838692, 7.1046409 ], [ 79.8838649, 7.1047451 ], [ 79.8838626, 7.1048815 ], [ 79.8838635, 7.1051206 ], [ 79.8838731, 7.1055778 ], [ 79.8838779, 7.1060031 ], [ 79.8838776, 7.1062201 ], [ 79.8838867, 7.1065964 ], [ 79.8838893, 7.107056 ], [ 79.8838783, 7.107554 ], [ 79.8838616, 7.1077357 ], [ 79.8838462, 7.1078455 ], [ 79.8838295, 7.1079343 ], [ 79.8838066, 7.1080351 ], [ 79.8837862, 7.1081122 ], [ 79.8837307, 7.108298 ] ] ] } },
{ "type": "Feature", "properties": { "osm_id": "112446384", "code": 5112, "fclass": "trunk", "name": null, "ref": "AA002", "oneway": "F", "maxspeed": 60, "layer": 0, "bridge": "F", "tunnel": "F" }, "geometry": { "type": "MultiLineString", "coordinates": [ [ [ 79.8879981, 6.8022295 ], [ 79.8880585, 6.8020601 ], [ 79.888118, 6.8018841 ], [ 79.8882058, 6.8015443 ], [ 79.8883162, 6.8010758 ], [ 79.8884032, 6.8005582 ] ] ] } },
{ "type": "Feature", "properties": { "osm_id": "485808860", "code": 5112, "fclass": "trunk", "name": "Colombo - Kandy Road", "ref": "AA001", "oneway": "F", "maxspeed": 70, "layer": 0, "bridge": "F", "tunnel": "F" }, "geometry": { "type": "MultiLineString", "coordinates": [ [ [ 79.9662679, 7.0111131 ], [ 79.9663115, 7.011188 ], [ 79.966341, 7.0112503 ], [ 79.9663946, 7.011338 ], [ 79.9664194, 7.0113826 ], [ 79.9668378, 7.0121974 ], [ 79.9669172, 7.0123584 ], [ 79.9669546, 7.0124341 ], [ 79.9670013, 7.0125469 ], [ 79.9670372, 7.0126548 ], [ 79.967065, 7.0127709 ], [ 79.9670888, 7.0128871 ], [ 79.9671149, 7.0130008 ], [ 79.9671387, 7.0131054 ], [ 79.9671419, 7.0131194 ], [ 79.9671719, 7.0132262 ], [ 79.9672079, 7.0133297 ], [ 79.9672118, 7.0133408 ], [ 79.9672659, 7.0134542 ], [ 79.9673022, 7.0135186 ], [ 79.9673309, 7.0135695 ], [ 79.9674133, 7.0136957 ], [ 79.9675075, 7.0138209 ], [ 79.9675978, 7.0139221 ], [ 79.9676254, 7.0139468 ], [ 79.9677119, 7.0140242 ], [ 79.967825, 7.014114 ], [ 79.9679471, 7.0141863 ], [ 79.9680703, 7.0142478 ], [ 79.9682265, 7.0143099 ], [ 79.9683762, 7.014372 ], [ 79.9685419, 7.0144365 ], [ 79.9686832, 7.0144943 ], [ 79.968782, 7.0145383 ], [ 79.9688759, 7.0145888 ], [ 79.9689258, 7.0146214 ], [ 79.968947, 7.0146353 ], [ 79.9689883, 7.0146704 ], [ 79.9690261, 7.0147054 ], [ 79.9690456, 7.0147263 ], [ 79.9690984, 7.0147836 ], [ 79.9691464, 7.0148459 ], [ 79.9691763, 7.0148939 ], [ 79.9691878, 7.0149123 ], [ 79.9692357, 7.0149973 ], [ 79.969291, 7.0150982 ], [ 79.969348, 7.0152056 ], [ 79.9696468, 7.0157387 ], [ 79.9698784, 7.0161813 ], [ 79.9699327, 7.016285 ], [ 79.9699625, 7.016342 ], [ 79.9702418, 7.0168527 ], [ 79.9703276, 7.0170156 ], [ 79.9707126, 7.0177714 ], [ 79.971457, 7.0192752 ], [ 79.971513, 7.0193727 ], [ 79.9715637, 7.0194462 ], [ 79.9715773, 7.0194657 ], [ 79.971633, 7.0195374 ], [ 79.9716771, 7.0195909 ], [ 79.9717203, 7.0196365 ], [ 79.9717478, 7.0196613 ], [ 79.9717783, 7.0196888 ], [ 79.9718481, 7.019745 ], [ 79.9719388, 7.019809 ], [ 79.9720402, 7.0198743 ], [ 79.9721899, 7.0199601 ], [ 79.9723007, 7.0200295 ], [ 79.9723841, 7.0200865 ], [ 79.9724445, 7.0201301 ], [ 79.9725495, 7.0202145 ], [ 79.9729492, 7.0205715 ], [ 79.9731465, 7.0207552 ], [ 79.9732615, 7.0208623 ], [ 79.9734311, 7.0210176 ], [ 79.973514, 7.0210935 ], [ 79.9735898, 7.0211591 ], [ 79.9736666, 7.0212226 ], [ 79.9737562, 7.0212897 ], [ 79.9738094, 7.0213232 ], [ 79.9738705, 7.0213567 ], [ 79.973934, 7.0213916 ], [ 79.9740149, 7.0214211 ], [ 79.9741207, 7.0214544 ], [ 79.9743561, 7.0215252 ], [ 79.974558, 7.0215853 ], [ 79.9747049, 7.0216292 ], [ 79.9748262, 7.0216662 ], [ 79.9749177, 7.0216963 ], [ 79.9749795, 7.0217228 ], [ 79.9750342, 7.0217494 ], [ 79.9751148, 7.0217955 ], [ 79.9751748, 7.0218386 ], [ 79.9753402, 7.0219905 ], [ 79.9753727, 7.0220229 ], [ 79.9754503, 7.0221004 ], [ 79.9754974, 7.0221479 ], [ 79.9758232, 7.0224771 ], [ 79.9761087, 7.0227584 ], [ 79.9761644, 7.0228133 ], [ 79.9763856, 7.023036 ], [ 79.9767594, 7.0234232 ], [ 79.9770044, 7.0236968 ], [ 79.977034, 7.0237298 ], [ 79.9772511, 7.0239719 ], [ 79.9773842, 7.0241115 ], [ 79.9775238, 7.0242527 ], [ 79.9775965, 7.0243254 ], [ 79.9776635, 7.0243923 ], [ 79.9777357, 7.0244557 ], [ 79.977926, 7.0246228 ], [ 79.9780044, 7.0246916 ], [ 79.9781435, 7.0248147 ], [ 79.9782465, 7.0249059 ], [ 79.9785679, 7.0251887 ], [ 79.9786035, 7.0252199 ], [ 79.9787939, 7.0253944 ], [ 79.9789007, 7.0254922 ], [ 79.9789822, 7.0255668 ], [ 79.9793295, 7.0258785 ], [ 79.9794447, 7.0259813 ], [ 79.9796978, 7.0262072 ], [ 79.9797237, 7.0262309 ], [ 79.9801547, 7.0266261 ], [ 79.9803844, 7.0268367 ], [ 79.9807047, 7.0271372 ], [ 79.9807365, 7.0271671 ], [ 79.9807606, 7.0271892 ], [ 79.9808466, 7.0272681 ], [ 79.981099, 7.0274996 ], [ 79.9814871, 7.0278743 ], [ 79.9815858, 7.0279742 ], [ 79.9818716, 7.0282637 ], [ 79.9819542, 7.0283486 ], [ 79.9820681, 7.0284657 ], [ 79.9822431, 7.0286373 ], [ 79.9823338, 7.0287215 ], [ 79.9823742, 7.0287558 ], [ 79.9824304, 7.0288036 ], [ 79.9824883, 7.0288544 ], [ 79.9825542, 7.0289053 ], [ 79.9826456, 7.028967 ], [ 79.9827391, 7.0290249 ], [ 79.9829339, 7.0291444 ], [ 79.9831036, 7.0292515 ], [ 79.9831959, 7.0293164 ], [ 79.9832743, 7.0293763 ], [ 79.9833302, 7.0294216 ], [ 79.9833781, 7.0294669 ], [ 79.9834721, 7.0295575 ], [ 79.9836486, 7.0297387 ], [ 79.9840678, 7.0301494 ], [ 79.984217, 7.0302947 ], [ 79.9843678, 7.0304415 ], [ 79.9844788, 7.0305497 ], [ 79.9845225, 7.0305923 ], [ 79.9848215, 7.0308736 ], [ 79.9849517, 7.0310004 ], [ 79.9850592, 7.0311037 ], [ 79.9851228, 7.0311605 ], [ 79.9852689, 7.0312816 ], [ 79.9854497, 7.0314189 ], [ 79.9855491, 7.0314866 ], [ 79.9856701, 7.0315689 ], [ 79.986003, 7.0317873 ], [ 79.9863254, 7.0319803 ], [ 79.9864872, 7.0320761 ], [ 79.986658, 7.0321658 ], [ 79.9867705, 7.0322191 ], [ 79.986822, 7.0322435 ], [ 79.9869279, 7.0322899 ], [ 79.9869411, 7.0322958 ], [ 79.9870083, 7.0323257 ], [ 79.9871184, 7.0323793 ], [ 79.9872304, 7.0324454 ], [ 79.98733, 7.0325168 ], [ 79.9874318, 7.0326034 ], [ 79.9875411, 7.0327169 ], [ 79.9876427, 7.0328295 ], [ 79.9876634, 7.0328515 ], [ 79.9878729, 7.0330735 ], [ 79.9879649, 7.0331701 ], [ 79.9882164, 7.0334339 ], [ 79.9882664, 7.0334807 ], [ 79.9882905, 7.0335033 ], [ 79.9883838, 7.0335791 ], [ 79.988459, 7.0336354 ], [ 79.9885476, 7.0336929 ], [ 79.9887383, 7.0338078 ], [ 79.9889111, 7.0339029 ], [ 79.9889422, 7.03392 ], [ 79.9892136, 7.034059 ], [ 79.9892982, 7.0341024 ], [ 79.9896441, 7.0342862 ], [ 79.9899212, 7.0344424 ], [ 79.9901526, 7.0345827 ], [ 79.9903583, 7.0347204 ], [ 79.9903994, 7.0347527 ], [ 79.9904941, 7.0348271 ], [ 79.99057, 7.0348937 ], [ 79.9905952, 7.0349213 ], [ 79.9907077, 7.035042 ], [ 79.9907716, 7.0351291 ], [ 79.9908355, 7.0352221 ], [ 79.9910655, 7.0355586 ], [ 79.9912944, 7.0358959 ], [ 79.9913504, 7.0359885 ], [ 79.9914005, 7.0360792 ], [ 79.9914166, 7.0361117 ], [ 79.9914477, 7.0361747 ], [ 79.9914879, 7.0362693 ], [ 79.9915272, 7.0363843 ], [ 79.9915991, 7.0366082 ], [ 79.9917003, 7.0369471 ], [ 79.9917109, 7.0369802 ], [ 79.9917467, 7.0370918 ], [ 79.9917851, 7.0372117 ], [ 79.9918787, 7.037504 ], [ 79.9919359, 7.0376498 ], [ 79.991999, 7.0377975 ], [ 79.9920641, 7.0379296 ], [ 79.9921431, 7.038096 ], [ 79.9921687, 7.038144 ], [ 79.9922095, 7.0382219 ], [ 79.9922809, 7.0383519 ], [ 79.9923141, 7.0384188 ], [ 79.9923424, 7.0384847 ], [ 79.9923776, 7.0385732 ], [ 79.9924058, 7.0386588 ], [ 79.9924246, 7.0387403 ], [ 79.9924346, 7.0388208 ], [ 79.9924415, 7.0388944 ], [ 79.9924445, 7.0389798 ], [ 79.9924417, 7.0392094 ], [ 79.9924401, 7.0393416 ], [ 79.992437, 7.0394816 ], [ 79.9924363, 7.0397375 ], [ 79.9924364, 7.0401107 ], [ 79.9924381, 7.04023 ], [ 79.9924448, 7.0403338 ], [ 79.9924582, 7.0404243 ], [ 79.9924822, 7.0405425 ], [ 79.99251, 7.040651 ], [ 79.9925419, 7.0407474 ], [ 79.9925682, 7.0408123 ], [ 79.9925885, 7.0408601 ], [ 79.9925964, 7.0408788 ], [ 79.9926416, 7.0409717 ], [ 79.9926649, 7.0410174 ], [ 79.992699, 7.0410738 ], [ 79.9927315, 7.0411209 ], [ 79.9927675, 7.0411713 ], [ 79.9928166, 7.0412365 ], [ 79.9928572, 7.0412801 ], [ 79.9929048, 7.0413247 ], [ 79.9929585, 7.041372 ], [ 79.9930134, 7.0414199 ], [ 79.9930959, 7.0414864 ], [ 79.9931965, 7.0415576 ], [ 79.9933011, 7.0416269 ], [ 79.9934433, 7.0417027 ], [ 79.9936317, 7.0417912 ], [ 79.9937195, 7.0418418 ], [ 79.9938, 7.0418904 ], [ 79.9938771, 7.041949 ], [ 79.9939556, 7.0420115 ], [ 79.9940327, 7.0420767 ], [ 79.9941313, 7.0421712 ], [ 79.9942318, 7.0422804 ], [ 79.9942962, 7.0423542 ], [ 79.9943666, 7.0424301 ], [ 79.9944209, 7.04248 ], [ 79.9944759, 7.0425273 ], [ 79.9945329, 7.0425705 ], [ 79.9945989, 7.0426142 ], [ 79.9946804, 7.0426597 ], [ 79.9947877, 7.0427096 ], [ 79.9949285, 7.0427735 ], [ 79.9950828, 7.0428267 ], [ 79.9952692, 7.042892 ], [ 79.9953899, 7.0429392 ], [ 79.9955005, 7.0429818 ], [ 79.9956058, 7.0430317 ], [ 79.995699, 7.0430836 ], [ 79.9957909, 7.0431482 ], [ 79.9958546, 7.0431928 ], [ 79.9959156, 7.0432387 ], [ 79.9959739, 7.0432939 ], [ 79.9960698, 7.0433831 ], [ 79.9960849, 7.0434007 ], [ 79.9961335, 7.0434576 ], [ 79.9961945, 7.0435335 ], [ 79.9962354, 7.0435881 ], [ 79.996279, 7.0436546 ], [ 79.9963045, 7.0436999 ], [ 79.996332, 7.0437531 ], [ 79.9963555, 7.0438057 ], [ 79.9963729, 7.043843 ], [ 79.9963957, 7.0438915 ], [ 79.9964152, 7.0439448 ], [ 79.9964346, 7.0440073 ], [ 79.9964561, 7.0440699 ], [ 79.9964768, 7.0441557 ], [ 79.9964976, 7.0442516 ], [ 79.9965224, 7.0443926 ], [ 79.9965566, 7.0445597 ], [ 79.9965942, 7.0446808 ], [ 79.9966331, 7.0447813 ], [ 79.9966586, 7.0448472 ], [ 79.996684, 7.0449051 ], [ 79.9967055, 7.0449383 ], [ 79.9967323, 7.0449823 ], [ 79.9967625, 7.0450309 ], [ 79.996798, 7.0450868 ], [ 79.9968423, 7.0451513 ], [ 79.9968912, 7.0452218 ], [ 79.9969489, 7.0452924 ], [ 79.9970046, 7.0453529 ], [ 79.9971923, 7.0455426 ], [ 79.9975926, 7.0459585 ], [ 79.9977368, 7.0460823 ], [ 79.9977824, 7.0461209 ], [ 79.9978475, 7.0461682 ], [ 79.9979232, 7.0462194 ], [ 79.9979575, 7.0462387 ], [ 79.9979728, 7.0462474 ], [ 79.9980158, 7.0462713 ], [ 79.9980788, 7.0463073 ], [ 79.9981371, 7.0463365 ], [ 79.9981854, 7.0463578 ], [ 79.9982357, 7.0463805 ], [ 79.9982746, 7.0463984 ], [ 79.9983189, 7.0464151 ], [ 79.9983718, 7.046435 ], [ 79.9984724, 7.0464676 ], [ 79.9985562, 7.0464889 ], [ 79.9986856, 7.0465142 ], [ 79.9988218, 7.0465442 ], [ 79.9989586, 7.0465868 ], [ 79.9990129, 7.0466047 ], [ 79.9990658, 7.0466267 ], [ 79.9991249, 7.046654 ], [ 79.9991725, 7.0466779 ], [ 79.9992207, 7.0467052 ], [ 79.9992684, 7.0467312 ], [ 79.9993099, 7.0467538 ], [ 79.9993542, 7.0467818 ], [ 79.9993944, 7.046807 ], [ 79.9994427, 7.046843 ], [ 79.9995165, 7.0469035 ], [ 79.9997317, 7.0471172 ], [ 80.0000017, 7.0474745 ], [ 80.0000246, 7.0475064 ], [ 80.0000911, 7.0475936 ], [ 80.0002788, 7.047864 ], [ 80.000325, 7.0479315 ], [ 80.0004395, 7.0480989 ], [ 80.0004899, 7.0481727 ], [ 80.0006944, 7.0484924 ], [ 80.0007522, 7.048585 ], [ 80.0009112, 7.0488397 ], [ 80.0010095, 7.0489966 ], [ 80.0010591, 7.049078 ], [ 80.0011116, 7.0491555 ], [ 80.0011743, 7.0492402 ], [ 80.001243, 7.0493238 ], [ 80.0012835, 7.0493693 ], [ 80.0013016, 7.0493908 ], [ 80.0013239, 7.0494148 ], [ 80.00136, 7.0494504 ], [ 80.001409, 7.0494932 ], [ 80.0014678, 7.0495394 ], [ 80.0015088, 7.0495691 ], [ 80.0015428, 7.0495937 ], [ 80.0018059, 7.0497792 ], [ 80.0019327, 7.0498698 ], [ 80.0020476, 7.0499519 ], [ 80.0020596, 7.0499605 ], [ 80.0021254, 7.0500106 ], [ 80.0021856, 7.0500608 ], [ 80.0022433, 7.0501118 ], [ 80.0023088, 7.0501716 ], [ 80.0023447, 7.0502084 ], [ 80.0023774, 7.0502435 ], [ 80.0024078, 7.0502796 ], [ 80.0025342, 7.0504294 ], [ 80.0027072, 7.0506236 ], [ 80.0027471, 7.0506689 ], [ 80.0027988, 7.0507276 ], [ 80.0029002, 7.0508332 ], [ 80.0029255, 7.0508579 ], [ 80.0031754, 7.0511019 ], [ 80.003301, 7.051232 ], [ 80.0033991, 7.0513428 ], [ 80.0034111, 7.0513563 ], [ 80.0034784, 7.0514363 ], [ 80.0035367, 7.0515122 ], [ 80.0036009, 7.0516021 ], [ 80.0036344, 7.0516489 ], [ 80.0037469, 7.0518063 ], [ 80.0039574, 7.0520972 ], [ 80.0041376, 7.0523396 ], [ 80.0042282, 7.0524587 ], [ 80.0042785, 7.05252 ], [ 80.0043266, 7.052576 ], [ 80.0043873, 7.0526354 ], [ 80.0044613, 7.0527031 ], [ 80.0045379, 7.0527654 ], [ 80.0048942, 7.053018 ], [ 80.0051913, 7.0532291 ], [ 80.0052122, 7.0532433 ], [ 80.0054298, 7.0533772 ], [ 80.0054468, 7.0533877 ], [ 80.0057078, 7.0535489 ], [ 80.0057574, 7.0535801 ], [ 80.0058656, 7.0536482 ], [ 80.0059766, 7.0537181 ], [ 80.006092, 7.0538012 ], [ 80.0062277, 7.0539082 ], [ 80.0063717, 7.054035 ], [ 80.0065035, 7.0541644 ], [ 80.0066427, 7.0542933 ], [ 80.006721, 7.0543598 ], [ 80.0068124, 7.0544255 ], [ 80.0069012, 7.054484 ], [ 80.0069991, 7.0545399 ], [ 80.007109, 7.0545945 ], [ 80.0071943, 7.0546298 ], [ 80.0074182, 7.0547243 ], [ 80.0075436, 7.0547782 ], [ 80.0076684, 7.0548288 ], [ 80.0078112, 7.0549033 ], [ 80.0079138, 7.0549685 ], [ 80.0079909, 7.0550271 ], [ 80.0080365, 7.0550697 ], [ 80.0080754, 7.0551109 ], [ 80.0081183, 7.0551568 ], [ 80.0081612, 7.0552074 ], [ 80.0082021, 7.0552613 ], [ 80.0082336, 7.0553112 ], [ 80.0082638, 7.0553571 ], [ 80.0082926, 7.055409 ], [ 80.0083175, 7.055459 ], [ 80.0083362, 7.0555009 ], [ 80.0083526, 7.0555555 ] ] ] } },
{ "type": "Feature", "properties": { "osm_id": "485808861", "code": 5112, "fclass": "trunk", "name": "Colombo - Kandy Road", "ref": "AA001", "oneway": "F", "maxspeed": 70, "layer": 0, "bridge": "F", "tunnel": "F" }, "geometry": { "type": "MultiLineString", "coordinates": [ [ [ 79.9906425, 7.0348823 ], [ 79.9905726, 7.0348161 ], [ 79.9905346, 7.0347845 ], [ 79.9904995, 7.0347554 ], [ 79.9904167, 7.0346931 ], [ 79.9902881, 7.034606 ], [ 79.9902007, 7.0345489 ], [ 79.9899443, 7.0343949 ], [ 79.9899026, 7.0343712 ], [ 79.989791, 7.0343079 ], [ 79.9897169, 7.0342658 ], [ 79.9893702, 7.0340797 ], [ 79.9893317, 7.034059 ], [ 79.9892427, 7.0340119 ], [ 79.9891518, 7.0339639 ], [ 79.9889871, 7.0338768 ], [ 79.9887798, 7.0337654 ], [ 79.9885989, 7.0336539 ], [ 79.9884136, 7.0335173 ], [ 79.9882822, 7.0334025 ], [ 79.9881865, 7.0333102 ], [ 79.9881022, 7.0332188 ], [ 79.9879719, 7.0330817 ], [ 79.9877322, 7.03283 ], [ 79.9876091, 7.0326902 ], [ 79.9875423, 7.0326182 ], [ 79.9874754, 7.0325479 ], [ 79.9874228, 7.0324998 ], [ 79.9873742, 7.0324615 ], [ 79.9873207, 7.0324231 ], [ 79.9872461, 7.0323766 ], [ 79.9871025, 7.0322991 ], [ 79.9869688, 7.0322352 ], [ 79.986942, 7.0322224 ], [ 79.9868077, 7.0321613 ], [ 79.9867262, 7.0321243 ], [ 79.9864827, 7.0319953 ], [ 79.986203, 7.0318287 ], [ 79.9860842, 7.031758 ], [ 79.985573, 7.0314204 ], [ 79.9853634, 7.0312661 ], [ 79.985175, 7.0311167 ], [ 79.9851251, 7.0310731 ], [ 79.9848799, 7.0308362 ], [ 79.9848043, 7.0307654 ], [ 79.9844134, 7.0303992 ], [ 79.9843627, 7.0303518 ], [ 79.9840369, 7.0300242 ], [ 79.9837112, 7.0296966 ], [ 79.9836072, 7.0295894 ], [ 79.9835023, 7.0294823 ], [ 79.9834031, 7.029381 ], [ 79.9832656, 7.0292739 ], [ 79.9831193, 7.0291671 ], [ 79.9829542, 7.0290574 ], [ 79.9827913, 7.0289558 ], [ 79.9826452, 7.0288523 ], [ 79.9825717, 7.0287979 ], [ 79.9825072, 7.0287494 ], [ 79.9824194, 7.0286783 ], [ 79.982375, 7.0286413 ], [ 79.9823286, 7.0285965 ], [ 79.9822157, 7.0284874 ], [ 79.9820393, 7.0283115 ], [ 79.9820207, 7.0282932 ], [ 79.9816451, 7.0279243 ], [ 79.9811485, 7.0274427 ], [ 79.9809033, 7.0272135 ], [ 79.9808734, 7.0271856 ], [ 79.9807646, 7.027084 ], [ 79.9805983, 7.0269286 ], [ 79.9803323, 7.026681 ], [ 79.9800288, 7.0263984 ], [ 79.9796677, 7.0260793 ], [ 79.9794596, 7.025889 ], [ 79.9789889, 7.0254584 ], [ 79.9789538, 7.0254266 ], [ 79.9788513, 7.0253337 ], [ 79.9785473, 7.025058 ], [ 79.978169, 7.024716 ], [ 79.977984, 7.0245509 ], [ 79.9778028, 7.0243839 ], [ 79.9776677, 7.0242593 ], [ 79.9774894, 7.0240771 ], [ 79.9773176, 7.0238932 ], [ 79.9771523, 7.0237126 ], [ 79.9764374, 7.0229821 ], [ 79.9761882, 7.0227325 ], [ 79.9761624, 7.0227067 ], [ 79.9760298, 7.0225742 ], [ 79.9759619, 7.0225063 ], [ 79.9757022, 7.0222341 ], [ 79.9756004, 7.022125 ], [ 79.9754901, 7.0220167 ], [ 79.9754084, 7.021936 ], [ 79.9753211, 7.0218565 ], [ 79.9751977, 7.0217687 ], [ 79.9751447, 7.0217297 ], [ 79.9751039, 7.0217028 ], [ 79.9750342, 7.0216638 ], [ 79.9749708, 7.0216369 ], [ 79.974909, 7.021611 ], [ 79.9748338, 7.0215871 ], [ 79.9747588, 7.0215615 ], [ 79.9746505, 7.0215264 ], [ 79.9744115, 7.0214582 ], [ 79.9741745, 7.0213881 ], [ 79.9740766, 7.0213562 ], [ 79.9739954, 7.0213262 ], [ 79.9739173, 7.0212914 ], [ 79.973849, 7.0212545 ], [ 79.9737787, 7.0212113 ], [ 79.9737065, 7.0211583 ], [ 79.9736481, 7.0211102 ], [ 79.9735916, 7.0210621 ], [ 79.9735311, 7.021006 ], [ 79.9734863, 7.0209645 ], [ 79.9734052, 7.0208893 ], [ 79.9732266, 7.0207206 ], [ 79.9731945, 7.0206918 ], [ 79.9728267, 7.020362 ], [ 79.972629, 7.0201845 ], [ 79.9725158, 7.0200903 ], [ 79.9724573, 7.0200443 ], [ 79.9723868, 7.0199952 ], [ 79.9722741, 7.0199256 ], [ 79.9721593, 7.0198608 ], [ 79.9720436, 7.0197921 ], [ 79.9719397, 7.0197234 ], [ 79.9718476, 7.01965 ], [ 79.9717811, 7.0195861 ], [ 79.9717733, 7.0195786 ], [ 79.9717109, 7.0195101 ], [ 79.9716643, 7.0194455 ], [ 79.9716329, 7.0194035 ], [ 79.9716192, 7.0193851 ], [ 79.9715788, 7.0193258 ], [ 79.9715444, 7.019269 ], [ 79.9715136, 7.0192109 ], [ 79.9714058, 7.0189942 ], [ 79.9713004, 7.0187823 ], [ 79.9706706, 7.0174575 ], [ 79.9704828, 7.0171014 ], [ 79.9703102, 7.0168197 ], [ 79.9701732, 7.0165718 ], [ 79.970147, 7.0165231 ], [ 79.9699988, 7.0162484 ], [ 79.969887, 7.0160412 ], [ 79.9698518, 7.0159759 ], [ 79.9695461, 7.0154007 ], [ 79.9693931, 7.0151199 ], [ 79.9693126, 7.0149678 ], [ 79.969245, 7.0148529 ], [ 79.9692382, 7.0148429 ], [ 79.9692117, 7.0148045 ], [ 79.9691768, 7.0147586 ], [ 79.9691363, 7.0147063 ], [ 79.9691116, 7.0146771 ], [ 79.9690913, 7.0146557 ], [ 79.9690236, 7.0145951 ], [ 79.9689792, 7.0145586 ], [ 79.9689322, 7.0145269 ], [ 79.9689151, 7.0145173 ], [ 79.9688483, 7.0144797 ], [ 79.9687475, 7.0144315 ], [ 79.9685686, 7.0143538 ], [ 79.968447, 7.0143112 ], [ 79.968213, 7.0142225 ], [ 79.9680847, 7.0141679 ], [ 79.9680063, 7.0141292 ], [ 79.9679289, 7.0140817 ], [ 79.9678056, 7.0139942 ], [ 79.9677605, 7.0139585 ], [ 79.9677059, 7.0139152 ], [ 79.9676799, 7.0138895 ], [ 79.9676229, 7.0138333 ], [ 79.9675509, 7.0137547 ], [ 79.9674799, 7.0136651 ], [ 79.9674177, 7.0135734 ], [ 79.9673686, 7.0134955 ], [ 79.9673255, 7.0134196 ], [ 79.9672842, 7.0133325 ], [ 79.9672508, 7.0132453 ], [ 79.9672254, 7.0131579 ], [ 79.967203, 7.0130715 ], [ 79.967175, 7.0129202 ], [ 79.9671537, 7.012789 ], [ 79.9671285, 7.0126725 ], [ 79.9670849, 7.0125373 ], [ 79.9670314, 7.0124021 ], [ 79.9669963, 7.0123247 ], [ 79.9669763, 7.0122807 ], [ 79.9669152, 7.0121515 ], [ 79.9667264, 7.0117774 ], [ 79.9666791, 7.0116836 ], [ 79.9664902, 7.0113531 ], [ 79.9663717, 7.0111547 ], [ 79.9663311, 7.0110799 ], [ 79.9662074, 7.0108505 ] ] ] } },
{ "type": "Feature", "properties": { "osm_id": "112446386", "code": 5112, "fclass": "trunk", "name": "Galle Road", "ref": "AA002", "oneway": "F", "maxspeed": 50, "layer": 0, "bridge": "F", "tunnel": "F" }, "geometry": { "type": "MultiLineString", "coordinates": [ [ [ 79.8846547, 6.7869691 ], [ 79.8846582, 6.7869987 ], [ 79.8846611, 6.787041 ], [ 79.8847203, 6.7872378 ], [ 79.8848378, 6.7876281 ], [ 79.8849533, 6.7879997 ], [ 79.8849446, 6.7880242 ], [ 79.8849414, 6.7880499 ], [ 79.8849458, 6.7880833 ], [ 79.8849595, 6.7881141 ], [ 79.8849849, 6.788143 ], [ 79.8850185, 6.7881625 ], [ 79.8855003, 6.7892734 ], [ 79.8855369, 6.7893684 ], [ 79.8855703, 6.789455 ], [ 79.8858461, 6.7900717 ], [ 79.8859706, 6.7903838 ], [ 79.88635, 6.791335 ], [ 79.8864238, 6.7915448 ], [ 79.8865687, 6.7919648 ], [ 79.8869009, 6.7928436 ], [ 79.8870078, 6.7931265 ], [ 79.8872825, 6.7938442 ], [ 79.8874363, 6.794246 ], [ 79.8874767, 6.7943515 ], [ 79.8875986, 6.7946694 ], [ 79.8877374, 6.7949529 ], [ 79.8877744, 6.7950376 ], [ 79.8877985, 6.7950972 ], [ 79.8879096, 6.7953919 ], [ 79.8881988, 6.7961589 ], [ 79.8883077, 6.7964398 ], [ 79.8883495, 6.7966146 ], [ 79.8883683, 6.7966895 ], [ 79.888404, 6.7968458 ], [ 79.8884552, 6.7972849 ], [ 79.8884721, 6.7974295 ] ] ] } },
{ "type": "Feature", "properties": { "osm_id": "485635128", "code": 5112, "fclass": "trunk", "name": "Colombo - Kandy Road", "ref": "AA001", "oneway": "F", "maxspeed": 60, "layer": 0, "bridge": "F", "tunnel": "F" }, "geometry": { "type": "MultiLineString", "coordinates": [ [ [ 80.0970024, 7.1465373 ], [ 80.0969891, 7.1465059 ], [ 80.0966042, 7.1460657 ], [ 80.0964071, 7.1457491 ], [ 80.0963353, 7.1456061 ], [ 80.095648, 7.143901 ], [ 80.0953374, 7.1430737 ], [ 80.0947559, 7.1420957 ], [ 80.0946003, 7.141838 ], [ 80.0941505, 7.1410933 ], [ 80.0940635, 7.1409202 ], [ 80.0939636, 7.1406408 ], [ 80.0937431, 7.1396209 ], [ 80.0935927, 7.1391604 ] ] ] } },
{ "type": "Feature", "properties": { "osm_id": "485635126", "code": 5112, "fclass": "trunk", "name": "Colombo - Kandy Road", "ref": "AA001", "oneway": "B", "maxspeed": 70, "layer": 0, "bridge": "F", "tunnel": "F" }, "geometry": { "type": "MultiLineString", "coordinates": [ [ [ 80.1531822, 7.1956868 ], [ 80.1539332, 7.1969586 ], [ 80.1543988, 7.1977472 ], [ 80.1545291, 7.1979871 ], [ 80.1546668, 7.198208 ], [ 80.1548339, 7.198418 ], [ 80.1550138, 7.1986046 ], [ 80.1552337, 7.198804 ], [ 80.1553796, 7.1989305 ], [ 80.1554875, 7.1990113 ], [ 80.1555945, 7.1990822 ], [ 80.1557237, 7.1991744 ], [ 80.1558766, 7.1992611 ], [ 80.1560435, 7.1993568 ], [ 80.1561884, 7.1994204 ], [ 80.1564032, 7.1995189 ], [ 80.1566635, 7.1996035 ], [ 80.1568957, 7.1996925 ], [ 80.1571418, 7.1997771 ], [ 80.1574015, 7.1998659 ], [ 80.1580013, 7.2000767 ], [ 80.1581932, 7.2001443 ], [ 80.1583976, 7.2001913 ], [ 80.1585509, 7.2001996 ], [ 80.1586976, 7.2001919 ], [ 80.1588919, 7.200166 ], [ 80.159097150316811, 7.200135826694764 ] ], [ [ 80.167152855009732, 7.201082584330421 ], [ 80.1672394, 7.2010847 ], [ 80.1678026, 7.2010967 ], [ 80.1682286, 7.2010551 ], [ 80.1684914, 7.2010194 ], [ 80.1687272, 7.2009915 ], [ 80.1689509, 7.200938 ], [ 80.169107, 7.2009013 ], [ 80.1692237, 7.2008716 ], [ 80.1692969, 7.2008595 ], [ 80.1695109, 7.2008555 ], [ 80.1696665, 7.2008901 ], [ 80.1699313, 7.2009824 ], [ 80.1699947, 7.2010045 ], [ 80.17009, 7.2010327 ], [ 80.1703692, 7.2011269 ], [ 80.1705999, 7.2012121 ], [ 80.1708118, 7.2012759 ], [ 80.1709992, 7.2013161 ], [ 80.1711336, 7.2013717 ], [ 80.1712605, 7.2014455 ], [ 80.1714145, 7.2015948 ], [ 80.1714963, 7.201731 ], [ 80.1716049, 7.2019056 ], [ 80.1717125, 7.2021246 ], [ 80.1718396, 7.2023223 ], [ 80.1720456, 7.2026384 ], [ 80.1727081, 7.2035911 ], [ 80.1728315, 7.2037534 ], [ 80.1730729, 7.2040275 ], [ 80.1736925, 7.2046821 ], [ 80.1740776, 7.2051005 ], [ 80.1741477, 7.2051519 ], [ 80.1748528, 7.2058923 ], [ 80.1755406, 7.2065768 ], [ 80.1759619, 7.2070154 ], [ 80.1766263, 7.2076708 ], [ 80.177351, 7.2083862 ], [ 80.1775173, 7.2085592 ], [ 80.1775817, 7.2086277 ], [ 80.1777399, 7.2087694 ], [ 80.1779706, 7.208945 ], [ 80.1785178, 7.2093123 ], [ 80.1788021, 7.2095597 ], [ 80.1790167, 7.2097832 ], [ 80.1791937, 7.2100148 ], [ 80.1793841, 7.2103154 ], [ 80.1799152, 7.2111962 ], [ 80.1805911, 7.2122952 ], [ 80.180702, 7.2124566 ], [ 80.1807842, 7.2125858 ], [ 80.1808737, 7.2126933 ], [ 80.1809961, 7.2128301 ], [ 80.1811517, 7.213003 ], [ 80.1813047, 7.213167 ], [ 80.1813851, 7.2132612 ], [ 80.1814816, 7.2133889 ], [ 80.1815674, 7.2135166 ], [ 80.1816808, 7.213759 ], [ 80.1817425, 7.2139079 ], [ 80.1818062, 7.2140595 ], [ 80.1818705, 7.2141925 ], [ 80.1819778, 7.2143415 ], [ 80.1821267, 7.2144992 ], [ 80.1823248, 7.2147143 ], [ 80.1828978, 7.2154032 ], [ 80.1830641, 7.2155869 ], [ 80.1835536, 7.2161568 ], [ 80.1837736, 7.2164139 ], [ 80.1838151, 7.2164623 ], [ 80.1842336, 7.2169439 ], [ 80.1847083, 7.2175214 ], [ 80.1847311, 7.2175476 ], [ 80.1847941, 7.2176198 ], [ 80.1851992, 7.2180509 ], [ 80.185624, 7.2184398 ], [ 80.1864142, 7.2191632 ], [ 80.1868568, 7.2195916 ], [ 80.1872752, 7.2199615 ], [ 80.1875273, 7.2201797 ], [ 80.1878177, 7.2204134 ], [ 80.1878733, 7.2204537 ], [ 80.188270399966598, 7.22071317855438 ] ] ] } },
{ "type": "Feature", "properties": { "osm_id": "112446377", "code": 5112, "fclass": "trunk", "name": null, "ref": "AA002", "oneway": "F", "maxspeed": 60, "layer": 0, "bridge": "F", "tunnel": "F" }, "geometry": { "type": "MultiLineString", "coordinates": [ [ [ 79.8884721, 6.7974295 ], [ 79.8884917, 6.7977867 ], [ 79.8885016, 6.7982058 ], [ 79.8884872, 6.7985992 ], [ 79.8884359, 6.7991652 ], [ 79.888435, 6.7992619 ], [ 79.8884318, 6.799306 ], [ 79.8883985, 6.7997661 ], [ 79.8883932, 6.7998537 ], [ 79.8883269, 6.8003856 ], [ 79.8883057, 6.8005468 ], [ 79.8882421, 6.8008705 ], [ 79.888208, 6.801044 ], [ 79.8880974, 6.8014933 ] ] ] } },
{ "type": "Feature", "properties": { "osm_id": "485635127", "code": 5112, "fclass": "trunk", "name": "Colombo - Kandy Road", "ref": "AA001", "oneway": "F", "maxspeed": 60, "layer": 0, "bridge": "F", "tunnel": "F" }, "geometry": { "type": "MultiLineString", "coordinates": [ [ [ 80.0935122, 7.1391905 ], [ 80.0935492, 7.1392697 ], [ 80.0936423, 7.139624 ], [ 80.0938827, 7.1407018 ], [ 80.0940444, 7.1410966 ], [ 80.0942572, 7.1414487 ], [ 80.0946648, 7.1421568 ], [ 80.0952317, 7.1430939 ], [ 80.0955565, 7.1438836 ], [ 80.0957443, 7.14438 ], [ 80.0962546, 7.1456303 ], [ 80.0963601, 7.1458291 ], [ 80.0965517, 7.1461039 ], [ 80.0967758, 7.1463547 ], [ 80.0970024, 7.1465373 ] ] ] } },
{ "type": "Feature", "properties": { "osm_id": "112453459", "code": 5113, "fclass": "primary", "name": "Gampaha - Ja Ela Road", "ref": "AA033", "oneway": "F", "maxspeed": 50, "layer": 0, "bridge": "F", "tunnel": "F" }, "geometry": { "type": "MultiLineString", "coordinates": [ [ [ 79.8912151, 7.081241 ], [ 79.8911376, 7.0811789 ], [ 79.891026, 7.081087 ], [ 79.8909472, 7.0810201 ], [ 79.8909127, 7.0809856 ], [ 79.890882, 7.0809512 ], [ 79.8907857, 7.0808535 ] ] ] } },
{ "type": "Feature", "properties": { "osm_id": "378845991", "code": 5112, "fclass": "trunk", "name": "Sri Sambuddhathva Jayanthi Mawatha", "ref": "AA004", "oneway": "B", "maxspeed": 50, "layer": 0, "bridge": "F", "tunnel": "F" }, "geometry": { "type": "MultiLineString", "coordinates": [ [ [ 79.8599922, 6.8966271 ], [ 79.8599549, 6.8966833 ], [ 79.8599368, 6.8967168 ] ] ] } },
{ "type": "Feature", "properties": { "osm_id": "378850683", "code": 5112, "fclass": "trunk", "name": "Dharmarama Road", "ref": "AA002", "oneway": "F", "maxspeed": 60, "layer": 0, "bridge": "F", "tunnel": "F" }, "geometry": { "type": "MultiLineString", "coordinates": [ [ [ 79.8605173, 6.8795566 ], [ 79.8600267, 6.879448 ], [ 79.8599708, 6.8794352 ], [ 79.8598221, 6.8793914 ] ] ] } },
{ "type": "Feature", "properties": { "osm_id": "505196899", "code": 5112, "fclass": "trunk", "name": "High Level Road", "ref": "AA004", "oneway": "B", "maxspeed": 60, "layer": 1, "bridge": "T", "tunnel": "F" }, "geometry": { "type": "MultiLineString", "coordinates": [ [ [ 80.0618556, 6.8555295 ], [ 80.0616677, 6.8554733 ] ] ] } },
{ "type": "Feature", "properties": { "osm_id": "505196901", "code": 5112, "fclass": "trunk", "name": "High Level Road", "ref": "AA004", "oneway": "B", "maxspeed": 60, "layer": 0, "bridge": "F", "tunnel": "F" }, "geometry": { "type": "MultiLineString", "coordinates": [ [ [ 80.0206962, 6.8484396 ], [ 80.0211665, 6.8485093 ], [ 80.0221369, 6.8486639 ], [ 80.02276, 6.8487686 ], [ 80.0234225, 6.8490013 ], [ 80.0234703, 6.8490182 ], [ 80.0236961, 6.8491025 ], [ 80.0239277, 6.8492213 ], [ 80.0241608, 6.849472 ], [ 80.0242682, 6.84969 ], [ 80.0244238, 6.8501696 ], [ 80.0245294, 6.8504498 ], [ 80.0246342, 6.8506267 ], [ 80.0248293, 6.8508329 ], [ 80.0251195, 6.8510473 ], [ 80.0253425, 6.8511386 ], [ 80.0256693, 6.8512374 ], [ 80.0261307, 6.8513267 ], [ 80.0265784, 6.851409 ], [ 80.0273219, 6.8514813 ], [ 80.027568, 6.8514871 ], [ 80.0283175, 6.8513976 ], [ 80.0293229, 6.8512832 ], [ 80.0296882, 6.8512288 ], [ 80.0297859, 6.8512157 ], [ 80.0302526, 6.8511891 ], [ 80.030443, 6.8511971 ], [ 80.0307309, 6.851246 ], [ 80.0311099, 6.8513552 ], [ 80.0317816, 6.8514953 ], [ 80.0327266, 6.8516836 ], [ 80.034295, 6.8520558 ], [ 80.0352013, 6.8523393 ], [ 80.0357114, 6.8525458 ], [ 80.0363285, 6.8527957 ], [ 80.036624, 6.8528969 ], [ 80.0366908, 6.8529162 ], [ 80.0370748, 6.8529991 ], [ 80.0375795, 6.8530798 ], [ 80.0375908, 6.8530808 ], [ 80.039038, 6.8531996 ], [ 80.0396271, 6.8532449 ], [ 80.0399537, 6.8532382 ], [ 80.0401614, 6.8532043 ], [ 80.0404937, 6.8531392 ], [ 80.0406303, 6.8531098 ], [ 80.0410886, 6.8529778 ], [ 80.0417592, 6.8527848 ], [ 80.0434783, 6.8523366 ], [ 80.0444269, 6.8520893 ], [ 80.0449234, 6.8519659 ], [ 80.0455007, 6.8518224 ], [ 80.0470866, 6.8514069 ], [ 80.0481775, 6.8511207 ], [ 80.0483452, 6.8510887 ], [ 80.0487247, 6.8510741 ], [ 80.0491633, 6.8511273 ], [ 80.049386, 6.8511826 ], [ 80.0502804, 6.8515967 ], [ 80.0505902, 6.8516366 ], [ 80.0508022, 6.8516172 ], [ 80.0511832, 6.8515406 ], [ 80.0515047, 6.851476 ], [ 80.0516871, 6.8514866 ], [ 80.052025, 6.8516251 ], [ 80.0521269, 6.8517583 ], [ 80.0523952, 6.8522429 ], [ 80.0528615, 6.8529485 ], [ 80.0532374, 6.8534573 ], [ 80.0535056, 6.8537502 ], [ 80.0536397, 6.8538727 ], [ 80.0539286, 6.8540609 ], [ 80.0542398, 6.8542383 ], [ 80.0548892, 6.8545335 ], [ 80.0549403, 6.8545489 ], [ 80.0550242, 6.8545774 ], [ 80.0557089, 6.8548104 ], [ 80.0560054, 6.8549113 ], [ 80.0565786, 6.8550686 ], [ 80.0572929, 6.8552149 ], [ 80.0578883, 6.8552735 ], [ 80.0587505, 6.855208 ], [ 80.0595569, 6.8551367 ], [ 80.0601406, 6.8551538 ], [ 80.060568, 6.8552432 ], [ 80.0616677, 6.8554733 ] ] ] } },
{ "type": "Feature", "properties": { "osm_id": "553338377", "code": 5112, "fclass": "trunk", "name": "Galle Road", "ref": "AA002", "oneway": "F", "maxspeed": 60, "layer": 1, "bridge": "T", "tunnel": "F" }, "geometry": { "type": "MultiLineString", "coordinates": [ [ [ 79.842625, 6.9296772 ], [ 79.8424356, 6.9302511 ] ] ] } },
{ "type": "Feature", "properties": { "osm_id": "378862965", "code": 5115, "fclass": "tertiary", "name": "Chatham Street", "ref": "AA001", "oneway": "B", "maxspeed": 40, "layer": 0, "bridge": "F", "tunnel": "F" }, "geometry": { "type": "MultiLineString", "coordinates": [ [ [ 79.8446297, 6.9343656 ], [ 79.843475, 6.9346045 ], [ 79.8429167, 6.9347231 ] ] ] } },
{ "type": "Feature", "properties": { "osm_id": "553338378", "code": 5112, "fclass": "trunk", "name": "Galle Road", "ref": "AA002", "oneway": "F", "maxspeed": 60, "layer": 0, "bridge": "F", "tunnel": "F" }, "geometry": { "type": "MultiLineString", "coordinates": [ [ [ 79.8424356, 6.9302511 ], [ 79.8422808, 6.9307499 ], [ 79.8422255, 6.9309117 ], [ 79.8422107, 6.9309461 ], [ 79.8420905, 6.9312856 ] ] ] } },
{ "type": "Feature", "properties": { "osm_id": "553338379", "code": 5112, "fclass": "trunk", "name": "Galle Road", "ref": "AA002", "oneway": "F", "maxspeed": 60, "layer": 0, "bridge": "F", "tunnel": "F" }, "geometry": { "type": "MultiLineString", "coordinates": [ [ [ 79.8427086, 6.929702 ], [ 79.8427243, 6.9296465 ], [ 79.8427521, 6.9295707 ], [ 79.8427596, 6.9295331 ], [ 79.8428369, 6.9292889 ], [ 79.8429773, 6.9288458 ], [ 79.8431666, 6.9285014 ], [ 79.843321, 6.9283046 ], [ 79.8437131, 6.9279292 ], [ 79.8438645, 6.92777 ], [ 79.8439756, 6.9276562 ], [ 79.8441494, 6.9274133 ], [ 79.8443135, 6.9271378 ], [ 79.8444338, 6.9268799 ], [ 79.8446877, 6.9261181 ], [ 79.8449726, 6.9252653 ], [ 79.8451173, 6.924832 ], [ 79.8455558, 6.9236549 ], [ 79.8457146, 6.9232616 ], [ 79.846038, 6.9223821 ], [ 79.8460788, 6.9222756 ], [ 79.846431, 6.9213614 ], [ 79.8465133, 6.9211478 ] ] ] } },
{ "type": "Feature", "properties": { "osm_id": "553338380", "code": 5112, "fclass": "trunk", "name": "Galle Road", "ref": "AA002", "oneway": "F", "maxspeed": 60, "layer": 1, "bridge": "T", "tunnel": "F" }, "geometry": { "type": "MultiLineString", "coordinates": [ [ [ 79.8425306, 6.9302739 ], [ 79.8427086, 6.929702 ] ] ] } },
{ "type": "Feature", "properties": { "osm_id": "377925991", "code": 5113, "fclass": "primary", "name": "Colombo Road", "ref": "AA033", "oneway": "F", "maxspeed": 50, "layer": 0, "bridge": "F", "tunnel": "F" }, "geometry": { "type": "MultiLineString", "coordinates": [ [ [ 79.9993574, 7.0909881 ], [ 79.999153, 7.0910046 ], [ 79.9989981, 7.0910139 ], [ 79.9988499, 7.0910245 ], [ 79.9986514, 7.0910385 ], [ 79.9984717, 7.0910518 ], [ 79.9982806, 7.0910651 ], [ 79.998107, 7.0910764 ], [ 79.9977254, 7.0910891 ], [ 79.9974686, 7.0910944 ], [ 79.997071, 7.0911057 ], [ 79.9966344, 7.091123 ], [ 79.9964534, 7.091135 ], [ 79.9963044, 7.0911479 ], [ 79.9961945, 7.0911576 ], [ 79.9960671, 7.0911716 ], [ 79.9959341, 7.0911919 ], [ 79.9958022, 7.0912148 ], [ 79.9956956, 7.0912368 ], [ 79.9956004, 7.0912628 ], [ 79.9954871, 7.0912965 ], [ 79.9952859, 7.0913692 ], [ 79.9951076, 7.0914338 ], [ 79.994956, 7.0914837 ], [ 79.994835, 7.0915208 ] ] ] } },
{ "type": "Feature", "properties": { "osm_id": "401936004", "code": 5112, "fclass": "trunk", "name": "Horana - Ratnapura Road", "ref": "AA008", "oneway": "B", "maxspeed": 70, "layer": 1, "bridge": "T", "tunnel": "F" }, "geometry": { "type": "MultiLineString", "coordinates": [ [ [ 80.1889011, 6.7373646 ], [ 80.1886429, 6.7372557 ] ] ] } },
{ "type": "Feature", "properties": { "osm_id": "401941689", "code": 5112, "fclass": "trunk", "name": "Horana - Ratnapura Road", "ref": "AA008", "oneway": "B", "maxspeed": 70, "layer": 0, "bridge": "F", "tunnel": "F" }, "geometry": { "type": "MultiLineString", "coordinates": [ [ [ 80.205117428004215, 6.733976994509219 ], [ 80.2050716, 6.7339689 ], [ 80.2049954, 6.7338994 ], [ 80.2049762, 6.7338349 ], [ 80.2049723, 6.73369 ], [ 80.2050308, 6.7335374 ], [ 80.2052245, 6.7331997 ], [ 80.205409, 6.7329274 ], [ 80.2055226, 6.732753 ], [ 80.2056692, 6.7324821 ], [ 80.2057756, 6.7320891 ], [ 80.2057665, 6.7318685 ], [ 80.2055733, 6.7316502 ], [ 80.2052881, 6.7314809 ], [ 80.20488, 6.7313873 ], [ 80.204574, 6.7313463 ], [ 80.2042601, 6.7313331 ], [ 80.2040635, 6.7313535 ], [ 80.2037345, 6.7315009 ], [ 80.2035135, 6.7316228 ], [ 80.2033813, 6.7317016 ], [ 80.2032812, 6.7318058 ], [ 80.2031699, 6.7319554 ], [ 80.2029526, 6.7322109 ], [ 80.2028295, 6.7322822 ], [ 80.2026548, 6.732308 ], [ 80.2024539, 6.7322431 ], [ 80.2022941, 6.7322627 ], [ 80.2021584, 6.732342 ], [ 80.201944, 6.7324848 ], [ 80.2014648, 6.7326265 ], [ 80.2013193, 6.7327079 ], [ 80.2010986, 6.7328798 ], [ 80.2009209, 6.7329717 ], [ 80.200825, 6.7329787 ], [ 80.2007624, 6.7329742 ], [ 80.2006352, 6.7329366 ], [ 80.2006234, 6.732931 ], [ 80.2004285, 6.7328226 ], [ 80.2003521, 6.7327914 ], [ 80.2002238, 6.7327974 ], [ 80.2001042, 6.7328711 ], [ 80.1999178, 6.7329883 ], [ 80.1997046, 6.7331348 ], [ 80.1995209, 6.7332965 ], [ 80.199435, 6.7334418 ], [ 80.1993975, 6.7335359 ], [ 80.1993857, 6.7335984 ], [ 80.1993911, 6.7336575 ], [ 80.1994932, 6.7340963 ], [ 80.1994719, 6.7342107 ], [ 80.1994008, 6.7342831 ], [ 80.1993027, 6.734324 ], [ 80.1991767, 6.7343409 ], [ 80.1989883, 6.7343923 ], [ 80.1988181, 6.7345051 ], [ 80.198685, 6.7346386 ], [ 80.1986177, 6.7347188 ], [ 80.1985408, 6.7348554 ], [ 80.1984068, 6.7351349 ], [ 80.1979182, 6.7362912 ], [ 80.1978532, 6.7364077 ], [ 80.1976875, 6.736555 ], [ 80.1975265, 6.7366391 ], [ 80.1971403, 6.7368336 ], [ 80.1966038, 6.7370268 ], [ 80.1961421, 6.7370997 ], [ 80.1958082, 6.7370925 ], [ 80.1955572, 6.7370425 ], [ 80.1952027, 6.7369311 ], [ 80.1947383, 6.7367724 ], [ 80.1944269, 6.7366472 ], [ 80.1942476, 6.7367076 ], [ 80.1941643, 6.7367732 ], [ 80.1940848, 6.7368631 ], [ 80.1939538, 6.7369763 ], [ 80.1937863, 6.7372262 ], [ 80.193722, 6.7373462 ], [ 80.1936141, 6.7375551 ], [ 80.1934485, 6.7378613 ], [ 80.1932208, 6.738101 ], [ 80.1930517, 6.7382373 ], [ 80.1928996, 6.7383279 ], [ 80.1927428, 6.7383758 ], [ 80.1925885, 6.7383871 ], [ 80.1924453, 6.7383665 ], [ 80.1920468, 6.7383299 ], [ 80.1919493, 6.7383209 ], [ 80.191285, 6.7381832 ], [ 80.1909457, 6.7379869 ], [ 80.1906265, 6.7377525 ], [ 80.1903439, 6.7376814 ], [ 80.1900109, 6.7376897 ], [ 80.1897055, 6.7376504 ], [ 80.1892677, 6.7375094 ], [ 80.1889011, 6.7373646 ] ] ] } },
{ "type": "Feature", "properties": { "osm_id": "712057791", "code": 5112, "fclass": "trunk", "name": "Sirimavo Bandaranaike Mawatha (Prince of Wales Avenue)", "ref": "AA001", "oneway": "F", "maxspeed": 60, "layer": 0, "bridge": "F", "tunnel": "F" }, "geometry": { "type": "MultiLineString", "coordinates": [ [ [ 79.864174, 6.9433827 ], [ 79.864267, 6.9434288 ] ] ] } },
{ "type": "Feature", "properties": { "osm_id": "712103703", "code": 5112, "fclass": "trunk", "name": "Colombo - Chillaw Road", "ref": "AA003", "oneway": "F", "maxspeed": 60, "layer": 0, "bridge": "F", "tunnel": "F" }, "geometry": { "type": "MultiLineString", "coordinates": [ [ [ 79.8636692, 7.2702805 ], [ 79.8637441, 7.2705255 ] ] ] } },
{ "type": "Feature", "properties": { "osm_id": "712103698", "code": 5112, "fclass": "trunk", "name": "Colombo - Chillaw Road", "ref": "AA003", "oneway": "F", "maxspeed": 60, "layer": 0, "bridge": "F", "tunnel": "F" }, "geometry": { "type": "MultiLineString", "coordinates": [ [ [ 79.8638006, 7.2705367 ], [ 79.86369, 7.2701348 ], [ 79.8635526, 7.2697715 ] ] ] } },
{ "type": "Feature", "properties": { "osm_id": "712103699", "code": 5112, "fclass": "trunk", "name": "Colombo - Chillaw Road", "ref": "AA003", "oneway": "F", "maxspeed": 60, "layer": 1, "bridge": "T", "tunnel": "F" }, "geometry": { "type": "MultiLineString", "coordinates": [ [ [ 79.863851356380138, 7.270719764019271 ], [ 79.8638006, 7.2705367 ] ] ] } },
{ "type": "Feature", "properties": { "osm_id": "712103701", "code": 5112, "fclass": "trunk", "name": "Colombo - Chillaw Road", "ref": "AA003", "oneway": "F", "maxspeed": 60, "layer": 0, "bridge": "F", "tunnel": "F" }, "geometry": { "type": "MultiLineString", "coordinates": [ [ [ 79.8636157, 7.2701173 ], [ 79.8636692, 7.2702805 ] ] ] } },
{ "type": "Feature", "properties": { "osm_id": "712103702", "code": 5112, "fclass": "trunk", "name": "Colombo - Chillaw Road", "ref": "AA003", "oneway": "F", "maxspeed": 60, "layer": 0, "bridge": "F", "tunnel": "F" }, "geometry": { "type": "MultiLineString", "coordinates": [ [ [ 79.863484, 7.2697901 ], [ 79.8635445, 7.2699208 ], [ 79.8636157, 7.2701173 ] ] ] } },
{ "type": "Feature", "properties": { "osm_id": "712057793", "code": 5112, "fclass": "trunk", "name": "Sirimavo Bandaranaike Mawatha (Prince of Wales Avenue)", "ref": "AA001", "oneway": "F", "maxspeed": 60, "layer": 0, "bridge": "F", "tunnel": "F" }, "geometry": { "type": "MultiLineString", "coordinates": [ [ [ 79.8642879, 6.9433354 ], [ 79.8641937, 6.9432958 ] ] ] } },
{ "type": "Feature", "properties": { "osm_id": "503460749", "code": 5113, "fclass": "primary", "name": null, "ref": "AA033", "oneway": "F", "maxspeed": 40, "layer": 0, "bridge": "F", "tunnel": "F" }, "geometry": { "type": "MultiLineString", "coordinates": [ [ [ 79.9998088, 7.091441 ], [ 79.9995739, 7.091132 ] ] ] } },
{ "type": "Feature", "properties": { "osm_id": "99247390", "code": 5112, "fclass": "trunk", "name": "Colombo - Kandy Road", "ref": "AA001", "oneway": "F", "maxspeed": 70, "layer": 1, "bridge": "T", "tunnel": "F" }, "geometry": { "type": "MultiLineString", "coordinates": [ [ [ 80.0409908, 7.0969275 ], [ 80.0412536, 7.0973829 ] ] ] } },
{ "type": "Feature", "properties": { "osm_id": "99247374", "code": 5112, "fclass": "trunk", "name": "Colombo - Kandy Road", "ref": "AA001", "oneway": "F", "maxspeed": 60, "layer": 0, "bridge": "F", "tunnel": "F" }, "geometry": { "type": "MultiLineString", "coordinates": [ [ [ 79.9344813, 6.985745 ], [ 79.9344998, 6.9857618 ], [ 79.9349636, 6.9863343 ] ] ] } },
{ "type": "Feature", "properties": { "osm_id": "99247293", "code": 5112, "fclass": "trunk", "name": "Colombo - Kandy Road", "ref": "AA001", "oneway": "F", "maxspeed": 60, "layer": 1, "bridge": "T", "tunnel": "F" }, "geometry": { "type": "MultiLineString", "coordinates": [ [ [ 79.934256, 6.9854921 ], [ 79.9344813, 6.985745 ] ] ] } },
{ "type": "Feature", "properties": { "osm_id": "99247295", "code": 5112, "fclass": "trunk", "name": "Colombo - Kandy Road", "ref": "AA001", "oneway": "F", "maxspeed": 60, "layer": 1, "bridge": "T", "tunnel": "F" }, "geometry": { "type": "MultiLineString", "coordinates": [ [ [ 79.9345336, 6.9856877 ], [ 79.9343164, 6.9854468 ] ] ] } },
{ "type": "Feature", "properties": { "osm_id": "99247366", "code": 5112, "fclass": "trunk", "name": "Colombo - Kandy Road", "ref": "AA001", "oneway": "F", "maxspeed": 60, "layer": 0, "bridge": "F", "tunnel": "F" }, "geometry": { "type": "MultiLineString", "coordinates": [ [ [ 79.9257864, 6.9767374 ], [ 79.9256782, 6.9766251 ], [ 79.9256482, 6.9765928 ], [ 79.9256419, 6.976586 ], [ 79.9253857, 6.9763094 ], [ 79.9251064, 6.9759982 ], [ 79.9247015, 6.9756261 ], [ 79.9245213, 6.9754933 ], [ 79.924475, 6.9754594 ], [ 79.9241925, 6.9752649 ], [ 79.9224764, 6.9742803 ], [ 79.9223812, 6.9742258 ], [ 79.9220843, 6.9740559 ], [ 79.9216562, 6.973849 ], [ 79.9214521, 6.9737594 ], [ 79.9212783, 6.9737022 ], [ 79.9211022, 6.9736601 ], [ 79.9208852, 6.973609 ], [ 79.9207922, 6.9735858 ], [ 79.9203986, 6.9735067 ], [ 79.9202465, 6.9734757 ], [ 79.9200909, 6.9734439 ], [ 79.91988, 6.973395 ], [ 79.9198524, 6.9733886 ], [ 79.9196149, 6.9733293 ], [ 79.9190944, 6.973187 ], [ 79.9185638, 6.9730326 ], [ 79.9182267, 6.9729328 ], [ 79.918095, 6.97289 ], [ 79.9179674, 6.9728391 ], [ 79.9177752, 6.9727451 ], [ 79.917641, 6.9726614 ], [ 79.917524, 6.972576 ], [ 79.9174285, 6.9724924 ], [ 79.9172638, 6.9723377 ], [ 79.9170826, 6.9721329 ], [ 79.9170013, 6.9720484 ], [ 79.9169513, 6.9719965 ], [ 79.916828, 6.9718678 ], [ 79.9166146, 6.9716703 ], [ 79.9164283, 6.9715284 ], [ 79.91615, 6.9713268 ], [ 79.915595, 6.970938 ], [ 79.9151847, 6.9706462 ], [ 79.9146648, 6.9703489 ], [ 79.9141199, 6.970047 ], [ 79.9136205, 6.9697898 ], [ 79.9134571, 6.9697056 ], [ 79.9132653, 6.9696194 ], [ 79.9125475, 6.969297 ] ] ] } },
{ "type": "Feature", "properties": { "osm_id": "102651364", "code": 5112, "fclass": "trunk", "name": "Galle Road", "ref": "AA002", "oneway": "F", "maxspeed": 60, "layer": 0, "bridge": "F", "tunnel": "F" }, "geometry": { "type": "MultiLineString", "coordinates": [ [ [ 79.8866857, 6.8045568 ], [ 79.8865893, 6.8046847 ], [ 79.8864249, 6.8048483 ], [ 79.8861125, 6.8051155 ], [ 79.8858722, 6.8053276 ], [ 79.885781, 6.8054081 ], [ 79.8854293, 6.8057317 ], [ 79.88524, 6.8059127 ], [ 79.8850927, 6.8060535 ], [ 79.8849958, 6.8061688 ], [ 79.8849161, 6.806289 ], [ 79.8847746, 6.8065328 ], [ 79.8846346, 6.8067469 ], [ 79.8845139, 6.8069316 ], [ 79.8842012, 6.807479 ], [ 79.8841078, 6.8076458 ], [ 79.8840294, 6.807786 ], [ 79.8839023, 6.8080465 ], [ 79.8838604, 6.8081325 ], [ 79.8837858, 6.808269 ], [ 79.8836223, 6.8086193 ], [ 79.8835722, 6.8087337 ], [ 79.8833705, 6.809133 ], [ 79.8830268, 6.8096848 ], [ 79.882947, 6.8098129 ], [ 79.8828877, 6.8099029 ], [ 79.8828548, 6.8099528 ], [ 79.8824952, 6.8105136 ], [ 79.8824371, 6.8105979 ], [ 79.8821066, 6.8110706 ], [ 79.8818015, 6.8114829 ], [ 79.8814651, 6.8119049 ], [ 79.8812177, 6.8122351 ], [ 79.8810584, 6.8124478 ], [ 79.880845, 6.8127231 ], [ 79.8807742, 6.8128144 ], [ 79.8804022, 6.8132274 ], [ 79.8800136, 6.8136428 ], [ 79.8797232, 6.813917 ], [ 79.8796231, 6.8140051 ], [ 79.8795186, 6.8140925 ], [ 79.879348, 6.8142249 ], [ 79.8789856, 6.8144994 ], [ 79.878605, 6.8147919 ], [ 79.8777258, 6.8154176 ], [ 79.8771758, 6.8158203 ], [ 79.877058, 6.8159087 ], [ 79.8764339, 6.8163771 ], [ 79.8762317, 6.8165345 ], [ 79.8756639, 6.8169455 ], [ 79.8755102, 6.8170675 ], [ 79.875317, 6.817222 ], [ 79.8751325, 6.8173828 ], [ 79.8751092, 6.8174031 ], [ 79.8748459, 6.8176585 ], [ 79.8747939, 6.8177176 ], [ 79.8747306, 6.8177945 ], [ 79.8746409, 6.8178985 ], [ 79.8745432, 6.8180329 ], [ 79.8744804, 6.8181179 ], [ 79.8741904, 6.8185429 ], [ 79.8738738, 6.8190665 ], [ 79.8737654, 6.81925 ], [ 79.873627, 6.8194686 ], [ 79.8736163, 6.8194855 ], [ 79.8735052, 6.8196535 ], [ 79.8732893, 6.8199218 ], [ 79.8731605, 6.8201196 ], [ 79.8729245, 6.8204475 ], [ 79.8728687, 6.8205069 ], [ 79.872624, 6.8208073 ], [ 79.8724338, 6.8210676 ], [ 79.8720689, 6.8215663 ], [ 79.8718391, 6.8218898 ], [ 79.8716722, 6.8221321 ], [ 79.8716314, 6.8221914 ], [ 79.871549, 6.8223037 ], [ 79.8714712, 6.8224098 ], [ 79.8713419, 6.822586 ], [ 79.8713361, 6.8225983 ], [ 79.8710884, 6.8229248 ], [ 79.8709853, 6.8230685 ], [ 79.8708458, 6.8232385 ], [ 79.8707175, 6.8234042 ], [ 79.8707102, 6.8234161 ], [ 79.8706643, 6.8234909 ], [ 79.8705914, 6.8236096 ], [ 79.8704788, 6.823787 ], [ 79.8704551, 6.8238279 ], [ 79.8703709, 6.8239536 ], [ 79.870326, 6.8240453 ], [ 79.8702999, 6.8240985 ], [ 79.870184, 6.8243352 ], [ 79.8701414, 6.8244254 ], [ 79.8701029, 6.8245015 ], [ 79.8700369, 6.8246641 ], [ 79.8699769, 6.8248287 ], [ 79.8699485, 6.8249094 ], [ 79.8698481, 6.8251833 ], [ 79.8697525, 6.8254423 ], [ 79.8697291, 6.8254973 ], [ 79.8696838, 6.8256189 ], [ 79.8695687, 6.8259482 ], [ 79.8695153, 6.8260968 ], [ 79.8694554, 6.8262458 ], [ 79.8694403, 6.8262836 ], [ 79.8692475, 6.8266974 ] ] ] } },
{ "type": "Feature", "properties": { "osm_id": "377515217", "code": 5112, "fclass": "trunk", "name": "R. A. De Mel Mawatha", "ref": "AA002", "oneway": "F", "maxspeed": 60, "layer": 0, "bridge": "F", "tunnel": "F" }, "geometry": { "type": "MultiLineString", "coordinates": [ [ [ 79.8579927, 6.8924975 ], [ 79.8581294, 6.8921027 ], [ 79.8585232, 6.8909044 ], [ 79.8588943, 6.8898825 ], [ 79.8589166, 6.8898066 ], [ 79.8589611, 6.8896551 ], [ 79.8592187, 6.8887951 ], [ 79.8597954, 6.8868089 ], [ 79.8601022, 6.8858455 ], [ 79.8601959, 6.8855195 ], [ 79.86027, 6.8853187 ], [ 79.860285, 6.885257 ], [ 79.8603065, 6.8852034 ], [ 79.8604552, 6.8848521 ], [ 79.860526, 6.8846776 ], [ 79.8610551, 6.8833655 ], [ 79.8611044, 6.8832391 ], [ 79.8611257, 6.8831911 ], [ 79.8611444, 6.88313 ], [ 79.8612838, 6.8826719 ] ] ] } },
{ "type": "Feature", "properties": { "osm_id": "102650983", "code": 5112, "fclass": "trunk", "name": "Galle Road", "ref": "AA002", "oneway": "F", "maxspeed": 60, "layer": 0, "bridge": "F", "tunnel": "F" }, "geometry": { "type": "MultiLineString", "coordinates": [ [ [ 79.8867702, 6.8046088 ], [ 79.886939, 6.8043629 ], [ 79.8870429, 6.8042116 ], [ 79.8872044, 6.8039413 ], [ 79.8873634, 6.8036659 ], [ 79.88742, 6.8035666 ], [ 79.887536, 6.8033343 ], [ 79.8876076, 6.8031908 ], [ 79.8876165, 6.803173 ], [ 79.8877472, 6.8029066 ], [ 79.8878592, 6.80261 ], [ 79.8879981, 6.8022295 ] ] ] } },
{ "type": "Feature", "properties": { "osm_id": "377515220", "code": 5112, "fclass": "trunk", "name": "Galle Road", "ref": "AA002", "oneway": "F", "maxspeed": 60, "layer": 0, "bridge": "F", "tunnel": "F" }, "geometry": { "type": "MultiLineString", "coordinates": [ [ [ 79.8569642, 6.8890646 ], [ 79.8568968, 6.8892655 ], [ 79.8568159, 6.8895172 ], [ 79.8567798, 6.8896349 ], [ 79.8567062, 6.8899168 ], [ 79.8566533, 6.8900954 ] ] ] } },
{ "type": "Feature", "properties": { "osm_id": "102650972", "code": 5112, "fclass": "trunk", "name": "Galle Road", "ref": "AA002", "oneway": "F", "maxspeed": 60, "layer": 0, "bridge": "F", "tunnel": "F" }, "geometry": { "type": "MultiLineString", "coordinates": [ [ [ 79.8880974, 6.8014933 ], [ 79.88793, 6.8020279 ], [ 79.8876239, 6.8027972 ], [ 79.8876012, 6.8028482 ], [ 79.887528, 6.8030127 ], [ 79.8874075, 6.8032832 ], [ 79.8871582, 6.8037673 ], [ 79.8868326, 6.8043113 ], [ 79.8866857, 6.8045568 ] ] ] } },
{ "type": "Feature", "properties": { "osm_id": "308676422", "code": 5112, "fclass": "trunk", "name": "Avissawella - Hatton - Nuwara Eliya Road", "ref": "AA007", "oneway": "B", "maxspeed": 60, "layer": 0, "bridge": "F", "tunnel": "F" }, "geometry": { "type": "MultiLineString", "coordinates": [ [ [ 80.2197566, 6.9538715 ], [ 80.219697, 6.9538718 ], [ 80.219569, 6.9538057 ], [ 80.2194652, 6.953706 ], [ 80.2193404, 6.953557 ], [ 80.2192157, 6.9534141 ], [ 80.2191307, 6.9533349 ], [ 80.2191249, 6.9533316 ], [ 80.2189208, 6.9532186 ], [ 80.218701, 6.9531047 ], [ 80.2186052, 6.9530478 ], [ 80.2184401, 6.953025 ], [ 80.2180188, 6.953131 ], [ 80.217878, 6.9531313 ], [ 80.2174548, 6.9530888 ], [ 80.2169411, 6.953095 ], [ 80.216723, 6.9529775 ], [ 80.2164102, 6.9528221 ], [ 80.2162753, 6.9527765 ], [ 80.2160978, 6.9527293 ], [ 80.2157039, 6.9526286 ], [ 80.215557, 6.952591 ], [ 80.2154771, 6.952563 ] ] ] } },
{ "type": "Feature", "properties": { "osm_id": "308348585", "code": 5112, "fclass": "trunk", "name": "Chatham Street", "ref": "AA001", "oneway": "F", "maxspeed": 60, "layer": 0, "bridge": "F", "tunnel": "F" }, "geometry": { "type": "MultiLineString", "coordinates": [ [ [ 79.8449756, 6.9342812 ], [ 79.8452245, 6.9342385 ], [ 79.8453583, 6.9342097 ], [ 79.8459008, 6.9341084 ], [ 79.8460297, 6.9340843 ], [ 79.8464104, 6.9340069 ] ] ] } },
{ "type": "Feature", "properties": { "osm_id": "377738725", "code": 5112, "fclass": "trunk", "name": "High Level Road", "ref": "AA004", "oneway": "B", "maxspeed": 60, "layer": 0, "bridge": "F", "tunnel": "F" }, "geometry": { "type": "MultiLineString", "coordinates": [ [ [ 79.9851096, 6.837921 ], [ 79.985458, 6.8381028 ], [ 79.9856547, 6.8382077 ], [ 79.9867306, 6.8387724 ], [ 79.9870241, 6.838928 ], [ 79.9873341, 6.8390561 ], [ 79.9878257, 6.8392107 ], [ 79.9881844, 6.8392971 ], [ 79.9890345, 6.8394573 ], [ 79.9896826, 6.8395437 ], [ 79.9898766, 6.8395643 ], [ 79.9901514, 6.8395935 ], [ 79.9913075, 6.8397051 ], [ 79.9915638, 6.8397417 ], [ 79.9916761, 6.8397551 ], [ 79.9917079, 6.8397577 ], [ 79.9923765, 6.8397839 ], [ 79.9930267, 6.8397545 ], [ 79.9937197, 6.8397433 ], [ 79.9940844, 6.8397709 ], [ 79.9942797, 6.8398041 ] ] ] } },
{ "type": "Feature", "properties": { "osm_id": "377738726", "code": 5112, "fclass": "trunk", "name": "High Level Road", "ref": "AA004", "oneway": "F", "maxspeed": 60, "layer": 0, "bridge": "F", "tunnel": "F" }, "geometry": { "type": "MultiLineString", "coordinates": [ [ [ 79.9838866, 6.8375459 ], [ 79.9840241, 6.8375615 ], [ 79.9844243, 6.8376556 ], [ 79.9848838, 6.8378252 ], [ 79.9851096, 6.837921 ] ] ] } },
{ "type": "Feature", "properties": { "osm_id": "550381812", "code": 5113, "fclass": "primary", "name": "Colombo Road", "ref": "AA033", "oneway": "F", "maxspeed": 50, "layer": 0, "bridge": "F", "tunnel": "F" }, "geometry": { "type": "MultiLineString", "coordinates": [ [ [ 79.9948634, 7.0915942 ], [ 79.9951371, 7.0914957 ], [ 79.9955029, 7.0913643 ], [ 79.9956058, 7.0913306 ], [ 79.9957104, 7.0913007 ], [ 79.995811, 7.0912781 ], [ 79.995935, 7.0912561 ], [ 79.9960779, 7.0912362 ], [ 79.9961979, 7.0912228 ], [ 79.9963088, 7.0912119 ], [ 79.9964648, 7.0911996 ], [ 79.9966371, 7.0911882 ], [ 79.9968222, 7.0911816 ], [ 79.9971534, 7.0911687 ], [ 79.9973077, 7.0911669 ], [ 79.9974726, 7.091163 ], [ 79.9975194, 7.0911616 ], [ 79.9977247, 7.0911556 ], [ 79.9981096, 7.0911437 ], [ 79.9982867, 7.091133 ], [ 79.9984845, 7.0911217 ], [ 79.9986615, 7.0911091 ], [ 79.9988379, 7.0910951 ], [ 79.9990042, 7.0910858 ], [ 79.9991725, 7.0910844 ], [ 79.9993122, 7.0910905 ] ] ] } },
{ "type": "Feature", "properties": { "osm_id": "550381807", "code": 5113, "fclass": "primary", "name": "Gampaha - Ja Ela Road", "ref": "AA033", "oneway": "F", "maxspeed": 40, "layer": 0, "bridge": "F", "tunnel": "F" }, "geometry": { "type": "MultiLineString", "coordinates": [ [ [ 79.989979, 7.09278 ], [ 79.9902382, 7.0928281 ] ] ] } },
{ "type": "Feature", "properties": { "osm_id": "550381806", "code": 5113, "fclass": "primary", "name": "Gampaha - Ja Ela Road", "ref": "AA033", "oneway": "F", "maxspeed": 40, "layer": 0, "bridge": "F", "tunnel": "F" }, "geometry": { "type": "MultiLineString", "coordinates": [ [ [ 79.9902348, 7.0927338 ], [ 79.989979, 7.09278 ] ] ] } },
{ "type": "Feature", "properties": { "osm_id": "97415330", "code": 5112, "fclass": "trunk", "name": "High Level Road", "ref": "AA004", "oneway": "F", "maxspeed": 60, "layer": 1, "bridge": "T", "tunnel": "F" }, "geometry": { "type": "MultiLineString", "coordinates": [ [ [ 80.0174623, 6.846891 ], [ 80.0172698, 6.8471763 ] ] ] } },
{ "type": "Feature", "properties": { "osm_id": "97913252", "code": 5112, "fclass": "trunk", "name": "Colombo - Negombo Road", "ref": "AA003", "oneway": "F", "maxspeed": 60, "layer": 0, "bridge": "F", "tunnel": "F" }, "geometry": { "type": "MultiLineString", "coordinates": [ [ [ 79.8824858, 7.110322 ], [ 79.8823896, 7.1104767 ], [ 79.8822979, 7.1106253 ], [ 79.8821704, 7.1108811 ], [ 79.8821156, 7.1110022 ], [ 79.8820568, 7.1111619 ], [ 79.8820169, 7.1113022 ], [ 79.8819872, 7.1114371 ], [ 79.881964, 7.1115478 ], [ 79.8819458, 7.1116535 ], [ 79.8819311, 7.111748 ], [ 79.8819202, 7.111867 ], [ 79.8819112, 7.111991 ], [ 79.8818989, 7.1123147 ], [ 79.88188, 7.1127139 ], [ 79.8818706, 7.1130893 ], [ 79.8818496, 7.1133039 ], [ 79.8818305, 7.1134301 ], [ 79.88181, 7.1135399 ], [ 79.8817871, 7.1136456 ], [ 79.8817542, 7.1137923 ], [ 79.8816901, 7.1139686 ], [ 79.8816194, 7.1141442 ], [ 79.88151, 7.1143969 ], [ 79.8814308, 7.1145775 ], [ 79.8812499, 7.1150333 ], [ 79.8810434, 7.1155604 ], [ 79.8809411, 7.1158429 ], [ 79.8806876, 7.1164413 ], [ 79.8803942, 7.1172002 ], [ 79.8801129, 7.1179057 ], [ 79.8800137, 7.1181829 ], [ 79.8798951, 7.1185145 ], [ 79.8798361, 7.1186793 ], [ 79.8798085, 7.1187565 ], [ 79.8797352, 7.1189613 ], [ 79.8796851, 7.1191224 ], [ 79.8795166, 7.1197195 ], [ 79.8794064, 7.1201405 ], [ 79.8792639, 7.1206514 ], [ 79.8790323, 7.1213958 ], [ 79.8787496, 7.1223075 ], [ 79.8786212, 7.122663 ], [ 79.8785501, 7.1228303 ], [ 79.8784133, 7.1231478 ], [ 79.8782606, 7.1234837 ], [ 79.8779862, 7.1241375 ], [ 79.8777619, 7.1247445 ], [ 79.8776215, 7.1252792 ], [ 79.8775151, 7.1257545 ], [ 79.877377, 7.1263001 ], [ 79.8772619, 7.1267338 ], [ 79.8771718, 7.1270566 ], [ 79.8770348, 7.1276107 ], [ 79.8767785, 7.1285633 ], [ 79.8766729, 7.1289422 ], [ 79.8765793, 7.1293489 ], [ 79.8764653, 7.1298441 ], [ 79.876351, 7.1303638 ], [ 79.8761885, 7.1311694 ], [ 79.8760063, 7.1322057 ], [ 79.8758357, 7.133221 ], [ 79.8757339, 7.1338013 ], [ 79.8756292, 7.1344427 ], [ 79.8754581, 7.13539 ], [ 79.8754131, 7.1356441 ], [ 79.8752095, 7.1368034 ], [ 79.8750972, 7.1374373 ], [ 79.8749372, 7.138343 ], [ 79.8747157, 7.1396393 ], [ 79.8744895, 7.1408885 ], [ 79.8743002, 7.1419732 ], [ 79.8741026, 7.1431261 ], [ 79.8740572, 7.1433895 ] ] ] } },
{ "type": "Feature", "properties": { "osm_id": "97913255", "code": 5112, "fclass": "trunk", "name": "Colombo - Negombo Road", "ref": "AA003", "oneway": "F", "maxspeed": 60, "layer": 1, "bridge": "T", "tunnel": "F" }, "geometry": { "type": "MultiLineString", "coordinates": [ [ [ 79.8828756, 7.109714 ], [ 79.8824858, 7.110322 ] ] ] } },
{ "type": "Feature", "properties": { "osm_id": "97905002", "code": 5112, "fclass": "trunk", "name": "Colombo - Kandy Road", "ref": "AA001", "oneway": "F", "maxspeed": 60, "layer": 1, "bridge": "T", "tunnel": "F" }, "geometry": { "type": "MultiLineString", "coordinates": [ [ [ 79.8983433, 6.9659071 ], [ 79.8965202, 6.964132 ] ] ] } },
{ "type": "Feature", "properties": { "osm_id": "97904998", "code": 5112, "fclass": "trunk", "name": "New Kelani Bridge Road", "ref": "AA001", "oneway": "F", "maxspeed": 60, "layer": 1, "bridge": "T", "tunnel": "F" }, "geometry": { "type": "MultiLineString", "coordinates": [ [ [ 79.8748235, 6.9508428 ], [ 79.874638, 6.9508764 ] ] ] } },
{ "type": "Feature", "properties": { "osm_id": "97904992", "code": 5112, "fclass": "trunk", "name": "New Kelani Bridge Road", "ref": "AA001", "oneway": "F", "maxspeed": 60, "layer": 0, "bridge": "F", "tunnel": "F" }, "geometry": { "type": "MultiLineString", "coordinates": [ [ [ 79.8827362, 6.9553957 ], [ 79.8829374, 6.9555836 ] ] ] } },
{ "type": "Feature", "properties": { "osm_id": "97904994", "code": 5112, "fclass": "trunk", "name": "New Kelani Bridge Road", "ref": "AA001", "oneway": "F", "maxspeed": 60, "layer": 1, "bridge": "T", "tunnel": "F" }, "geometry": { "type": "MultiLineString", "coordinates": [ [ [ 79.8828126, 6.955329 ], [ 79.8811835, 6.9534446 ] ] ] } },
{ "type": "Feature", "properties": { "osm_id": "306087613", "code": 5112, "fclass": "trunk", "name": "High Level Road", "ref": "AA004", "oneway": "F", "maxspeed": 50, "layer": 0, "bridge": "F", "tunnel": "F" }, "geometry": { "type": "MultiLineString", "coordinates": [ [ [ 79.9651459, 6.8412203 ], [ 79.9648353, 6.8413218 ], [ 79.9645667, 6.8414017 ] ] ] } },
{ "type": "Feature", "properties": { "osm_id": "97904995", "code": 5112, "fclass": "trunk", "name": "Colombo - Kandy Road", "ref": "AA001", "oneway": "F", "maxspeed": 60, "layer": 1, "bridge": "T", "tunnel": "F" }, "geometry": { "type": "MultiLineString", "coordinates": [ [ [ 79.8964533, 6.9641937 ], [ 79.8982832, 6.9659701 ] ] ] } },
{ "type": "Feature", "properties": { "osm_id": "97904988", "code": 5112, "fclass": "trunk", "name": "New Kelani Bridge Road", "ref": "AA001", "oneway": "F", "maxspeed": 60, "layer": 1, "bridge": "T", "tunnel": "F" }, "geometry": { "type": "MultiLineString", "coordinates": [ [ [ 79.8811128, 6.9534961 ], [ 79.8827362, 6.9553957 ] ] ] } },
{ "type": "Feature", "properties": { "osm_id": "97904989", "code": 5112, "fclass": "trunk", "name": "New Kelani Bridge Road", "ref": "AA001", "oneway": "F", "maxspeed": 60, "layer": 0, "bridge": "F", "tunnel": "F" }, "geometry": { "type": "MultiLineString", "coordinates": [ [ [ 79.8776757, 6.9503793 ], [ 79.8775108, 6.9504312 ], [ 79.877256, 6.9504751 ], [ 79.8748844, 6.950835 ], [ 79.8748235, 6.9508428 ] ] ] } },
{ "type": "Feature", "properties": { "osm_id": "97904990", "code": 5112, "fclass": "trunk", "name": "Colombo - Kandy Road", "ref": "AA001", "oneway": "F", "maxspeed": 60, "layer": 0, "bridge": "F", "tunnel": "F" }, "geometry": { "type": "MultiLineString", "coordinates": [ [ [ 79.8965202, 6.964132 ], [ 79.8962542, 6.9638587 ], [ 79.8961561, 6.9637578 ], [ 79.8946328, 6.9622547 ], [ 79.8943976, 6.962023 ], [ 79.8938387, 6.9614857 ], [ 79.8924524, 6.9601313 ], [ 79.8911685, 6.9588906 ], [ 79.8897017, 6.9573872 ], [ 79.8895635, 6.9572296 ], [ 79.8894352, 6.9570945 ], [ 79.8889935, 6.9566667 ], [ 79.8883185, 6.9561004 ], [ 79.8882005, 6.9560098 ], [ 79.8881234, 6.9559515 ], [ 79.8880181, 6.9558848 ], [ 79.8879628, 6.9558598 ], [ 79.8878748, 6.9558167 ], [ 79.8876467, 6.9557329 ], [ 79.887614, 6.9557243 ], [ 79.8874856, 6.9556919 ], [ 79.8873188, 6.9556584 ], [ 79.8870946, 6.9556465 ], [ 79.886885, 6.9556346 ], [ 79.8864601, 6.9556278 ], [ 79.8862957, 6.9556247 ], [ 79.8861123, 6.955625 ], [ 79.8856188, 6.955614 ], [ 79.8851444, 6.9555994 ], [ 79.8849203, 6.955588 ], [ 79.8847785, 6.9555948 ], [ 79.8846494, 6.9556061 ], [ 79.8844593, 6.9556378 ], [ 79.8842321, 6.9556847 ], [ 79.884039, 6.9557321 ] ] ] } },
{ "type": "Feature", "properties": { "osm_id": "97904991", "code": 5112, "fclass": "trunk", "name": "Colombo - Kandy Road", "ref": "AA001", "oneway": "F", "maxspeed": 60, "layer": 0, "bridge": "F", "tunnel": "F" }, "geometry": { "type": "MultiLineString", "coordinates": [ [ [ 79.8982832, 6.9659701 ], [ 79.8985438, 6.9662221 ], [ 79.8985628, 6.9662414 ], [ 79.8986771, 6.9663545 ], [ 79.8988916, 6.9665547 ], [ 79.8990132, 6.9666442 ], [ 79.8991766, 6.9667445 ], [ 79.89931, 6.966804 ], [ 79.8995591, 6.9668855 ], [ 79.8996127, 6.9669007 ], [ 79.8997375, 6.966936 ] ] ] } },
{ "type": "Feature", "properties": { "osm_id": "306062888", "code": 5112, "fclass": "trunk", "name": "Avissawella-Ratnapura Road", "ref": "A4", "oneway": "B", "maxspeed": 60, "layer": 0, "bridge": "F", "tunnel": "F" }, "geometry": { "type": "MultiLineString", "coordinates": [ [ [ 80.2123401, 6.9532458 ], [ 80.2115158, 6.9538233 ], [ 80.2114137, 6.9538707 ], [ 80.2112286, 6.9539344 ] ] ] } },
{ "type": "Feature", "properties": { "osm_id": "98371197", "code": 5112, "fclass": "trunk", "name": "Galle Road", "ref": "AA002", "oneway": "F", "maxspeed": 50, "layer": 1, "bridge": "T", "tunnel": "F" }, "geometry": { "type": "MultiLineString", "coordinates": [ [ [ 79.8636298, 6.8634939 ], [ 79.8636868, 6.8631993 ] ] ] } },
{ "type": "Feature", "properties": { "osm_id": "306062889", "code": 5112, "fclass": "trunk", "name": "Avissawella-Ratnapura Road", "ref": "A4", "oneway": "F", "maxspeed": 60, "layer": 0, "bridge": "F", "tunnel": "F" }, "geometry": { "type": "MultiLineString", "coordinates": [ [ [ 80.2123401, 6.9532458 ], [ 80.2124517, 6.9531686 ], [ 80.2125631, 6.9530767 ], [ 80.213109, 6.9526052 ], [ 80.2131773, 6.9525462 ], [ 80.2133722, 6.9523796 ] ] ] } },
{ "type": "Feature", "properties": { "osm_id": "98371187", "code": 5112, "fclass": "trunk", "name": "Galle Road", "ref": "AA002", "oneway": "F", "maxspeed": 60, "layer": 0, "bridge": "F", "tunnel": "F" }, "geometry": { "type": "MultiLineString", "coordinates": [ [ [ 79.8470604, 6.9190999 ], [ 79.84655, 6.9207048 ], [ 79.8464807, 6.9209228 ] ] ] } },
{ "type": "Feature", "properties": { "osm_id": "98371177", "code": 5112, "fclass": "trunk", "name": "Galle Road", "ref": "AA002", "oneway": "F", "maxspeed": 70, "layer": 0, "bridge": "F", "tunnel": "F" }, "geometry": { "type": "MultiLineString", "coordinates": [ [ [ 79.8635548, 6.8634258 ], [ 79.863474, 6.8637273 ] ] ] } },
{ "type": "Feature", "properties": { "osm_id": "98049830", "code": 5112, "fclass": "trunk", "name": "New Kelani Bridge Road", "ref": "AA001", "oneway": "F", "maxspeed": 60, "layer": 0, "bridge": "F", "tunnel": "F" }, "geometry": { "type": "MultiLineString", "coordinates": [ [ [ 79.8801073, 6.9522189 ], [ 79.879015, 6.9509612 ] ] ] } },
{ "type": "Feature", "properties": { "osm_id": "98049827", "code": 5112, "fclass": "trunk", "name": "New Kelani Bridge Road", "ref": "AA001", "oneway": "F", "maxspeed": 60, "layer": 1, "bridge": "T", "tunnel": "F" }, "geometry": { "type": "MultiLineString", "coordinates": [ [ [ 79.8800317, 6.9522558 ], [ 79.8802245, 6.9524825 ] ] ] } },
{ "type": "Feature", "properties": { "osm_id": "98049828", "code": 5112, "fclass": "trunk", "name": "New Kelani Bridge Road", "ref": "AA001", "oneway": "F", "maxspeed": 60, "layer": 1, "bridge": "T", "tunnel": "F" }, "geometry": { "type": "MultiLineString", "coordinates": [ [ [ 79.8802932, 6.9524203 ], [ 79.8801073, 6.9522189 ] ] ] } },
{ "type": "Feature", "properties": { "osm_id": "98049829", "code": 5112, "fclass": "trunk", "name": "New Kelani Bridge Road", "ref": "AA001", "oneway": "F", "maxspeed": 60, "layer": 0, "bridge": "F", "tunnel": "F" }, "geometry": { "type": "MultiLineString", "coordinates": [ [ [ 79.8802245, 6.9524825 ], [ 79.8810562, 6.953426 ], [ 79.8811128, 6.9534961 ] ] ] } },
{ "type": "Feature", "properties": { "osm_id": "98399565", "code": 5112, "fclass": "trunk", "name": "Colombo-Galle Road", "ref": "AA002", "oneway": "B", "maxspeed": 60, "layer": 0, "bridge": "F", "tunnel": "F" }, "geometry": { "type": "MultiLineString", "coordinates": [ [ [ 79.9840485, 6.4736858 ], [ 79.9842833, 6.4730292 ], [ 79.9846063, 6.472148 ], [ 79.9853791, 6.4700397 ], [ 79.9857045, 6.4691531 ], [ 79.9858421, 6.468821 ], [ 79.9865658, 6.4668032 ], [ 79.9868042, 6.4660747 ], [ 79.9868761, 6.4658647 ], [ 79.9871942, 6.4648129 ], [ 79.987228, 6.4642079 ], [ 79.987196, 6.4638407 ], [ 79.9871534, 6.463351 ], [ 79.9871525, 6.4625649 ], [ 79.9871521, 6.4622917 ], [ 79.9871518, 6.462009 ], [ 79.9871435, 6.461719 ], [ 79.9871166, 6.4612932 ], [ 79.9871014, 6.46102 ], [ 79.9870676, 6.4605767 ], [ 79.9870599, 6.460438 ], [ 79.9870295, 6.4601866 ], [ 79.9870212, 6.4600062 ], [ 79.9870131, 6.4598307 ], [ 79.9870085, 6.4594587 ], [ 79.987002, 6.4592774 ], [ 79.9869955, 6.4589501 ], [ 79.9869766, 6.4585257 ], [ 79.9869731, 6.4583356 ], [ 79.9869521, 6.4581216 ], [ 79.9869342, 6.4580401 ], [ 79.9868931, 6.4579302 ], [ 79.9868109, 6.4577478 ], [ 79.9866682, 6.457568 ], [ 79.9864893, 6.4573896 ], [ 79.9860671, 6.4569875 ], [ 79.986007, 6.4569285 ], [ 79.9858681, 6.4567959 ], [ 79.9857239, 6.456666 ], [ 79.9855267, 6.4564755 ], [ 79.985442, 6.4563804 ], [ 79.9853493, 6.4562827 ], [ 79.9851987, 6.4560873 ], [ 79.9851508, 6.4559811 ], [ 79.985111, 6.4558575 ], [ 79.985069, 6.4555269 ], [ 79.9851071, 6.4554224 ], [ 79.9851882, 6.4551583 ], [ 79.9854796, 6.4542327 ], [ 79.9855661, 6.4539081 ], [ 79.9857517, 6.4534078 ], [ 79.9859805, 6.4527223 ], [ 79.9861787, 6.452095 ], [ 79.9864875, 6.4513474 ], [ 79.9865882, 6.4510917 ], [ 79.9866061, 6.4510593 ], [ 79.9873032, 6.449796 ], [ 79.9878025, 6.4490147 ], [ 79.9882406, 6.4484643 ], [ 79.9884265, 6.4482081 ], [ 79.9887377, 6.447823 ], [ 79.9895359, 6.4466919 ], [ 79.9896834, 6.4464706 ], [ 79.9898441, 6.4462336 ], [ 79.9901443, 6.4457608 ], [ 79.9904614, 6.445285 ], [ 79.9907464, 6.4448436 ], [ 79.9910486, 6.4444041 ], [ 79.9921524, 6.4427474 ] ] ] } },
{ "type": "Feature", "properties": { "osm_id": "377237802", "code": 5113, "fclass": "primary", "name": "Gampaha - Ja Ela Road", "ref": "AA033", "oneway": "B", "maxspeed": 60, "layer": 0, "bridge": "F", "tunnel": "F" }, "geometry": { "type": "MultiLineString", "coordinates": [ [ [ 79.9391336, 7.1018702 ], [ 79.9390239, 7.1019466 ], [ 79.9389904, 7.1019716 ], [ 79.9386311, 7.1022239 ], [ 79.9380257, 7.1025849 ], [ 79.9379779, 7.1026211 ], [ 79.9378649, 7.1026828 ], [ 79.9376966, 7.1027933 ], [ 79.9375423, 7.1028947 ], [ 79.9373361, 7.1030128 ], [ 79.9372316, 7.1030727 ], [ 79.9369102, 7.1032561 ], [ 79.9367626, 7.1033411 ], [ 79.936689, 7.1033835 ], [ 79.9364619, 7.1035359 ], [ 79.9364446, 7.1035475 ], [ 79.9362709, 7.1036626 ], [ 79.9362182, 7.1037063 ], [ 79.9358463, 7.1039967 ], [ 79.9357925, 7.1040345 ], [ 79.935703, 7.1040975 ], [ 79.9353673, 7.1042601 ], [ 79.9351809, 7.1043088 ], [ 79.9349654, 7.1043426 ], [ 79.9348377, 7.1043627 ] ] ] } },
{ "type": "Feature", "properties": { "osm_id": "98399570", "code": 5112, "fclass": "trunk", "name": null, "ref": "AA002", "oneway": "B", "maxspeed": 60, "layer": 1, "bridge": "T", "tunnel": "F" }, "geometry": { "type": "MultiLineString", "coordinates": [ [ [ 79.9806227, 6.4989901 ], [ 79.9807745, 6.498691 ] ] ] } },
{ "type": "Feature", "properties": { "osm_id": "98399574", "code": 5112, "fclass": "trunk", "name": "Dummalamodara Bridge", "ref": "AA002", "oneway": "B", "maxspeed": 60, "layer": 1, "bridge": "T", "tunnel": "F" }, "geometry": { "type": "MultiLineString", "coordinates": [ [ [ 79.9821352, 6.5107227 ], [ 79.9821714, 6.5104683 ] ] ] } },
{ "type": "Feature", "properties": { "osm_id": "98391480", "code": 5113, "fclass": "primary", "name": "Old Galle Road", "ref": "AA002", "oneway": "B", "maxspeed": 50, "layer": 0, "bridge": "F", "tunnel": "F" }, "geometry": { "type": "MultiLineString", "coordinates": [ [ [ 79.8859378, 6.7716555 ], [ 79.8857188, 6.771608 ], [ 79.885577, 6.7715953 ], [ 79.885491, 6.7715724 ], [ 79.8854283, 6.7715667 ] ] ] } },
{ "type": "Feature", "properties": { "osm_id": "98391484", "code": 5112, "fclass": "trunk", "name": "Galle Road", "ref": "AA002", "oneway": "B", "maxspeed": 70, "layer": 1, "bridge": "T", "tunnel": "F" }, "geometry": { "type": "MultiLineString", "coordinates": [ [ [ 79.9205186, 6.6831453 ], [ 79.9203389, 6.6835534 ] ] ] } },
{ "type": "Feature", "properties": { "osm_id": "98399555", "code": 5112, "fclass": "trunk", "name": null, "ref": "AA002", "oneway": "B", "maxspeed": 60, "layer": 0, "bridge": "F", "tunnel": "F" }, "geometry": { "type": "MultiLineString", "coordinates": [ [ [ 79.9821714, 6.5104683 ], [ 79.9821675, 6.5102779 ], [ 79.9820978, 6.51007 ], [ 79.9820408, 6.5097229 ], [ 79.9819759, 6.509486 ], [ 79.9816766, 6.508411 ], [ 79.9815998, 6.5081846 ], [ 79.9811729, 6.5070444 ], [ 79.981067, 6.5064854 ], [ 79.9809964, 6.5059463 ], [ 79.9809595, 6.5054432 ], [ 79.9809463, 6.5052998 ], [ 79.9809787, 6.5047754 ], [ 79.9809572, 6.5044839 ], [ 79.980925, 6.5042527 ], [ 79.9808485, 6.5039812 ], [ 79.9807507, 6.5036856 ], [ 79.980743, 6.5036623 ], [ 79.9806006, 6.5033586 ], [ 79.9805917, 6.5033421 ], [ 79.9803888, 6.5029657 ], [ 79.9802019, 6.502603 ], [ 79.9800458, 6.5021627 ], [ 79.9800004, 6.5020245 ], [ 79.9799553, 6.501841 ], [ 79.9799374, 6.501735 ], [ 79.9799093, 6.5014167 ], [ 79.9799031, 6.5007359 ], [ 79.9799587, 6.500023 ], [ 79.9801774, 6.4996232 ], [ 79.9803448, 6.4994221 ], [ 79.9805227, 6.4992391 ], [ 79.9806227, 6.4989901 ] ] ] } },
{ "type": "Feature", "properties": { "osm_id": "98399563", "code": 5112, "fclass": "trunk", "name": null, "ref": "AA002", "oneway": "B", "maxspeed": 60, "layer": 1, "bridge": "T", "tunnel": "F" }, "geometry": { "type": "MultiLineString", "coordinates": [ [ [ 79.9839433, 6.4739757 ], [ 79.9840485, 6.4736858 ] ] ] } },
{ "type": "Feature", "properties": { "osm_id": "98391422", "code": 5112, "fclass": "trunk", "name": null, "ref": "AA002", "oneway": "B", "maxspeed": 60, "layer": 0, "bridge": "F", "tunnel": "F" }, "geometry": { "type": "MultiLineString", "coordinates": [ [ [ 79.9595097, 6.5891074 ], [ 79.9594735, 6.5895719 ], [ 79.9594184, 6.5902786 ] ] ] } },
{ "type": "Feature", "properties": { "osm_id": "98391427", "code": 5112, "fclass": "trunk", "name": null, "ref": "AA002", "oneway": "B", "maxspeed": 60, "layer": 1, "bridge": "T", "tunnel": "F" }, "geometry": { "type": "MultiLineString", "coordinates": [ [ [ 79.9594184, 6.5902786 ], [ 79.9592624, 6.5920777 ] ] ] } },
{ "type": "Feature", "properties": { "osm_id": "98391459", "code": 5113, "fclass": "primary", "name": "Old Galle Road", "ref": "AA002", "oneway": "B", "maxspeed": 50, "layer": 1, "bridge": "T", "tunnel": "F" }, "geometry": { "type": "MultiLineString", "coordinates": [ [ [ 79.8876276, 6.7719732 ], [ 79.8859378, 6.7716555 ] ] ] } },
{ "type": "Feature", "properties": { "osm_id": "98391418", "code": 5112, "fclass": "trunk", "name": "Galle Road", "ref": "AA002", "oneway": "B", "maxspeed": 70, "layer": 0, "bridge": "F", "tunnel": "F" }, "geometry": { "type": "MultiLineString", "coordinates": [ [ [ 79.9203389, 6.6835534 ], [ 79.920089, 6.6841376 ], [ 79.9200176, 6.6843326 ], [ 79.9198724, 6.6846436 ] ] ] } },
{ "type": "Feature", "properties": { "osm_id": "98371224", "code": 5112, "fclass": "trunk", "name": "Galle Road", "ref": "AA002", "oneway": "F", "maxspeed": 50, "layer": 0, "bridge": "F", "tunnel": "F" }, "geometry": { "type": "MultiLineString", "coordinates": [ [ [ 79.8636868, 6.8631993 ], [ 79.8637265, 6.8630379 ], [ 79.863849, 6.8624205 ], [ 79.8638837, 6.8622565 ], [ 79.8640617, 6.8614511 ], [ 79.8641282, 6.8611475 ], [ 79.8642389, 6.8606008 ], [ 79.864297, 6.8603436 ], [ 79.8643382, 6.8601688 ], [ 79.8644012, 6.8599011 ], [ 79.8644552, 6.8596659 ], [ 79.864591, 6.8590748 ], [ 79.8646629, 6.8587786 ], [ 79.8648097, 6.8581768 ], [ 79.8648651, 6.8579457 ], [ 79.8649545, 6.8574508 ], [ 79.8649811, 6.8573509 ], [ 79.8650902, 6.856941 ], [ 79.8652974, 6.8560509 ], [ 79.8654035, 6.8555436 ], [ 79.8655165, 6.8549373 ], [ 79.8655277, 6.8548727 ], [ 79.8656818, 6.8540048 ], [ 79.8656908, 6.8539345 ], [ 79.8657124, 6.8538102 ], [ 79.8657266, 6.8537288 ], [ 79.8658205, 6.8530698 ] ] ] } },
{ "type": "Feature", "properties": { "osm_id": "98371219", "code": 5112, "fclass": "trunk", "name": "Galle Road", "ref": "AA002", "oneway": "F", "maxspeed": 60, "layer": 0, "bridge": "F", "tunnel": "F" }, "geometry": { "type": "MultiLineString", "coordinates": [ [ [ 79.8472334, 6.9188729 ], [ 79.8472422, 6.9188381 ] ] ] } },
{ "type": "Feature", "properties": { "osm_id": "98371210", "code": 5112, "fclass": "trunk", "name": "Galle Road", "ref": "AA002", "oneway": "F", "maxspeed": 60, "layer": 1, "bridge": "T", "tunnel": "F" }, "geometry": { "type": "MultiLineString", "coordinates": [ [ [ 79.8471512, 6.9188178 ], [ 79.8470604, 6.9190999 ] ] ] } },
{ "type": "Feature", "properties": { "osm_id": "98371213", "code": 5112, "fclass": "trunk", "name": "Galle Road", "ref": "AA002", "oneway": "F", "maxspeed": 50, "layer": 1, "bridge": "T", "tunnel": "F" }, "geometry": { "type": "MultiLineString", "coordinates": [ [ [ 79.8636158, 6.8631029 ], [ 79.8635614, 6.8633908 ], [ 79.8635548, 6.8634258 ] ] ] } },
{ "type": "Feature", "properties": { "osm_id": "98371204", "code": 5112, "fclass": "trunk", "name": "Galle Road", "ref": "AA002", "oneway": "F", "maxspeed": 60, "layer": 1, "bridge": "T", "tunnel": "F" }, "geometry": { "type": "MultiLineString", "coordinates": [ [ [ 79.8471459, 6.9191084 ], [ 79.8472334, 6.9188729 ] ] ] } },
{ "type": "Feature", "properties": { "osm_id": "98399581", "code": 5112, "fclass": "trunk", "name": "Galle Road , Maggona", "ref": "AA002", "oneway": "B", "maxspeed": 60, "layer": 0, "bridge": "F", "tunnel": "F" }, "geometry": { "type": "MultiLineString", "coordinates": [ [ [ 79.9807745, 6.498691 ], [ 79.9808392, 6.4985022 ], [ 79.9808922, 6.4982903 ], [ 79.9809303, 6.4981261 ], [ 79.9810071, 6.4971169 ], [ 79.9810632, 6.4967673 ], [ 79.9812669, 6.4960327 ], [ 79.9815062, 6.4950712 ], [ 79.9816198, 6.4944515 ], [ 79.9817194, 6.4938319 ], [ 79.9817591, 6.4935849 ], [ 79.9818599, 6.4930703 ], [ 79.9820148, 6.4924776 ], [ 79.9823268, 6.4915081 ], [ 79.9823976, 6.4910203 ], [ 79.9824362, 6.4905538 ], [ 79.9825674, 6.4897709 ], [ 79.9826524, 6.4892636 ], [ 79.9827607, 6.4888486 ], [ 79.9829386, 6.4884336 ], [ 79.9831196, 6.4880308 ], [ 79.9831744, 6.4877807 ], [ 79.983203, 6.4873657 ], [ 79.9832676, 6.4859894 ], [ 79.9832864, 6.4847814 ], [ 79.9834165, 6.4836476 ], [ 79.9834213, 6.4833475 ], [ 79.9833654, 6.4828302 ], [ 79.983311, 6.4823274 ], [ 79.9832828, 6.4813313 ], [ 79.9832252, 6.479428 ], [ 79.9831148, 6.4786883 ], [ 79.9828692, 6.4773016 ], [ 79.9828898, 6.4770862 ], [ 79.9829048, 6.4769301 ], [ 79.9829475, 6.4767409 ], [ 79.9831273, 6.4762036 ], [ 79.9832502, 6.4758283 ], [ 79.9833395, 6.4755555 ], [ 79.9835299, 6.4750574 ], [ 79.9838382, 6.4742466 ], [ 79.9839433, 6.4739757 ] ] ] } },
{ "type": "Feature", "properties": { "osm_id": "98399583", "code": 5112, "fclass": "trunk", "name": "Galle Road", "ref": "AA002", "oneway": "B", "maxspeed": 70, "layer": 0, "bridge": "F", "tunnel": "F" }, "geometry": { "type": "MultiLineString", "coordinates": [ [ [ 79.992474, 6.4422563 ], [ 79.9925227, 6.4421818 ], [ 79.9928885, 6.4415865 ], [ 79.9934585, 6.4406659 ], [ 79.9937515, 6.4402219 ], [ 79.9941515, 6.4395788 ], [ 79.9941848, 6.4395252 ], [ 79.9943991, 6.4391806 ], [ 79.9948438, 6.4384656 ], [ 79.9951624, 6.4379534 ], [ 79.9956147, 6.4371906 ], [ 79.9963711, 6.4360474 ], [ 79.9968142, 6.4353267 ], [ 79.9972925, 6.4345719 ], [ 79.9975613, 6.4340764 ], [ 79.9981207, 6.4330609 ], [ 79.9982768, 6.4327729 ], [ 79.9986448, 6.4320247 ], [ 79.9987245, 6.4318635 ], [ 79.9987523, 6.4318443 ], [ 79.9988494, 6.4316502 ], [ 79.9992422, 6.4309464 ], [ 79.9992821, 6.4308656 ], [ 79.9994015, 6.4306235 ], [ 79.9994944, 6.4304249 ], [ 79.9995345, 6.4303405 ], [ 79.9995913, 6.4302044 ], [ 79.9996116, 6.4301382 ], [ 79.9996261, 6.4300733 ], [ 79.999636, 6.4300242 ], [ 79.9996412, 6.4299734 ], [ 79.9996424, 6.4299368 ], [ 79.9996413, 6.4298998 ], [ 79.9996394, 6.4298618 ], [ 79.999635, 6.4298246 ], [ 79.9996274, 6.429794 ], [ 79.9996168, 6.4297636 ], [ 79.9995983, 6.4297053 ], [ 79.9995528, 6.4296114 ], [ 79.9995146, 6.4295425 ], [ 79.9994316, 6.4294199 ], [ 79.9993444, 6.4293013 ], [ 79.9992191, 6.4291431 ], [ 79.9990994, 6.4289853 ], [ 79.9990244, 6.4288791 ], [ 79.999001, 6.428846 ], [ 79.9989169, 6.4287087 ], [ 79.9988737, 6.4286324 ], [ 79.9987706, 6.4284398 ], [ 79.9986621, 6.428248 ], [ 79.9985438, 6.4280185 ], [ 79.9984481, 6.4278812 ] ] ] } },
{ "type": "Feature", "properties": { "osm_id": "98399599", "code": 5112, "fclass": "trunk", "name": "Colombo-Galle Road", "ref": "AA002", "oneway": "B", "maxspeed": 60, "layer": 1, "bridge": "T", "tunnel": "F" }, "geometry": { "type": "MultiLineString", "coordinates": [ [ [ 79.9921524, 6.4427474 ], [ 79.992474, 6.4422563 ] ] ] } },
{ "type": "Feature", "properties": { "osm_id": "98963902", "code": 5112, "fclass": "trunk", "name": "Sri Sambuddhathva Jayanthi Mawatha", "ref": "AA004", "oneway": "B", "maxspeed": 60, "layer": 1, "bridge": "T", "tunnel": "F" }, "geometry": { "type": "MultiLineString", "coordinates": [ [ [ 79.8681655, 6.883829 ], [ 79.8679955, 6.8840299 ] ] ] } },
{ "type": "Feature", "properties": { "osm_id": "98963863", "code": 5112, "fclass": "trunk", "name": "Sri Sambuddhathva Jayanthi Mawatha", "ref": "AA004", "oneway": "B", "maxspeed": 50, "layer": 0, "bridge": "F", "tunnel": "F" }, "geometry": { "type": "MultiLineString", "coordinates": [ [ [ 79.8679955, 6.8840299 ], [ 79.8679883, 6.8840397 ], [ 79.8677986, 6.8842646 ], [ 79.8674872, 6.8846236 ], [ 79.8673533, 6.8847455 ], [ 79.867315, 6.8847726 ], [ 79.8670069, 6.8849907 ] ] ] } },
{ "type": "Feature", "properties": { "osm_id": "98963848", "code": 5112, "fclass": "trunk", "name": "High Level Road", "ref": "AA004", "oneway": "F", "maxspeed": 50, "layer": 0, "bridge": "F", "tunnel": "F" }, "geometry": { "type": "MultiLineString", "coordinates": [ [ [ 79.874506, 6.8786673 ], [ 79.8754219, 6.878487 ], [ 79.8761821, 6.8783371 ], [ 79.8763489, 6.8783042 ] ] ] } },
{ "type": "Feature", "properties": { "osm_id": "940233634", "code": 5112, "fclass": "trunk", "name": "Galle Road", "ref": "AA002", "oneway": "F", "maxspeed": 70, "layer": 0, "bridge": "F", "tunnel": "F" }, "geometry": { "type": "MultiLineString", "coordinates": [ [ [ 79.8548308, 6.8955756 ], [ 79.8548133, 6.8956276 ] ] ] } },
{ "type": "Feature", "properties": { "osm_id": "940233635", "code": 5112, "fclass": "trunk", "name": "Galle Road", "ref": "AA002", "oneway": "F", "maxspeed": 70, "layer": 0, "bridge": "F", "tunnel": "F" }, "geometry": { "type": "MultiLineString", "coordinates": [ [ [ 79.8549061, 6.8953282 ], [ 79.8548308, 6.8955756 ] ] ] } },
{ "type": "Feature", "properties": { "osm_id": "939039032", "code": 5112, "fclass": "trunk", "name": "Colombo - Kandy Road", "ref": "AA001", "oneway": "F", "maxspeed": 60, "layer": 0, "bridge": "F", "tunnel": "F" }, "geometry": { "type": "MultiLineString", "coordinates": [ [ [ 79.9343164, 6.9854468 ], [ 79.9339043, 6.9850038 ], [ 79.9333059, 6.9843963 ], [ 79.932975, 6.9840603 ], [ 79.9319329, 6.9831109 ], [ 79.9316534, 6.9828452 ], [ 79.9312327, 6.9824328 ], [ 79.9310563, 6.9822599 ], [ 79.930679, 6.9818523 ], [ 79.9299783, 6.9810592 ], [ 79.9296821, 6.9807239 ], [ 79.9295162, 6.980549 ] ] ] } },
{ "type": "Feature", "properties": { "osm_id": "707994768", "code": 5112, "fclass": "trunk", "name": "Ratnapura Road", "ref": "AA008", "oneway": "B", "maxspeed": 50, "layer": 0, "bridge": "F", "tunnel": "F" }, "geometry": { "type": "MultiLineString", "coordinates": [ [ [ 80.066074, 6.7174484 ], [ 80.0657698, 6.7172896 ], [ 80.0649629, 6.7168647 ], [ 80.0644458, 6.7165895 ], [ 80.0640981, 6.7165473 ], [ 80.063935, 6.7165692 ], [ 80.0633693, 6.716734 ], [ 80.0629621, 6.7168237 ], [ 80.0628038, 6.7168358 ], [ 80.0624653, 6.7168612 ], [ 80.0621905, 6.7168685 ], [ 80.0620057, 6.7168871 ], [ 80.0617551, 6.7169328 ], [ 80.0615299, 6.7169911 ] ] ] } },
{ "type": "Feature", "properties": { "osm_id": "707994769", "code": 5112, "fclass": "trunk", "name": "Panadura - Horana Road", "ref": "AA008", "oneway": "B", "maxspeed": 70, "layer": 0, "bridge": "F", "tunnel": "F" }, "geometry": { "type": "MultiLineString", "coordinates": [ [ [ 79.9386954, 6.7066648 ], [ 79.9382339, 6.706676 ], [ 79.937981, 6.7066937 ], [ 79.9377851, 6.7067074 ], [ 79.9372192, 6.7068041 ], [ 79.9368556, 6.7068797 ], [ 79.9366687, 6.7069186 ], [ 79.9365134, 6.7069312 ], [ 79.9363336, 6.7069452 ], [ 79.9361336, 6.7069679 ], [ 79.9358341, 6.7069801 ], [ 79.9354972, 6.706972 ], [ 79.9353251, 6.7069587 ], [ 79.9348239, 6.7068815 ], [ 79.9343422, 6.7067855 ], [ 79.9340818, 6.7067606 ], [ 79.933736, 6.7067813 ], [ 79.9336019, 6.7067978 ], [ 79.9331834, 6.706888 ], [ 79.9331263, 6.7068974 ], [ 79.9327344, 6.7069619 ], [ 79.9326721, 6.7069668 ], [ 79.9322755, 6.7069979 ], [ 79.932097, 6.7070377 ], [ 79.9320305, 6.7070594 ], [ 79.9318128, 6.7071256 ], [ 79.9314981, 6.7072864 ], [ 79.9313897, 6.7073565 ], [ 79.9303749, 6.7080575 ], [ 79.9302444, 6.7081476 ], [ 79.9298819, 6.7083729 ], [ 79.9297382, 6.7084448 ], [ 79.9296193, 6.7084985 ], [ 79.9293943, 6.7085534 ], [ 79.928875, 6.7085879 ], [ 79.9288324, 6.7085907 ], [ 79.9286552, 6.7086024 ], [ 79.9284954, 6.7086098 ], [ 79.9283373, 6.7086253 ], [ 79.9282785, 6.7086311 ], [ 79.9278126, 6.7086769 ] ] ] } },
{ "type": "Feature", "properties": { "osm_id": "381739254", "code": 5112, "fclass": "trunk", "name": "Colombo - Negombo Road", "ref": "AA003", "oneway": "F", "maxspeed": 60, "layer": 0, "bridge": "F", "tunnel": "F" }, "geometry": { "type": "MultiLineString", "coordinates": [ [ [ 79.8907857, 7.0808535 ], [ 79.8907516, 7.0806965 ] ] ] } },
{ "type": "Feature", "properties": { "osm_id": "707994764", "code": 5112, "fclass": "trunk", "name": "Horana - Ratnapura Road", "ref": "AA008", "oneway": "B", "maxspeed": 70, "layer": 0, "bridge": "F", "tunnel": "F" }, "geometry": { "type": "MultiLineString", "coordinates": [ [ [ 80.1886429, 6.7372557 ], [ 80.1882433, 6.737076 ], [ 80.1879477, 6.7369402 ], [ 80.1877723, 6.7368934 ], [ 80.1875365, 6.7368844 ], [ 80.1873692, 6.7369154 ], [ 80.187205, 6.7369626 ], [ 80.1871611, 6.7369905 ], [ 80.1868156, 6.7372101 ], [ 80.1866667, 6.7373176 ], [ 80.1863612, 6.7374114 ], [ 80.1859736, 6.7373989 ], [ 80.1855751, 6.7373507 ], [ 80.185106, 6.7374055 ], [ 80.1849076, 6.7374812 ], [ 80.1847012, 6.7375959 ], [ 80.1844928, 6.7377632 ], [ 80.1842004, 6.7380171 ], [ 80.1838763, 6.7382829 ], [ 80.183735, 6.738416 ], [ 80.1831458, 6.7389453 ], [ 80.1830551, 6.7390268 ], [ 80.1827113, 6.7393518 ], [ 80.1825095, 6.7396204 ], [ 80.1820963, 6.7403895 ], [ 80.1818671, 6.7407457 ], [ 80.1816439, 6.7410645 ], [ 80.1814523, 6.7413352 ], [ 80.1812931, 6.7415625 ], [ 80.1809018, 6.7421108 ], [ 80.1807858, 6.7422354 ], [ 80.1806606, 6.7423553 ], [ 80.180418, 6.7425675 ], [ 80.1796568, 6.74304 ], [ 80.1791795, 6.7433114 ], [ 80.1786703, 6.7434995 ], [ 80.1782292, 6.743622 ], [ 80.1776969, 6.7437424 ], [ 80.1771712, 6.7438283 ], [ 80.1768779, 6.7438615 ], [ 80.1767353, 6.743879 ] ] ] } },
{ "type": "Feature", "properties": { "osm_id": "381739255", "code": 5113, "fclass": "primary", "name": "Gampaha - Ja Ela Road", "ref": "AA033", "oneway": "F", "maxspeed": 50, "layer": 0, "bridge": "F", "tunnel": "F" }, "geometry": { "type": "MultiLineString", "coordinates": [ [ [ 79.8907514, 7.0810367 ], [ 79.8907658, 7.0810689 ], [ 79.8907964, 7.0811066 ], [ 79.8908173, 7.0811231 ], [ 79.8908419, 7.0811407 ], [ 79.8908779, 7.0811573 ], [ 79.8909046, 7.0811693 ], [ 79.8909262, 7.0811742 ], [ 79.8909808, 7.0811832 ], [ 79.8910252, 7.0811891 ], [ 79.8910695, 7.0812013 ] ] ] } },
{ "type": "Feature", "properties": { "osm_id": "707994765", "code": 5112, "fclass": "trunk", "name": "Horana Road", "ref": "AA008", "oneway": "B", "maxspeed": 50, "layer": 0, "bridge": "F", "tunnel": "F" }, "geometry": { "type": "MultiLineString", "coordinates": [ [ [ 79.9158965, 6.7096529 ], [ 79.915736, 6.7097116 ], [ 79.914822, 6.7101114 ], [ 79.9145059, 6.7102331 ], [ 79.9142784, 6.710297 ], [ 79.9141269, 6.7103273 ], [ 79.9138471, 6.7103032 ], [ 79.9136636, 6.7102345 ], [ 79.9134238, 6.7101442 ], [ 79.9132631, 6.7101206 ], [ 79.9131116, 6.7101304 ], [ 79.9128636, 6.7101959 ], [ 79.912692, 6.7103025 ], [ 79.9122476, 6.7106447 ], [ 79.9121036, 6.7107633 ], [ 79.9117281, 6.7109728 ], [ 79.9116077, 6.7110502 ], [ 79.9111656, 6.711297 ], [ 79.9109401, 6.7114229 ], [ 79.9105946, 6.7115972 ], [ 79.9103882, 6.7117375 ], [ 79.9101073, 6.7118605 ], [ 79.9100231, 6.7119177 ], [ 79.9097794, 6.7120577 ], [ 79.9094697, 6.7121773 ], [ 79.9091787, 6.7122585 ], [ 79.9088934, 6.7123211 ], [ 79.9083631, 6.712387 ] ] ] } },
{ "type": "Feature", "properties": { "osm_id": "707994766", "code": 5112, "fclass": "trunk", "name": "Panadura - Horana Road", "ref": "AA008", "oneway": "B", "maxspeed": 70, "layer": 0, "bridge": "F", "tunnel": "F" }, "geometry": { "type": "MultiLineString", "coordinates": [ [ [ 80.0368801, 6.7256265 ], [ 80.0363283, 6.7257632 ], [ 80.035691, 6.725952 ], [ 80.0354646, 6.7260205 ], [ 80.0352318, 6.7260646 ], [ 80.0345564, 6.7260804 ], [ 80.0343411, 6.7260824 ], [ 80.0339689, 6.7260983 ] ] ] } },
{ "type": "Feature", "properties": { "osm_id": "707994767", "code": 5112, "fclass": "trunk", "name": "Panadura - Horana Road", "ref": "AA008", "oneway": "B", "maxspeed": 50, "layer": 1, "bridge": "F", "tunnel": "F" }, "geometry": { "type": "MultiLineString", "coordinates": [ [ [ 80.0615299, 6.7169911 ], [ 80.0611416, 6.7171172 ], [ 80.0608049, 6.7172178 ], [ 80.0605026, 6.7172663 ], [ 80.0602946, 6.7172583 ], [ 80.059905, 6.7172411 ], [ 80.0596176, 6.7172912 ], [ 80.0594222, 6.7173996 ], [ 80.0590745, 6.7177367 ], [ 80.058933, 6.7178772 ], [ 80.0586808, 6.7181274 ], [ 80.0582099, 6.7185233 ], [ 80.0581229, 6.7185947 ], [ 80.0574859, 6.7191705 ], [ 80.0567851, 6.7197988 ], [ 80.056571, 6.7199192 ], [ 80.0563532, 6.720043 ], [ 80.0557965, 6.7202283 ], [ 80.0547482, 6.7204963 ], [ 80.0539339, 6.7205999 ], [ 80.0532904, 6.7206721 ] ] ] } },
{ "type": "Feature", "properties": { "osm_id": "707994756", "code": 5112, "fclass": "trunk", "name": "Horana - Ratnapura Road", "ref": "AA008", "oneway": "B", "maxspeed": 70, "layer": 0, "bridge": "F", "tunnel": "F" }, "geometry": { "type": "MultiLineString", "coordinates": [ [ [ 80.1194503, 6.7376652 ], [ 80.1189542, 6.7374204 ], [ 80.1188918, 6.7373984 ], [ 80.1183136, 6.7371188 ], [ 80.1178236, 6.736861 ], [ 80.1171831, 6.7365455 ], [ 80.1170306, 6.736463 ], [ 80.1169335, 6.7364153 ], [ 80.116759, 6.7363243 ], [ 80.1164992, 6.7361902 ], [ 80.1158519, 6.735814 ], [ 80.1156963, 6.7357254 ], [ 80.1153027, 6.7355277 ], [ 80.1151186, 6.7353872 ], [ 80.1150654, 6.7353614 ], [ 80.1145966, 6.7350238 ], [ 80.1137047, 6.7342113 ], [ 80.1135434, 6.7340975 ], [ 80.1133807, 6.73401 ], [ 80.1126045, 6.733783 ], [ 80.1121085, 6.7336028 ], [ 80.1115974, 6.7334025 ] ] ] } },
{ "type": "Feature", "properties": { "osm_id": "707994758", "code": 5112, "fclass": "trunk", "name": "Horana - Ratnapura Road", "ref": "AA008", "oneway": "B", "maxspeed": 50, "layer": 0, "bridge": "F", "tunnel": "F" }, "geometry": { "type": "MultiLineString", "coordinates": [ [ [ 80.1767353, 6.743879 ], [ 80.1763478, 6.7438968 ], [ 80.1753831, 6.7439454 ], [ 80.1751967, 6.7439359 ], [ 80.1750712, 6.7439535 ], [ 80.1741681, 6.7438949 ], [ 80.1722635, 6.7438127 ] ] ] } },
{ "type": "Feature", "properties": { "osm_id": "151574160", "code": 5112, "fclass": "trunk", "name": "High Level Road", "ref": "AA004", "oneway": "F", "maxspeed": 60, "layer": 0, "bridge": "F", "tunnel": "F" }, "geometry": { "type": "MultiLineString", "coordinates": [ [ [ 79.9851096, 6.837921 ], [ 79.9849484, 6.8378344 ], [ 79.9849039, 6.8378092 ], [ 79.9846298, 6.8376489 ], [ 79.9840901, 6.8374791 ], [ 79.9840518, 6.8374718 ], [ 79.9838923, 6.837451 ] ] ] } },
{ "type": "Feature", "properties": { "osm_id": "327966983", "code": 5112, "fclass": "trunk", "name": "Galle Road", "ref": "AA002", "oneway": "B", "maxspeed": 70, "layer": 1, "bridge": "T", "tunnel": "F" }, "geometry": { "type": "MultiLineString", "coordinates": [ [ [ 79.9979803, 6.4267617 ], [ 79.9982066, 6.427337 ], [ 79.9984481, 6.4278812 ] ] ] } },
{ "type": "Feature", "properties": { "osm_id": "327966982", "code": 5112, "fclass": "trunk", "name": "Galle Road", "ref": "AA002", "oneway": "B", "maxspeed": 70, "layer": 0, "bridge": "F", "tunnel": "F" }, "geometry": { "type": "MultiLineString", "coordinates": [ [ [ 79.997878138818265, 6.426437655115656 ], [ 79.9979803, 6.4267617 ] ] ] } },
{ "type": "Feature", "properties": { "osm_id": "329629044", "code": 5112, "fclass": "trunk", "name": "Colombo - Negombo Road", "ref": "AA003", "oneway": "F", "maxspeed": 60, "layer": 0, "bridge": "F", "tunnel": "F" }, "geometry": { "type": "MultiLineString", "coordinates": [ [ [ 79.8963074, 6.9951084 ], [ 79.8965068, 6.995298 ], [ 79.8966603, 6.9954688 ], [ 79.8969971, 6.9958971 ], [ 79.8972318, 6.9963328 ], [ 79.8973577, 6.9965664 ], [ 79.8975681, 6.9969587 ], [ 79.8976475, 6.9971091 ], [ 79.8977394, 6.9972735 ], [ 79.8977748, 6.997337 ], [ 79.8979284, 6.9976122 ], [ 79.8981187, 6.99799 ], [ 79.8982933, 6.9984815 ], [ 79.8983181, 6.9986399 ], [ 79.898342, 6.9988161 ], [ 79.8983484, 6.9990065 ], [ 79.8983803, 6.9999734 ], [ 79.8983592, 7.0003401 ], [ 79.8983263, 7.0005406 ], [ 79.8981782, 7.0013896 ], [ 79.8980682, 7.0019331 ], [ 79.8979304, 7.0023116 ], [ 79.8971573, 7.003984 ], [ 79.8970463, 7.0043592 ], [ 79.8970004, 7.004845 ], [ 79.8969806, 7.0056214 ], [ 79.8969779, 7.0063561 ] ] ] } },
{ "type": "Feature", "properties": { "osm_id": "329629046", "code": 5112, "fclass": "trunk", "name": "Colombo - Negombo Road", "ref": "AA003", "oneway": "F", "maxspeed": 60, "layer": 0, "bridge": "F", "tunnel": "F" }, "geometry": { "type": "MultiLineString", "coordinates": [ [ [ 79.8960339, 6.9947375 ], [ 79.8958957, 6.9946043 ], [ 79.8957791, 6.9944919 ], [ 79.8955156, 6.994269 ], [ 79.8953311, 6.9941105 ], [ 79.8952111, 6.9939973 ], [ 79.895138, 6.9939293 ], [ 79.8950523, 6.9938293 ], [ 79.8949893, 6.993748 ], [ 79.8949331, 6.9936671 ], [ 79.894893, 6.9935941 ], [ 79.8948315, 6.9934736 ], [ 79.8947352, 6.9932399 ], [ 79.8946912, 6.9931403 ], [ 79.8945282, 6.9927174 ], [ 79.894396, 6.9924003 ], [ 79.8943068, 6.9922126 ], [ 79.8942284, 6.9920629 ], [ 79.894156, 6.9919298 ], [ 79.8940264, 6.9917238 ], [ 79.8938887, 6.9915245 ], [ 79.8938201, 6.9914319 ], [ 79.8937004, 6.9912701 ], [ 79.8934569, 6.9909257 ], [ 79.8932589, 6.9906479 ], [ 79.8928272, 6.9900875 ], [ 79.8927166, 6.989947 ], [ 79.8925631, 6.9897638 ], [ 79.8922778, 6.9894233 ], [ 79.8918073, 6.9889286 ], [ 79.891734, 6.9888515 ], [ 79.8915392, 6.9886467 ], [ 79.8915001, 6.9886056 ], [ 79.8912876, 6.9883812 ], [ 79.8912157, 6.9883046 ], [ 79.8910547, 6.9881374 ], [ 79.8909689, 6.9880465 ], [ 79.890529, 6.9875806 ], [ 79.8901749, 6.9872056 ], [ 79.8899047, 6.9869101 ], [ 79.8897639, 6.9867289 ], [ 79.8896547, 6.9865813 ], [ 79.8895595, 6.9864443 ], [ 79.8894726, 6.986302 ], [ 79.8893921, 6.986152 ], [ 79.8893355, 6.986047 ], [ 79.88929, 6.9859628 ], [ 79.8891333, 6.9856519 ] ] ] } },
{ "type": "Feature", "properties": { "osm_id": "771276970", "code": 5112, "fclass": "trunk", "name": "Panadura - Horana Road", "ref": "AA008", "oneway": "B", "maxspeed": 70, "layer": 0, "bridge": "F", "tunnel": "F" }, "geometry": { "type": "MultiLineString", "coordinates": [ [ [ 80.0024581, 6.7190714 ], [ 80.0017903, 6.7191072 ], [ 80.0012314, 6.7191227 ], [ 80.0003259, 6.7190332 ], [ 79.9996361, 6.7189845 ], [ 79.9994297, 6.71898 ], [ 79.9987805, 6.7188603 ], [ 79.9986599, 6.7188405 ] ] ] } },
{ "type": "Feature", "properties": { "osm_id": "771276971", "code": 5112, "fclass": "trunk", "name": "Panadura - Horana Road", "ref": "AA008", "oneway": "B", "maxspeed": 70, "layer": 0, "bridge": "F", "tunnel": "F" }, "geometry": { "type": "MultiLineString", "coordinates": [ [ [ 80.0075448, 6.7185075 ], [ 80.0072642, 6.7185098 ], [ 80.0065905, 6.7185233 ], [ 80.0064702, 6.7185226 ], [ 80.0056969, 6.7186147 ], [ 80.0056427, 6.71861 ], [ 80.0055589, 6.718624 ], [ 80.0051636, 6.7186704 ], [ 80.0044894, 6.7187851 ], [ 80.0034317, 6.718967 ], [ 80.0033293, 6.7189856 ], [ 80.0030634, 6.719032 ], [ 80.0029784, 6.7190515 ] ] ] } },
{ "type": "Feature", "properties": { "osm_id": "329629041", "code": 5112, "fclass": "trunk", "name": "Colombo - Negombo Road", "ref": "AA003", "oneway": "F", "maxspeed": 60, "layer": 1, "bridge": "T", "tunnel": "F" }, "geometry": { "type": "MultiLineString", "coordinates": [ [ [ 79.8963611, 6.9950471 ], [ 79.8963269, 6.9950147 ], [ 79.8960339, 6.9947375 ] ] ] } },
{ "type": "Feature", "properties": { "osm_id": "329629042", "code": 5112, "fclass": "trunk", "name": "Colombo - Negombo Road", "ref": "AA003", "oneway": "F", "maxspeed": 60, "layer": 1, "bridge": "T", "tunnel": "F" }, "geometry": { "type": "MultiLineString", "coordinates": [ [ [ 79.8959774, 6.9947889 ], [ 79.8963074, 6.9951084 ] ] ] } },
{ "type": "Feature", "properties": { "osm_id": "771244067", "code": 5112, "fclass": "trunk", "name": "High Level Road", "ref": "AA004", "oneway": "B", "maxspeed": 60, "layer": 0, "bridge": "F", "tunnel": "F" }, "geometry": { "type": "MultiLineString", "coordinates": [ [ [ 80.1775363, 6.9357663 ], [ 80.1779344, 6.9357121 ], [ 80.1780889, 6.9356838 ], [ 80.1782293, 6.9356581 ], [ 80.1783527, 6.9355995 ], [ 80.1789776, 6.9351284 ], [ 80.1792619, 6.9350139 ], [ 80.1799031, 6.9349539 ], [ 80.1804609, 6.9350512 ], [ 80.180743, 6.9351341 ], [ 80.1815794, 6.9355197 ], [ 80.181979, 6.9355916 ], [ 80.1825208, 6.9356342 ], [ 80.1829511, 6.9357523 ], [ 80.1832911, 6.9358064 ], [ 80.1833636, 6.9358036 ], [ 80.1835697, 6.9357321 ], [ 80.1837654, 6.9356235 ], [ 80.1840166, 6.9353612 ], [ 80.184112, 6.9352883 ], [ 80.1844654, 6.9351018 ], [ 80.1846639, 6.9350538 ], [ 80.1852325, 6.9349926 ], [ 80.1853022, 6.9349912 ], [ 80.1856148, 6.9350631 ], [ 80.1859127, 6.9349832 ], [ 80.1865405, 6.9346451 ], [ 80.1869807, 6.9343489 ], [ 80.1871848, 6.9341558 ], [ 80.1872778, 6.9339973 ], [ 80.1875158, 6.9337353 ], [ 80.1876415, 6.9336289 ], [ 80.1877574, 6.9335603 ], [ 80.1880133, 6.9334717 ] ] ] } },
{ "type": "Feature", "properties": { "osm_id": "318024922", "code": 5112, "fclass": "trunk", "name": "Colombo - Negombo Road", "ref": "AA003", "oneway": "F", "maxspeed": 60, "layer": 1, "bridge": "T", "tunnel": "F" }, "geometry": { "type": "MultiLineString", "coordinates": [ [ [ 79.8969779, 7.0063561 ], [ 79.8969775, 7.0066568 ] ] ] } },
{ "type": "Feature", "properties": { "osm_id": "318024923", "code": 5112, "fclass": "trunk", "name": "Colombo - Negombo Road", "ref": "AA003", "oneway": "F", "maxspeed": 60, "layer": 0, "bridge": "F", "tunnel": "F" }, "geometry": { "type": "MultiLineString", "coordinates": [ [ [ 79.8970671, 7.0063468 ], [ 79.8970682, 7.0056235 ], [ 79.897074, 7.0048425 ], [ 79.8970842, 7.0046599 ], [ 79.897115, 7.0043732 ], [ 79.8972238, 7.0040015 ], [ 79.8979923, 7.0023456 ], [ 79.8981364, 7.0019437 ], [ 79.8982739, 7.0013127 ], [ 79.8984022, 7.000562 ], [ 79.898439, 7.0002178 ], [ 79.8984664, 6.9999622 ], [ 79.8984591, 6.9997892 ], [ 79.8984178, 6.9988135 ], [ 79.8983738, 6.9984648 ], [ 79.8983326, 6.9983054 ] ] ] } },
{ "type": "Feature", "properties": { "osm_id": "423531347", "code": 5113, "fclass": "primary", "name": "Gampaha - Ja Ela Road", "ref": "AA033", "oneway": "F", "maxspeed": 70, "layer": 0, "bridge": "F", "tunnel": "F" }, "geometry": { "type": "MultiLineString", "coordinates": [ [ [ 79.9103518, 7.1013749 ], [ 79.9104128, 7.1013731 ], [ 79.9104889, 7.1013644 ], [ 79.9106782, 7.101328 ] ] ] } },
{ "type": "Feature", "properties": { "osm_id": "752165818", "code": 5112, "fclass": "trunk", "name": "High Level Road", "ref": "AA004", "oneway": "F", "maxspeed": 60, "layer": 0, "bridge": "F", "tunnel": "F" }, "geometry": { "type": "MultiLineString", "coordinates": [ [ [ 79.9765145, 6.8395714 ], [ 79.976703, 6.8395255 ], [ 79.9771253, 6.8394461 ], [ 79.9773865, 6.839368 ], [ 79.9784313, 6.8389222 ], [ 79.9786743, 6.8388533 ], [ 79.9788611, 6.8388003 ], [ 79.9795991, 6.838693 ] ] ] } },
{ "type": "Feature", "properties": { "osm_id": "752165821", "code": 5112, "fclass": "trunk", "name": "High Level Road", "ref": "AA004", "oneway": "F", "maxspeed": 50, "layer": 0, "bridge": "F", "tunnel": "F" }, "geometry": { "type": "MultiLineString", "coordinates": [ [ [ 79.966322, 6.8407356 ], [ 79.9660849, 6.8408496 ], [ 79.96593, 6.8409162 ], [ 79.96566, 6.8410271 ] ] ] } },
{ "type": "Feature", "properties": { "osm_id": "752124731", "code": 5112, "fclass": "trunk", "name": "High Level Road", "ref": "AA004", "oneway": "F", "maxspeed": 60, "layer": 0, "bridge": "F", "tunnel": "F" }, "geometry": { "type": "MultiLineString", "coordinates": [ [ [ 79.9636138, 6.8415959 ], [ 79.9632625, 6.841696 ], [ 79.9630402, 6.8417699 ], [ 79.9628875, 6.8418399 ], [ 79.9627373, 6.841907 ], [ 79.9622191, 6.8422275 ], [ 79.9620473, 6.8423413 ], [ 79.9619602, 6.8424005 ], [ 79.9614724, 6.8427302 ], [ 79.9609579, 6.8430232 ], [ 79.9606791, 6.8431614 ], [ 79.9603665, 6.8432858 ], [ 79.959905, 6.8433981 ], [ 79.9590632, 6.8434664 ], [ 79.9585826, 6.8434806 ], [ 79.9577801, 6.8435184 ], [ 79.9574875, 6.8435369 ] ] ] } },
{ "type": "Feature", "properties": { "osm_id": "752165817", "code": 5112, "fclass": "trunk", "name": "High Level Road", "ref": "AA004", "oneway": "F", "maxspeed": 60, "layer": 0, "bridge": "F", "tunnel": "F" }, "geometry": { "type": "MultiLineString", "coordinates": [ [ [ 79.9795857, 6.8386292 ], [ 79.9794097, 6.8386629 ], [ 79.9788541, 6.8387434 ], [ 79.9784219, 6.8388534 ], [ 79.9776295, 6.8392109 ], [ 79.9773342, 6.839324 ], [ 79.9768991, 6.8394168 ], [ 79.9764692, 6.8394612 ] ] ] } },
{ "type": "Feature", "properties": { "osm_id": "752124727", "code": 5112, "fclass": "trunk", "name": "High Level Road", "ref": "AA004", "oneway": "F", "maxspeed": 50, "layer": 0, "bridge": "F", "tunnel": "F" }, "geometry": { "type": "MultiLineString", "coordinates": [ [ [ 79.9648933, 6.8415721 ], [ 79.9649781, 6.8415158 ], [ 79.9653855, 6.8412522 ], [ 79.9656921, 6.8411165 ] ] ] } },
{ "type": "Feature", "properties": { "osm_id": "752124729", "code": 5112, "fclass": "trunk", "name": "High Level Road", "ref": "AA004", "oneway": "B", "maxspeed": 60, "layer": 0, "bridge": "F", "tunnel": "F" }, "geometry": { "type": "MultiLineString", "coordinates": [ [ [ 79.9299152, 6.8451617 ], [ 79.9302846, 6.8449619 ], [ 79.9303986, 6.844902 ], [ 79.9305904, 6.84485 ], [ 79.9307735, 6.8448213 ], [ 79.9308921, 6.844796 ] ] ] } },
{ "type": "Feature", "properties": { "osm_id": "752124730", "code": 5112, "fclass": "trunk", "name": "High Level Road", "ref": "AA004", "oneway": "F", "maxspeed": 60, "layer": 0, "bridge": "F", "tunnel": "F" }, "geometry": { "type": "MultiLineString", "coordinates": [ [ [ 79.947833, 6.8463201 ], [ 79.9475802, 6.8462741 ], [ 79.9470478, 6.8461376 ], [ 79.9467536, 6.8460739 ], [ 79.9462377, 6.8459352 ], [ 79.9455571, 6.8457522 ], [ 79.9445603, 6.8454969 ], [ 79.9438351, 6.8453074 ], [ 79.9433302, 6.8452042 ], [ 79.9432726, 6.8451924 ], [ 79.9428957, 6.845115 ], [ 79.9424303, 6.8450431 ], [ 79.9420562, 6.8449792 ], [ 79.9416961, 6.8449219 ], [ 79.9414507, 6.8448887 ], [ 79.9412341, 6.8448813 ], [ 79.9410181, 6.8448966 ], [ 79.9409317, 6.8449019 ], [ 79.9408485, 6.8449139 ], [ 79.9406976, 6.8449399 ], [ 79.9402357, 6.8450172 ], [ 79.9398869, 6.8450877 ], [ 79.9392606, 6.8452335 ], [ 79.938928, 6.8453167 ], [ 79.9387312, 6.8453615 ], [ 79.938407, 6.8454173 ], [ 79.9381383, 6.84545 ], [ 79.9378203, 6.8454832 ], [ 79.9376453, 6.8454905 ], [ 79.9373576, 6.8454885 ], [ 79.9369767, 6.8454586 ], [ 79.9366549, 6.8454193 ], [ 79.9365389, 6.8454066 ], [ 79.9364054, 6.845394 ], [ 79.93616, 6.8453527 ], [ 79.9359635, 6.8453014 ], [ 79.9357697, 6.8452229 ], [ 79.935527, 6.8451257 ], [ 79.9352903, 6.8450358 ], [ 79.9351086, 6.8449579 ], [ 79.9346559, 6.8447835 ], [ 79.9344655, 6.8447082 ], [ 79.9342771, 6.8446536 ], [ 79.9338875, 6.8445771 ], [ 79.933748, 6.8445684 ], [ 79.9334986, 6.8445744 ], [ 79.9332672, 6.8445851 ], [ 79.9329856, 6.844617 ], [ 79.9326485, 6.8446487 ], [ 79.932519, 6.8446609 ], [ 79.9323915, 6.8446729 ], [ 79.932189, 6.8446889 ], [ 79.932079, 6.8446956 ], [ 79.9319516, 6.8447089 ], [ 79.9317437, 6.8447169 ], [ 79.9313669, 6.8447329 ], [ 79.9308921, 6.844796 ] ] ] } },
{ "type": "Feature", "properties": { "osm_id": "423536173", "code": 5113, "fclass": "primary", "name": "Gampaha - Ja Ela Road", "ref": "AA033", "oneway": "B", "maxspeed": 50, "layer": 1, "bridge": "T", "tunnel": "F" }, "geometry": { "type": "MultiLineString", "coordinates": [ [ [ 79.9758878, 7.0939624 ], [ 79.9759398, 7.0939841 ] ] ] } },
{ "type": "Feature", "properties": { "osm_id": "423536174", "code": 5113, "fclass": "primary", "name": "Gampaha - Ja Ela Road", "ref": "AA033", "oneway": "B", "maxspeed": 50, "layer": 0, "bridge": "F", "tunnel": "F" }, "geometry": { "type": "MultiLineString", "coordinates": [ [ [ 79.9759398, 7.0939841 ], [ 79.9759434, 7.0939857 ], [ 79.9763122, 7.0941433 ], [ 79.976695, 7.0943043 ], [ 79.9768825, 7.0943582 ], [ 79.9770458, 7.0943824 ], [ 79.9771958, 7.0943534 ], [ 79.9772913, 7.0943195 ], [ 79.9777462, 7.0941187 ], [ 79.9780246, 7.0940471 ], [ 79.9780537, 7.0940396 ], [ 79.9783361, 7.0940129 ], [ 79.9785933, 7.0939951 ], [ 79.9786378, 7.093988 ], [ 79.9794247, 7.0938854 ], [ 79.9795328, 7.0938713 ], [ 79.979554, 7.0938685 ], [ 79.9799828, 7.0938431 ], [ 79.980042, 7.0938402 ], [ 79.9801658, 7.0938341 ], [ 79.9802694, 7.093833 ], [ 79.9806495, 7.0938012 ] ] ] } },
{ "type": "Feature", "properties": { "osm_id": "753200790", "code": 5112, "fclass": "trunk", "name": "H. Sri Nissanka Mawatha", "ref": "AA004", "oneway": "B", "maxspeed": 50, "layer": 0, "bridge": "F", "tunnel": "F" }, "geometry": { "type": "MultiLineString", "coordinates": [ [ [ 79.8700619, 6.881386 ], [ 79.8701117, 6.8812967 ] ] ] } },
{ "type": "Feature", "properties": { "osm_id": "753200786", "code": 5112, "fclass": "trunk", "name": "H. Sri Nissanka Mawatha", "ref": "AA004", "oneway": "F", "maxspeed": 50, "layer": 0, "bridge": "F", "tunnel": "F" }, "geometry": { "type": "MultiLineString", "coordinates": [ [ [ 79.8725854, 6.8784639 ], [ 79.8722852, 6.8784384 ], [ 79.8720396, 6.8784454 ], [ 79.8717688, 6.878527 ], [ 79.8716465, 6.8786303 ] ] ] } },
{ "type": "Feature", "properties": { "osm_id": "753200787", "code": 5112, "fclass": "trunk", "name": "High Level Road", "ref": "AA004", "oneway": "F", "maxspeed": 50, "layer": 1, "bridge": "T", "tunnel": "F" }, "geometry": { "type": "MultiLineString", "coordinates": [ [ [ 79.873064, 6.8785512 ], [ 79.8729209, 6.8785218 ] ] ] } },
{ "type": "Feature", "properties": { "osm_id": "753200788", "code": 5112, "fclass": "trunk", "name": "High Level Road", "ref": "AA004", "oneway": "F", "maxspeed": 50, "layer": 0, "bridge": "F", "tunnel": "F" }, "geometry": { "type": "MultiLineString", "coordinates": [ [ [ 79.8819058, 6.8737331 ], [ 79.8817977, 6.8738725 ], [ 79.8817654, 6.8739457 ], [ 79.8817211, 6.8740458 ], [ 79.8817154, 6.8740587 ], [ 79.8816312, 6.8742491 ], [ 79.8815781, 6.8743658 ], [ 79.8814772, 6.8745878 ], [ 79.8813291, 6.8749012 ], [ 79.8812833, 6.8750052 ], [ 79.8812229, 6.8751424 ], [ 79.881124, 6.8753647 ], [ 79.8810857, 6.8754498 ], [ 79.8810217, 6.8755914 ], [ 79.8809372, 6.8757676 ], [ 79.8808829, 6.875881 ], [ 79.8808348, 6.8759813 ], [ 79.8807901, 6.8760746 ], [ 79.8806479, 6.8763333 ], [ 79.8805641, 6.8764713 ], [ 79.8804928, 6.8765734 ], [ 79.8803541, 6.8767544 ], [ 79.8802854, 6.8768331 ], [ 79.8801022, 6.876998 ], [ 79.8799668, 6.8770903 ], [ 79.8797645, 6.8772279 ], [ 79.879615, 6.8773138 ], [ 79.8794316, 6.8774386 ], [ 79.8791937, 6.8775346 ], [ 79.8782871, 6.8777797 ], [ 79.8781585, 6.8778076 ], [ 79.876475, 6.8782073 ] ] ] } },
{ "type": "Feature", "properties": { "osm_id": "753200789", "code": 5112, "fclass": "trunk", "name": "High Level Road", "ref": "AA004", "oneway": "B", "maxspeed": 50, "layer": 0, "bridge": "F", "tunnel": "F" }, "geometry": { "type": "MultiLineString", "coordinates": [ [ [ 79.8819058, 6.8737331 ], [ 79.8820071, 6.8735434 ], [ 79.8820814, 6.8734421 ], [ 79.8822895, 6.8731948 ], [ 79.8824218, 6.8730767 ], [ 79.8825482, 6.8729791 ], [ 79.8828404, 6.8727989 ], [ 79.8831876, 6.8725848 ], [ 79.8834205, 6.8724535 ], [ 79.8836027, 6.8723496 ], [ 79.8838604, 6.8722089 ], [ 79.8840406, 6.8721106 ], [ 79.8847585, 6.8717188 ], [ 79.8854764, 6.8713269 ], [ 79.8861807, 6.8709202 ], [ 79.8865783, 6.8706906 ], [ 79.8866779, 6.8706379 ], [ 79.8867257, 6.8706123 ], [ 79.8869336, 6.8704872 ], [ 79.8870239, 6.870435 ], [ 79.8871874, 6.8703304 ], [ 79.8872156, 6.8703098 ] ] ] } },
{ "type": "Feature", "properties": { "osm_id": "319048587", "code": 5112, "fclass": "trunk", "name": "Colombo - Negombo Road", "ref": "AA003", "oneway": "F", "maxspeed": 60, "layer": 0, "bridge": "F", "tunnel": "F" }, "geometry": { "type": "MultiLineString", "coordinates": [ [ [ 79.8892828, 6.9860986 ], [ 79.8894417, 6.9863821 ] ] ] } },
{ "type": "Feature", "properties": { "osm_id": "318900140", "code": 5112, "fclass": "trunk", "name": "Colombo - Negombo Road", "ref": "AA003", "oneway": "F", "maxspeed": 60, "layer": 0, "bridge": "F", "tunnel": "F" }, "geometry": { "type": "MultiLineString", "coordinates": [ [ [ 79.8969775, 7.0066568 ], [ 79.8969661, 7.0068694 ], [ 79.8969511, 7.0071048 ], [ 79.8969491, 7.0071369 ], [ 79.8969296, 7.0073323 ], [ 79.8968472, 7.0078246 ], [ 79.8967248, 7.008371 ], [ 79.8966727, 7.0087701 ], [ 79.8966526, 7.0091159 ], [ 79.896652, 7.0093075 ], [ 79.89666, 7.0095024 ], [ 79.8966814, 7.0097417 ], [ 79.8967176, 7.0099997 ], [ 79.8967706, 7.0102706 ], [ 79.8968424, 7.010514 ], [ 79.8969167, 7.0107567 ], [ 79.8970395, 7.0111425 ], [ 79.897129, 7.0114331 ], [ 79.8972062, 7.0116835 ], [ 79.897264, 7.0118652 ], [ 79.8974348, 7.0124022 ], [ 79.8975258, 7.0126905 ], [ 79.897637, 7.0130777 ], [ 79.8977539, 7.0134546 ], [ 79.8978064, 7.0136291 ], [ 79.8978522, 7.0137816 ], [ 79.8980672, 7.014537 ], [ 79.8981413, 7.0147971 ], [ 79.8982369, 7.0151115 ], [ 79.8983426, 7.0154036 ], [ 79.8984412, 7.0156833 ], [ 79.8985305, 7.0159231 ], [ 79.8986324, 7.0162011 ], [ 79.8986739, 7.0163145 ], [ 79.8987201, 7.0164489 ], [ 79.8987835, 7.0166459 ], [ 79.8989008, 7.0169537 ], [ 79.8992517, 7.0178747 ], [ 79.8994001, 7.0182843 ], [ 79.89944, 7.0184059 ], [ 79.8994781, 7.0185223 ], [ 79.8995247, 7.0187061 ], [ 79.899561, 7.0189151 ], [ 79.8995798, 7.0190578 ], [ 79.8995845, 7.0191732 ], [ 79.8995867, 7.0193144 ], [ 79.899587, 7.019337 ], [ 79.8995906, 7.0194992 ], [ 79.8995824, 7.0196402 ], [ 79.8995524, 7.0199766 ], [ 79.8994889, 7.0204457 ], [ 79.8994774, 7.0206858 ], [ 79.899475, 7.0208673 ], [ 79.89948, 7.0210241 ], [ 79.8994925, 7.0211987 ], [ 79.899503, 7.0213465 ], [ 79.8995491, 7.0217435 ], [ 79.8995534, 7.0217699 ], [ 79.8996516, 7.022453 ], [ 79.8996864, 7.0227679 ], [ 79.8996949, 7.0228812 ], [ 79.8997062, 7.0231459 ], [ 79.8997348, 7.0237692 ], [ 79.8997474, 7.0242326 ], [ 79.8997504, 7.0243976 ], [ 79.8997466, 7.0245084 ], [ 79.8997168, 7.0246558 ], [ 79.8996884, 7.0247742 ], [ 79.8996487, 7.0248957 ], [ 79.8995989, 7.0250029 ], [ 79.8995228, 7.0251504 ], [ 79.8994636, 7.0252361 ], [ 79.8993816, 7.0253483 ], [ 79.8991107, 7.0256631 ], [ 79.8987834, 7.0260294 ], [ 79.8986802, 7.0261426 ], [ 79.8982684, 7.0266324 ], [ 79.898196, 7.0267442 ], [ 79.898137, 7.026844 ], [ 79.8980833, 7.0269665 ], [ 79.8980297, 7.0271302 ], [ 79.8979882, 7.0272992 ], [ 79.897866, 7.028022 ], [ 79.8978352, 7.0282163 ], [ 79.8976783, 7.0292012 ], [ 79.8976475, 7.0294555 ], [ 79.8976368, 7.0295859 ], [ 79.8976381, 7.0296698 ], [ 79.8976381, 7.0297723 ], [ 79.8976609, 7.0300011 ], [ 79.897689, 7.0302155 ], [ 79.8977078, 7.0303366 ], [ 79.897728, 7.0304418 ], [ 79.8978012, 7.0307063 ], [ 79.8978092, 7.0307332 ], [ 79.8978902, 7.0310062 ], [ 79.8979332, 7.0311512 ], [ 79.898023, 7.0314827 ], [ 79.8981209, 7.0318593 ], [ 79.8982081, 7.0322333 ], [ 79.8982966, 7.03261 ], [ 79.8983543, 7.0328669 ], [ 79.8984066, 7.0330985 ], [ 79.8984092, 7.0331136 ], [ 79.8984424, 7.033307 ], [ 79.8986152, 7.034043 ], [ 79.8986386, 7.0341446 ], [ 79.8986882, 7.0344068 ], [ 79.8987163, 7.0346118 ], [ 79.8987284, 7.0347942 ], [ 79.8987231, 7.0349965 ], [ 79.8987204, 7.0351709 ], [ 79.898715, 7.0353559 ], [ 79.898707, 7.0355981 ], [ 79.8986429, 7.0365322 ], [ 79.8986292, 7.0367321 ], [ 79.8985863, 7.0373856 ], [ 79.8985581, 7.0375933 ], [ 79.8985179, 7.0377956 ], [ 79.8984535, 7.0380392 ], [ 79.8983985, 7.0382242 ], [ 79.8983516, 7.0383932 ], [ 79.8982859, 7.0386115 ], [ 79.8982054, 7.0388751 ], [ 79.8981544, 7.0390734 ], [ 79.8981182, 7.0392383 ], [ 79.8980887, 7.0394154 ], [ 79.8980619, 7.0396391 ], [ 79.8980622, 7.0398826 ], [ 79.8980779, 7.0401727 ], [ 79.8981049, 7.0404523 ], [ 79.8981344, 7.0407238 ], [ 79.8981451, 7.0409248 ], [ 79.8981424, 7.0412043 ], [ 79.8981343, 7.0413654 ], [ 79.8981183, 7.0414571 ], [ 79.8980713, 7.0416754 ], [ 79.898019, 7.0418591 ], [ 79.8979332, 7.0421253 ], [ 79.8978594, 7.042349 ], [ 79.897773, 7.042599 ], [ 79.8977467, 7.042675 ], [ 79.8976341, 7.0429732 ], [ 79.8975576, 7.0431954 ], [ 79.8975241, 7.0433299 ], [ 79.8974893, 7.0434776 ], [ 79.8974557, 7.0436413 ], [ 79.8974182, 7.0438635 ], [ 79.8973793, 7.0440979 ], [ 79.8973297, 7.0444546 ], [ 79.8973002, 7.0446714 ], [ 79.8972371, 7.0451067 ], [ 79.8971969, 7.0454328 ], [ 79.8971714, 7.0457549 ], [ 79.8971553, 7.0461848 ], [ 79.897153, 7.0466173 ], [ 79.8971486, 7.0467505 ], [ 79.8971352, 7.0469222 ], [ 79.8971178, 7.0470832 ], [ 79.8970923, 7.0473001 ], [ 79.8970561, 7.0475118 ], [ 79.8970293, 7.0476382 ], [ 79.8969957, 7.0477953 ], [ 79.8967986, 7.0484967 ], [ 79.8966404, 7.0490078 ], [ 79.8965363, 7.0493344 ], [ 79.8965143, 7.0494265 ], [ 79.8964842, 7.0495191 ], [ 79.8964319, 7.0496806 ], [ 79.8963992, 7.0497812 ], [ 79.8963251, 7.0500259 ], [ 79.8962661, 7.0502331 ], [ 79.8962166, 7.0504131 ], [ 79.8962015, 7.0505338 ], [ 79.896193, 7.050653 ], [ 79.8961973, 7.0507793 ], [ 79.8962127, 7.050938 ], [ 79.896243, 7.0510983 ], [ 79.8962796, 7.0512155 ], [ 79.8963447, 7.0513713 ], [ 79.8964513, 7.0515627 ], [ 79.8964601, 7.0515768 ], [ 79.8966001, 7.051814 ], [ 79.8966949, 7.0519673 ], [ 79.8967714, 7.0521128 ], [ 79.896856, 7.0523283 ], [ 79.8968966, 7.0524554 ], [ 79.8969421, 7.0526126 ], [ 79.896975, 7.052817 ], [ 79.8969792, 7.0528432 ], [ 79.8969906, 7.0530246 ], [ 79.8969968, 7.0532021 ], [ 79.8969891, 7.0533279 ], [ 79.8969764, 7.0534613 ], [ 79.8969372, 7.0536718 ], [ 79.8968606, 7.0539698 ], [ 79.8968379, 7.0540452 ], [ 79.8967744, 7.0542561 ], [ 79.8966971, 7.0545207 ], [ 79.8966018, 7.0548694 ], [ 79.8965771, 7.0550177 ], [ 79.8965602, 7.0552197 ], [ 79.8965695, 7.0553725 ], [ 79.8965817, 7.0554958 ], [ 79.8965934, 7.0555783 ], [ 79.896601, 7.0556351 ], [ 79.8966365, 7.0557941 ], [ 79.8966739, 7.0559237 ], [ 79.8967507, 7.0561278 ], [ 79.896818, 7.0563204 ], [ 79.8968484, 7.0564513 ], [ 79.8968661, 7.0565937 ], [ 79.8968738, 7.0566881 ], [ 79.8968721, 7.0568045 ], [ 79.8968585, 7.0569614 ], [ 79.896837, 7.0570898 ], [ 79.896777, 7.0573356 ], [ 79.8966835, 7.0575506 ], [ 79.8966074, 7.0577168 ], [ 79.8964208, 7.0580511 ], [ 79.8962317, 7.0583894 ], [ 79.896129, 7.0585806 ], [ 79.8960136, 7.0587889 ], [ 79.8958767, 7.0590124 ], [ 79.8958207, 7.0590906 ], [ 79.8957253, 7.0592239 ], [ 79.8954328, 7.05963 ], [ 79.8952833, 7.0598478 ], [ 79.8951494, 7.0600454 ], [ 79.895062, 7.0602068 ], [ 79.8949834, 7.0603686 ], [ 79.8949161, 7.0605386 ], [ 79.8948628, 7.0607161 ], [ 79.8948156, 7.0608635 ], [ 79.8947394, 7.0611156 ], [ 79.894625, 7.0614741 ], [ 79.8944928, 7.0618334 ], [ 79.8944142, 7.0620105 ], [ 79.8943161, 7.0621717 ], [ 79.894234, 7.0623024 ], [ 79.8940897, 7.0624841 ], [ 79.893943, 7.0626292 ], [ 79.8936303, 7.0629647 ], [ 79.8934812, 7.0631858 ], [ 79.8934004, 7.0633327 ], [ 79.8933327, 7.0635103 ], [ 79.8933001, 7.0636168 ], [ 79.8932586, 7.0638065 ], [ 79.8932335, 7.0639732 ], [ 79.8932259, 7.064122 ], [ 79.8932149, 7.0644785 ], [ 79.8932116, 7.0645731 ], [ 79.8932042, 7.0647753 ], [ 79.8931799, 7.0651409 ], [ 79.8931619, 7.0653153 ], [ 79.8931439, 7.0654967 ], [ 79.8931035, 7.0657588 ], [ 79.8930833, 7.0658851 ], [ 79.8930629, 7.0660113 ], [ 79.8930535, 7.0661583 ], [ 79.893053, 7.0662938 ], [ 79.8930664, 7.066422 ], [ 79.8930919, 7.0665585 ], [ 79.8931169, 7.0666719 ], [ 79.8931525, 7.0667944 ], [ 79.8931784, 7.0668678 ], [ 79.8932161, 7.0669582 ], [ 79.8933177, 7.0671364 ], [ 79.8934522, 7.0673438 ], [ 79.8937193, 7.0676932 ], [ 79.8938154, 7.0678568 ], [ 79.8938576, 7.0679512 ], [ 79.8939034, 7.0680761 ], [ 79.8939422, 7.0682135 ], [ 79.8939721, 7.0683786 ], [ 79.8939836, 7.0685769 ], [ 79.8939806, 7.0687173 ], [ 79.8939596, 7.0688814 ], [ 79.8939166, 7.0690419 ], [ 79.8938529, 7.0692096 ], [ 79.8937579, 7.0694066 ], [ 79.8935903, 7.0697664 ], [ 79.8934477, 7.0700523 ], [ 79.8933601, 7.0702329 ], [ 79.8932847, 7.0704078 ], [ 79.8932516, 7.0704937 ], [ 79.8931703, 7.0707359 ], [ 79.8931145, 7.0709317 ], [ 79.8930678, 7.0711228 ], [ 79.8930165, 7.0714088 ], [ 79.8929916, 7.0715834 ], [ 79.8929758, 7.0717215 ], [ 79.8929349, 7.0723763 ], [ 79.8929051, 7.0725676 ], [ 79.8928673, 7.0727543 ], [ 79.8927976, 7.072982 ], [ 79.8927471, 7.0731252 ], [ 79.8926842, 7.0732529 ], [ 79.8926062, 7.073404 ], [ 79.8924496, 7.0736704 ], [ 79.8920495, 7.074338 ], [ 79.8919919, 7.0744388 ], [ 79.8919478, 7.0745391 ], [ 79.8918986, 7.0746632 ], [ 79.8918552, 7.0747825 ], [ 79.8918266, 7.0748809 ], [ 79.8916409, 7.0755279 ], [ 79.8914536, 7.0761991 ], [ 79.8912973, 7.0767172 ], [ 79.8910659, 7.0775648 ], [ 79.8908397, 7.0784332 ], [ 79.8906161, 7.079309 ], [ 79.8905866, 7.0794358 ], [ 79.8905647, 7.0795392 ], [ 79.8905515, 7.0796349 ], [ 79.8905422, 7.0797163 ], [ 79.8905403, 7.079828 ], [ 79.8905443, 7.0799371 ], [ 79.8905517, 7.0799902 ], [ 79.8905601, 7.0800455 ], [ 79.8905791, 7.0801437 ], [ 79.8905852, 7.0801839 ], [ 79.8905901, 7.080216 ] ] ] } },
{ "type": "Feature", "properties": { "osm_id": "318900141", "code": 5112, "fclass": "trunk", "name": "Colombo - Negombo Road", "ref": "AA003", "oneway": "F", "maxspeed": 60, "layer": 1, "bridge": "T", "tunnel": "F" }, "geometry": { "type": "MultiLineString", "coordinates": [ [ [ 79.8970599, 7.006645 ], [ 79.8970671, 7.0063468 ] ] ] } },
{ "type": "Feature", "properties": { "osm_id": "752864886", "code": 5112, "fclass": "trunk", "name": "High Level Road", "ref": "AA004", "oneway": "F", "maxspeed": 60, "layer": 0, "bridge": "F", "tunnel": "F" }, "geometry": { "type": "MultiLineString", "coordinates": [ [ [ 79.9475834, 6.8463654 ], [ 79.9478086, 6.8464108 ], [ 79.9479443, 6.8464308 ], [ 79.9483796, 6.8464254 ], [ 79.9485034, 6.8464 ], [ 79.9488517, 6.8463123 ], [ 79.9493104, 6.8462308 ], [ 79.9494249, 6.8462104 ] ] ] } },
{ "type": "Feature", "properties": { "osm_id": "752864887", "code": 5112, "fclass": "trunk", "name": "High Level Road", "ref": "AA004", "oneway": "F", "maxspeed": 60, "layer": 0, "bridge": "F", "tunnel": "F" }, "geometry": { "type": "MultiLineString", "coordinates": [ [ [ 79.9494249, 6.8462104 ], [ 79.9494845, 6.8462019 ], [ 79.9497252, 6.8461674 ], [ 79.9515601, 6.8459578 ], [ 79.9520676, 6.845847 ], [ 79.952832, 6.8455677 ], [ 79.9532447, 6.8453974 ], [ 79.955174, 6.8444602 ], [ 79.9568504, 6.843716 ], [ 79.9571335, 6.8436315 ], [ 79.9575006, 6.8435814 ] ] ] } },
{ "type": "Feature", "properties": { "osm_id": "319048581", "code": 5112, "fclass": "trunk", "name": "Colombo - Negombo Road", "ref": "AA003", "oneway": "F", "maxspeed": 60, "layer": 0, "bridge": "F", "tunnel": "F" }, "geometry": { "type": "MultiLineString", "coordinates": [ [ [ 79.8891333, 6.9856519 ], [ 79.8890232, 6.9854063 ], [ 79.8890139, 6.9853776 ], [ 79.8889129, 6.9851604 ], [ 79.888878, 6.9850767 ], [ 79.8888443, 6.9849598 ], [ 79.8888156, 6.9847918 ], [ 79.8887837, 6.9844451 ], [ 79.8887768, 6.9843707 ], [ 79.888759, 6.9841322 ], [ 79.8887325, 6.9839883 ], [ 79.8886927, 6.9838052 ], [ 79.8886588, 6.9836795 ], [ 79.8885912, 6.9834966 ], [ 79.8883878, 6.9829161 ], [ 79.8882883, 6.9826243 ], [ 79.8881647, 6.9822621 ], [ 79.8880961, 6.9819265 ], [ 79.8880787, 6.9816703 ], [ 79.8880915, 6.9814933 ], [ 79.8881069, 6.9813717 ], [ 79.8881297, 6.9812592 ], [ 79.8881616, 6.9811372 ], [ 79.8881915, 6.9810368 ], [ 79.8882423, 6.9809052 ], [ 79.8883295, 6.9807188 ], [ 79.8886391, 6.9801059 ], [ 79.8888686, 6.9796832 ], [ 79.8892498, 6.9790574 ], [ 79.889365, 6.9788331 ], [ 79.889409, 6.9787291 ], [ 79.8894404, 6.9786177 ], [ 79.8894557, 6.9785222 ], [ 79.8894624, 6.9784346 ], [ 79.8894624, 6.9783081 ], [ 79.8894534, 6.9782415 ], [ 79.88944, 6.9781774 ], [ 79.8893921, 6.9780575 ], [ 79.8893331, 6.9779489 ], [ 79.8891896, 6.9777003 ], [ 79.8891243, 6.9775948 ], [ 79.8890156, 6.977419 ], [ 79.8887804, 6.9770031 ], [ 79.8882906, 6.9761283 ], [ 79.8880932, 6.9757581 ], [ 79.8877196, 6.9749759 ], [ 79.8874171, 6.9742901 ], [ 79.887365, 6.9741658 ], [ 79.8872352, 6.9738954 ], [ 79.8871003, 6.9736066 ], [ 79.887042, 6.9734893 ], [ 79.8869887, 6.9733972 ], [ 79.8868983, 6.9732634 ], [ 79.8868215, 6.9731596 ], [ 79.8866518, 6.9729553 ], [ 79.8862754, 6.9725522 ], [ 79.8861556, 6.9724201 ], [ 79.8859166, 6.9721466 ] ] ] } },
{ "type": "Feature", "properties": { "osm_id": "752864888", "code": 5112, "fclass": "trunk", "name": "High Level Road", "ref": "AA004", "oneway": "F", "maxspeed": 60, "layer": 0, "bridge": "F", "tunnel": "F" }, "geometry": { "type": "MultiLineString", "coordinates": [ [ [ 79.950027, 6.8460764 ], [ 79.9497226, 6.8461157 ], [ 79.9494262, 6.846151 ], [ 79.9493023, 6.8461689 ], [ 79.9492158, 6.846181 ], [ 79.9488468, 6.8462328 ], [ 79.9484921, 6.846308 ], [ 79.948362, 6.8463274 ], [ 79.9479651, 6.846336 ], [ 79.947833, 6.8463201 ] ] ] } },
{ "type": "Feature", "properties": { "osm_id": "752864889", "code": 5112, "fclass": "trunk", "name": "High Level Road", "ref": "AA004", "oneway": "F", "maxspeed": 60, "layer": 0, "bridge": "F", "tunnel": "F" }, "geometry": { "type": "MultiLineString", "coordinates": [ [ [ 79.9574875, 6.8435369 ], [ 79.9573161, 6.8435554 ], [ 79.9568371, 6.8436778 ], [ 79.9565866, 6.8437758 ], [ 79.9547309, 6.8445977 ], [ 79.9540181, 6.8449586 ], [ 79.9528024, 6.8455012 ], [ 79.9524357, 6.8456335 ] ] ] } },
{ "type": "Feature", "properties": { "osm_id": "318692133", "code": 5112, "fclass": "trunk", "name": "Colombo - Kandy Road", "ref": "AA001", "oneway": "F", "maxspeed": 60, "layer": 0, "bridge": "F", "tunnel": "F" }, "geometry": { "type": "MultiLineString", "coordinates": [ [ [ 79.8832544, 6.9561502 ], [ 79.8830944, 6.9562766 ], [ 79.8829338, 6.9563873 ], [ 79.8828893, 6.9564189 ], [ 79.8828598, 6.9564371 ], [ 79.8827858, 6.9564785 ] ] ] } },
{ "type": "Feature", "properties": { "osm_id": "752165822", "code": 5112, "fclass": "trunk", "name": "High Level Road", "ref": "AA004", "oneway": "F", "maxspeed": 60, "layer": 0, "bridge": "F", "tunnel": "F" }, "geometry": { "type": "MultiLineString", "coordinates": [ [ [ 79.9764002, 6.8394669 ], [ 79.9760577, 6.8394826 ], [ 79.9758326, 6.8394871 ], [ 79.9753044, 6.8394443 ], [ 79.9749554, 6.8393428 ], [ 79.9739293, 6.8390634 ], [ 79.973687, 6.8390248 ], [ 79.9732648, 6.8390126 ], [ 79.9727398, 6.8390844 ], [ 79.9719539, 6.8392777 ], [ 79.9714452, 6.8393693 ], [ 79.9712057, 6.839391 ], [ 79.9699633, 6.8392942 ], [ 79.9694383, 6.8393333 ], [ 79.9690163, 6.8394098 ], [ 79.9686662, 6.8395055 ], [ 79.9679615, 6.8398694 ], [ 79.9673228, 6.8402319 ], [ 79.9671666, 6.8403192 ], [ 79.9668416, 6.8404934 ], [ 79.966322, 6.8407356 ] ] ] } },
{ "type": "Feature", "properties": { "osm_id": "423557608", "code": 5112, "fclass": "trunk", "name": "Colombo - Negombo Road", "ref": "AA003", "oneway": "F", "maxspeed": 60, "layer": 0, "bridge": "F", "tunnel": "F" }, "geometry": { "type": "MultiLineString", "coordinates": [ [ [ 79.8862542, 7.097217 ], [ 79.8865511, 7.0966567 ], [ 79.8866403, 7.0964909 ], [ 79.886751, 7.0962825 ], [ 79.8868689, 7.0960546 ], [ 79.8869389, 7.0959061 ], [ 79.8871194, 7.0955701 ], [ 79.8872611, 7.0952573 ], [ 79.8873182, 7.0951131 ], [ 79.8873741, 7.094972 ], [ 79.8875383, 7.094429 ], [ 79.8875824, 7.0942657 ], [ 79.8876174, 7.0941387 ], [ 79.8876536, 7.0940402 ], [ 79.8877053, 7.0939171 ], [ 79.887774, 7.0937605 ], [ 79.8878428, 7.0936319 ], [ 79.8879098, 7.0935258 ], [ 79.8880277, 7.0933299 ], [ 79.8881033, 7.0932013 ], [ 79.8882096, 7.093014 ], [ 79.8882638, 7.0928944 ], [ 79.8883042, 7.0927836 ], [ 79.8883229, 7.0927274 ], [ 79.8883523, 7.0926482 ], [ 79.8883886, 7.0925448 ], [ 79.8884309, 7.0923825 ], [ 79.8884475, 7.0922849 ], [ 79.8884802, 7.0920594 ], [ 79.8884995, 7.0918622 ], [ 79.888532, 7.0916606 ], [ 79.8885581, 7.0915062 ], [ 79.8886174, 7.0913198 ], [ 79.8886697, 7.0911889 ], [ 79.8887944, 7.0909525 ], [ 79.8892635, 7.090232 ], [ 79.8893796, 7.0900235 ], [ 79.8894507, 7.0898986 ], [ 79.8895016, 7.0897962 ], [ 79.8895392, 7.089707 ], [ 79.8895662, 7.0896426 ], [ 79.8896791, 7.0893242 ], [ 79.8900632, 7.0879489 ], [ 79.8902798, 7.0871687 ], [ 79.8903366, 7.0870057 ], [ 79.8903953, 7.0868418 ], [ 79.8904115, 7.086783 ], [ 79.8904805, 7.0865529 ], [ 79.8905805, 7.0862126 ], [ 79.8907795, 7.0855261 ], [ 79.8908762, 7.0851958 ], [ 79.8909591, 7.0849175 ], [ 79.8910651, 7.0844638 ], [ 79.891118, 7.0841472 ], [ 79.8911494, 7.0837144 ], [ 79.8911619, 7.0835029 ], [ 79.8911654, 7.0832558 ], [ 79.8911353, 7.082762 ], [ 79.8911021, 7.0825327 ], [ 79.8910401, 7.0821274 ], [ 79.8909953, 7.0818869 ], [ 79.8909773, 7.0817999 ], [ 79.8909581, 7.0817081 ], [ 79.8909515, 7.0816763 ], [ 79.8908947, 7.0813695 ], [ 79.8908419, 7.0811407 ], [ 79.8907857, 7.0808535 ] ] ] } },
{ "type": "Feature", "properties": { "osm_id": "1026798139", "code": 5112, "fclass": "trunk", "name": null, "ref": "AA0002", "oneway": "F", "maxspeed": 55, "layer": 0, "bridge": "F", "tunnel": "F" }, "geometry": { "type": "MultiLineString", "coordinates": [ [ [ 79.8598221, 6.8793914 ], [ 79.8598875, 6.8793424 ] ] ] } },
{ "type": "Feature", "properties": { "osm_id": "1026798140", "code": 5112, "fclass": "trunk", "name": "Galle - Colombo Road", "ref": "AA002", "oneway": "F", "maxspeed": 70, "layer": 0, "bridge": "F", "tunnel": "F" }, "geometry": { "type": "MultiLineString", "coordinates": [ [ [ 79.8598218, 6.8793192 ], [ 79.8598221, 6.8793914 ] ] ] } },
{ "type": "Feature", "properties": { "osm_id": "1026798137", "code": 5112, "fclass": "trunk", "name": "Galle Road", "ref": "AA0002", "oneway": "F", "maxspeed": 55, "layer": 0, "bridge": "F", "tunnel": "F" }, "geometry": { "type": "MultiLineString", "coordinates": [ [ [ 79.8598875, 6.8793424 ], [ 79.8599379, 6.8791771 ] ] ] } },
{ "type": "Feature", "properties": { "osm_id": "381726387", "code": 5112, "fclass": "trunk", "name": "Colombo - Negombo Road", "ref": "AA003", "oneway": "F", "maxspeed": 60, "layer": 0, "bridge": "F", "tunnel": "F" }, "geometry": { "type": "MultiLineString", "coordinates": [ [ [ 79.8997978, 7.02358 ], [ 79.8997701, 7.0228557 ], [ 79.8997236, 7.0224427 ], [ 79.8996384, 7.0217598 ], [ 79.8995961, 7.0213308 ], [ 79.8995631, 7.0208652 ], [ 79.8995734, 7.0204448 ], [ 79.8996391, 7.0199829 ], [ 79.8996632, 7.0193162 ], [ 79.8996511, 7.019084 ], [ 79.8996319, 7.0188551 ], [ 79.8995849, 7.0186507 ], [ 79.8995359, 7.0184376 ], [ 79.8995144, 7.0183777 ], [ 79.8994066, 7.0180771 ], [ 79.899332, 7.0178546 ], [ 79.8989864, 7.0169252 ], [ 79.8988701, 7.0166126 ], [ 79.8988028, 7.0164259 ], [ 79.8987146, 7.0161754 ], [ 79.8986108, 7.0159076 ], [ 79.8984147, 7.0153681 ], [ 79.8981504, 7.0145172 ], [ 79.8979364, 7.0137796 ], [ 79.897884, 7.0135988 ], [ 79.8978356, 7.0134321 ], [ 79.8975121, 7.0123759 ], [ 79.8973449, 7.0118374 ], [ 79.8972883, 7.0116551 ], [ 79.897004, 7.0107433 ], [ 79.8968551, 7.0102495 ], [ 79.8967755, 7.0097373 ], [ 79.8967418, 7.0090715 ], [ 79.8967599, 7.0087767 ], [ 79.8970089, 7.0073403 ], [ 79.897055, 7.0067995 ], [ 79.8970599, 7.006645 ] ] ] } },
{ "type": "Feature", "properties": { "osm_id": "760440198", "code": 5112, "fclass": "trunk", "name": "Galle Road", "ref": "AA002", "oneway": "F", "maxspeed": 60, "layer": 0, "bridge": "F", "tunnel": "F" }, "geometry": { "type": "MultiLineString", "coordinates": [ [ [ 79.9527238, 6.6084095 ], [ 79.9527356, 6.608277 ], [ 79.9527687, 6.6082148 ], [ 79.9529119, 6.6079504 ], [ 79.9531111, 6.6075371 ], [ 79.9533616, 6.607119 ], [ 79.9535058, 6.6068296 ], [ 79.9536228, 6.6065708 ], [ 79.9538805, 6.6060108 ], [ 79.9541494, 6.6054145 ], [ 79.9542248, 6.6052527 ], [ 79.9551113, 6.6033158 ], [ 79.9551873, 6.6031498 ], [ 79.9555324, 6.6024037 ], [ 79.9557179, 6.6019998 ], [ 79.9558249, 6.601778 ], [ 79.9560346, 6.60136 ], [ 79.9564455, 6.6006578 ], [ 79.9568571, 6.6000209 ], [ 79.9571614, 6.5995697 ], [ 79.9576951, 6.5987821 ], [ 79.9577444, 6.5987064 ], [ 79.957936, 6.598412 ], [ 79.9581293, 6.5980882 ], [ 79.9583481, 6.5977238 ], [ 79.9584175, 6.5976082 ], [ 79.9586545, 6.5971605 ], [ 79.9587713, 6.5968519 ], [ 79.9588451, 6.5966569 ], [ 79.9588824, 6.5964749 ], [ 79.9589239, 6.5962321 ], [ 79.9590052, 6.5956522 ], [ 79.9590673, 6.5948159 ], [ 79.9590946, 6.5944164 ], [ 79.9590846, 6.5940474 ] ] ] } },
{ "type": "Feature", "properties": { "osm_id": "760440199", "code": 5112, "fclass": "trunk", "name": "Galle Road", "ref": "AA002", "oneway": "F", "maxspeed": 60, "layer": 0, "bridge": "F", "tunnel": "F" }, "geometry": { "type": "MultiLineString", "coordinates": [ [ [ 79.9590846, 6.5940474 ], [ 79.959046, 6.5944146 ], [ 79.959007, 6.5947972 ], [ 79.9589288, 6.595656 ], [ 79.9588526, 6.5962141 ], [ 79.9588086, 6.5964581 ], [ 79.9587725, 6.5966309 ], [ 79.9587022, 6.5968138 ], [ 79.9585799, 6.5971322 ], [ 79.9583537, 6.5975716 ], [ 79.9582765, 6.5976989 ], [ 79.9580677, 6.5980432 ], [ 79.9580613, 6.5980538 ], [ 79.9578695, 6.5983733 ], [ 79.9576259, 6.5987372 ], [ 79.9572158, 6.5993501 ], [ 79.9570939, 6.5995323 ], [ 79.9567905, 6.5999767 ], [ 79.9563705, 6.6006201 ], [ 79.9559614, 6.6013182 ], [ 79.9557442, 6.6017445 ], [ 79.9556539, 6.6019458 ], [ 79.9552557, 6.6027939 ], [ 79.9551987, 6.6029278 ], [ 79.9551125, 6.6031033 ], [ 79.9547302, 6.6039444 ], [ 79.954231, 6.6050429 ], [ 79.9540654, 6.6054237 ], [ 79.9538102, 6.605979 ], [ 79.953678, 6.6062716 ], [ 79.9535482, 6.6065642 ], [ 79.9532933, 6.6071164 ], [ 79.9530566, 6.6074983 ], [ 79.9528581, 6.6079099 ], [ 79.9527159, 6.6081724 ], [ 79.9526706, 6.6082518 ], [ 79.9526532, 6.6083732 ], [ 79.9525562, 6.6085558 ], [ 79.9524666, 6.6087208 ], [ 79.9520903, 6.6092254 ], [ 79.9518939, 6.6095318 ], [ 79.9517054, 6.6098203 ], [ 79.9516819, 6.6098909 ] ] ] } },
{ "type": "Feature", "properties": { "osm_id": "760440200", "code": 5112, "fclass": "trunk", "name": "Galle Road", "ref": "AA002", "oneway": "B", "maxspeed": 60, "layer": 0, "bridge": "F", "tunnel": "F" }, "geometry": { "type": "MultiLineString", "coordinates": [ [ [ 79.9592624, 6.5920777 ], [ 79.9591597, 6.5931613 ], [ 79.9591503, 6.5932607 ], [ 79.9590846, 6.5940474 ] ] ] } },
{ "type": "Feature", "properties": { "osm_id": "758636098", "code": 5112, "fclass": "trunk", "name": "Galle Road", "ref": "AA002", "oneway": "F", "maxspeed": 60, "layer": 0, "bridge": "F", "tunnel": "F" }, "geometry": { "type": "MultiLineString", "coordinates": [ [ [ 79.8691108, 6.8272242 ], [ 79.8692851, 6.8268195 ], [ 79.8694962, 6.8263299 ], [ 79.869527, 6.8262555 ], [ 79.8695776, 6.8261173 ], [ 79.86963, 6.8259739 ], [ 79.869646, 6.8259354 ], [ 79.8697374, 6.825715 ], [ 79.8698326, 6.8254677 ], [ 79.8699218, 6.8252355 ], [ 79.869927, 6.8252203 ], [ 79.8700758, 6.8247767 ], [ 79.8701087, 6.8246839 ], [ 79.8701672, 6.8245353 ], [ 79.8702472, 6.8243559 ], [ 79.8704027, 6.824042 ], [ 79.8705263, 6.8238297 ], [ 79.8706533, 6.8236499 ], [ 79.8707605, 6.8234981 ], [ 79.8707808, 6.8234717 ], [ 79.8709772, 6.8232166 ], [ 79.8711527, 6.8229759 ], [ 79.871402, 6.8226232 ], [ 79.8715301, 6.822448 ], [ 79.871606, 6.8223442 ], [ 79.8716867, 6.8222338 ], [ 79.8717282, 6.822172 ], [ 79.8718466, 6.8219957 ], [ 79.8723285, 6.8213466 ], [ 79.8724622, 6.8211666 ], [ 79.8726473, 6.8209133 ], [ 79.872941, 6.8205449 ], [ 79.8729853, 6.8204995 ], [ 79.8732305, 6.8201693 ], [ 79.873415, 6.8199397 ], [ 79.8735694, 6.8197116 ], [ 79.873626, 6.8196205 ], [ 79.8736841, 6.8195262 ], [ 79.8738304, 6.8192833 ], [ 79.8739477, 6.8191101 ], [ 79.8743087, 6.8185423 ], [ 79.8745506, 6.8181671 ], [ 79.8746127, 6.8180831 ], [ 79.8747085, 6.8179513 ], [ 79.8747965, 6.8178493 ], [ 79.8748595, 6.8177727 ], [ 79.8749084, 6.8177172 ], [ 79.8751676, 6.8174657 ], [ 79.875372, 6.8172876 ], [ 79.8755049, 6.8171834 ], [ 79.8757163, 6.8170132 ], [ 79.8762836, 6.8166026 ], [ 79.8764864, 6.8164447 ], [ 79.8770422, 6.8160275 ], [ 79.8772272, 6.8158886 ], [ 79.8777765, 6.8154865 ], [ 79.8786756, 6.814838 ], [ 79.8794022, 6.8142911 ], [ 79.8795673, 6.814164 ], [ 79.8796763, 6.8140723 ], [ 79.8797813, 6.8139799 ], [ 79.8800965, 6.8137052 ], [ 79.880484, 6.813294 ], [ 79.8808645, 6.8128813 ], [ 79.8809376, 6.8127881 ], [ 79.8811605, 6.8125148 ], [ 79.8812599, 6.8123834 ], [ 79.881898, 6.81154 ], [ 79.8822074, 6.8111095 ], [ 79.882611, 6.8105328 ], [ 79.8829458, 6.8099845 ], [ 79.8829691, 6.8099488 ], [ 79.8830262, 6.8098609 ], [ 79.8831092, 6.8097333 ], [ 79.8834631, 6.8091892 ], [ 79.883685, 6.8087498 ], [ 79.8838532, 6.8083961 ], [ 79.8838846, 6.8083287 ], [ 79.8839648, 6.808152 ], [ 79.8841326, 6.8078227 ], [ 79.8841383, 6.8078127 ], [ 79.8843096, 6.8075101 ], [ 79.8846315, 6.8069996 ], [ 79.8846979, 6.8068767 ], [ 79.8848573, 6.8065814 ], [ 79.8850135, 6.8063272 ], [ 79.8850891, 6.8062131 ], [ 79.8851799, 6.8061051 ], [ 79.8852129, 6.8060717 ], [ 79.8854883, 6.8057937 ], [ 79.8859139, 6.805446 ], [ 79.8862107, 6.8051784 ], [ 79.8864835, 6.8049109 ], [ 79.8866544, 6.8047407 ], [ 79.8867702, 6.8046088 ] ] ] } },
{ "type": "Feature", "properties": { "osm_id": "129723132", "code": 5112, "fclass": "trunk", "name": "Panadura - Horana Road", "ref": "AA008", "oneway": "B", "maxspeed": 70, "layer": 0, "bridge": "F", "tunnel": "F" }, "geometry": { "type": "MultiLineString", "coordinates": [ [ [ 80.0531276, 6.7206816 ], [ 80.0527565, 6.7207048 ], [ 80.0523753, 6.7207122 ], [ 80.0522578, 6.7206745 ], [ 80.0520305, 6.7205815 ], [ 80.0519251, 6.7205244 ], [ 80.0516618, 6.7203784 ], [ 80.0514149, 6.7203143 ], [ 80.0502883, 6.7201883 ], [ 80.0496033, 6.7201802 ], [ 80.0493657, 6.7202 ], [ 80.0489553, 6.7202342 ], [ 80.0487879, 6.7202534 ], [ 80.0484263, 6.7203374 ], [ 80.0473805, 6.7206277 ], [ 80.0465411, 6.7208458 ], [ 80.0463346, 6.7208995 ], [ 80.0457757, 6.7210187 ], [ 80.0453427, 6.7211042 ], [ 80.0446968, 6.721233 ], [ 80.0443712, 6.7212819 ], [ 80.0432507, 6.7213797 ], [ 80.0431466, 6.7213978 ], [ 80.0431165, 6.7214041 ] ] ] } },
{ "type": "Feature", "properties": { "osm_id": "129723133", "code": 5112, "fclass": "trunk", "name": "Panadura - Horana Road", "ref": "AA008", "oneway": "B", "maxspeed": 70, "layer": 0, "bridge": "T", "tunnel": "F" }, "geometry": { "type": "MultiLineString", "coordinates": [ [ [ 80.0532904, 6.7206721 ], [ 80.0531276, 6.7206816 ] ] ] } },
{ "type": "Feature", "properties": { "osm_id": "129809640", "code": 5112, "fclass": "trunk", "name": "New Kelani Bridge Road", "ref": "AA001", "oneway": "F", "maxspeed": 60, "layer": 0, "bridge": "F", "tunnel": "F" }, "geometry": { "type": "MultiLineString", "coordinates": [ [ [ 79.8741111, 6.9511833 ], [ 79.8742144, 6.9511128 ], [ 79.8743056, 6.9510629 ], [ 79.8743881, 6.9510243 ], [ 79.8744759, 6.951001 ], [ 79.8746054, 6.9509845 ] ] ] } },
{ "type": "Feature", "properties": { "osm_id": "129809641", "code": 5112, "fclass": "trunk", "name": "New Kelani Bridge Road", "ref": "AA001", "oneway": "F", "maxspeed": 60, "layer": 0, "bridge": "F", "tunnel": "F" }, "geometry": { "type": "MultiLineString", "coordinates": [ [ [ 79.8748066, 6.9509557 ], [ 79.8772117, 6.950551 ], [ 79.8775122, 6.9505031 ], [ 79.8776771, 6.9504725 ], [ 79.8780942, 6.9504046 ] ] ] } },
{ "type": "Feature", "properties": { "osm_id": "129809639", "code": 5112, "fclass": "trunk", "name": "New Kelani Bridge Road", "ref": "AA001", "oneway": "F", "maxspeed": 60, "layer": 1, "bridge": "T", "tunnel": "F" }, "geometry": { "type": "MultiLineString", "coordinates": [ [ [ 79.8746054, 6.9509845 ], [ 79.8748066, 6.9509557 ] ] ] } },
{ "type": "Feature", "properties": { "osm_id": "131445476", "code": 5112, "fclass": "trunk", "name": "Horana - Ratnapura Road", "ref": "AA008", "oneway": "B", "maxspeed": 70, "layer": 1, "bridge": "T", "tunnel": "F" }, "geometry": { "type": "MultiLineString", "coordinates": [ [ [ 80.0973836, 6.7282016 ], [ 80.097325, 6.7281231 ] ] ] } },
{ "type": "Feature", "properties": { "osm_id": "131445477", "code": 5112, "fclass": "trunk", "name": "Panadura - Horana Road", "ref": "AA008", "oneway": "B", "maxspeed": 70, "layer": 1, "bridge": "T", "tunnel": "F" }, "geometry": { "type": "MultiLineString", "coordinates": [ [ [ 80.0431165, 6.7214041 ], [ 80.0429809, 6.7214435 ] ] ] } },
{ "type": "Feature", "properties": { "osm_id": "131445478", "code": 5112, "fclass": "trunk", "name": "Panadura - Horana Road", "ref": "AA008", "oneway": "B", "maxspeed": 70, "layer": 1, "bridge": "T", "tunnel": "F" }, "geometry": { "type": "MultiLineString", "coordinates": [ [ [ 79.9388334, 6.7066614 ], [ 79.9386954, 6.7066648 ] ] ] } },
{ "type": "Feature", "properties": { "osm_id": "131445479", "code": 5112, "fclass": "trunk", "name": "Panadura - Horana Road", "ref": "AA008", "oneway": "B", "maxspeed": 70, "layer": 1, "bridge": "T", "tunnel": "F" }, "geometry": { "type": "MultiLineString", "coordinates": [ [ [ 80.0417876, 6.7223228 ], [ 80.0416975, 6.7224324 ] ] ] } },
{ "type": "Feature", "properties": { "osm_id": "131445472", "code": 5112, "fclass": "trunk", "name": "Panadura - Horana Road", "ref": "AA008", "oneway": "B", "maxspeed": 70, "layer": 1, "bridge": "T", "tunnel": "F" }, "geometry": { "type": "MultiLineString", "coordinates": [ [ [ 80.0076675, 6.718507 ], [ 80.0075448, 6.7185075 ] ] ] } },
{ "type": "Feature", "properties": { "osm_id": "131445473", "code": 5112, "fclass": "trunk", "name": "Panadura - Horana Road", "ref": "AA008", "oneway": "B", "maxspeed": 70, "layer": 1, "bridge": "T", "tunnel": "F" }, "geometry": { "type": "MultiLineString", "coordinates": [ [ [ 80.0370451, 6.7255709 ], [ 80.0368801, 6.7256265 ] ] ] } },
{ "type": "Feature", "properties": { "osm_id": "131445474", "code": 5112, "fclass": "trunk", "name": "Horana - Ratnapura Road", "ref": "AA008", "oneway": "B", "maxspeed": 70, "layer": 1, "bridge": "T", "tunnel": "F" }, "geometry": { "type": "MultiLineString", "coordinates": [ [ [ 80.1115974, 6.7334025 ], [ 80.1113627, 6.7331703 ] ] ] } },
{ "type": "Feature", "properties": { "osm_id": "131445475", "code": 5112, "fclass": "trunk", "name": "Panadura - Horana Road", "ref": "AA008", "oneway": "B", "maxspeed": 70, "layer": 0, "bridge": "T", "tunnel": "F" }, "geometry": { "type": "MultiLineString", "coordinates": [ [ [ 80.0219502, 6.721759 ], [ 80.0216679, 6.7216782 ] ] ] } },
{ "type": "Feature", "properties": { "osm_id": "131445460", "code": 5112, "fclass": "trunk", "name": "Horana - Ratnapura Road", "ref": "AA008", "oneway": "B", "maxspeed": 70, "layer": 0, "bridge": "F", "tunnel": "F" }, "geometry": { "type": "MultiLineString", "coordinates": [ [ [ 80.1714911, 6.7438159 ], [ 80.1711132, 6.7438084 ], [ 80.1702373, 6.7437911 ], [ 80.1701073, 6.7437885 ], [ 80.1699993, 6.743777 ], [ 80.1692364, 6.7437165 ], [ 80.1686148, 6.7436371 ], [ 80.1684114, 6.7435822 ], [ 80.1681545, 6.7434916 ], [ 80.1680358, 6.7434498 ], [ 80.1678118, 6.7433513 ], [ 80.167732, 6.7433226 ], [ 80.1676278, 6.7432816 ], [ 80.1673665, 6.7431814 ], [ 80.1668222, 6.7429807 ], [ 80.1660662, 6.742779 ], [ 80.1654485, 6.7426201 ], [ 80.1638308, 6.7421767 ], [ 80.1632863, 6.7420367 ], [ 80.163125, 6.7419953 ], [ 80.1621104, 6.7416889 ], [ 80.1614719, 6.7414757 ], [ 80.1610724, 6.7413516 ], [ 80.1608785, 6.7412851 ], [ 80.1596019, 6.7409212 ], [ 80.1582517, 6.7405837 ], [ 80.1570329, 6.7403152 ], [ 80.156008, 6.7401116 ], [ 80.1555656, 6.7400706 ], [ 80.1552859, 6.7401052 ], [ 80.1545627, 6.7403117 ], [ 80.1543101, 6.7403149 ], [ 80.1537905, 6.7402791 ], [ 80.153479, 6.7403027 ], [ 80.1523789, 6.7404747 ], [ 80.1519828, 6.7405387 ], [ 80.151778, 6.7405717 ], [ 80.1512117, 6.7406946 ], [ 80.1503492, 6.7406987 ], [ 80.1487971, 6.7407359 ], [ 80.1482306, 6.7407567 ], [ 80.1479215, 6.7407703 ], [ 80.1463702, 6.7409587 ], [ 80.1459471, 6.7409738 ], [ 80.1455945, 6.7409341 ], [ 80.1453741, 6.7408643 ], [ 80.1451917, 6.7407871 ], [ 80.1450817, 6.7407423 ], [ 80.1448777, 6.7406592 ], [ 80.1445956, 6.7405532 ], [ 80.1445589, 6.7405394 ], [ 80.1442009, 6.7404358 ], [ 80.1438799, 6.7403652 ], [ 80.1436457, 6.7403329 ], [ 80.1433539, 6.7403053 ], [ 80.1430479, 6.740298 ], [ 80.1427546, 6.7403306 ], [ 80.1426303, 6.7403466 ], [ 80.1425021, 6.7403631 ], [ 80.1422826, 6.7404073 ], [ 80.141881, 6.7404956 ], [ 80.1414708, 6.7405985 ], [ 80.1404405, 6.7408531 ], [ 80.1402058, 6.7408965 ], [ 80.1399712, 6.7409083 ], [ 80.1396724, 6.7409067 ], [ 80.1392128, 6.7408541 ], [ 80.1384417, 6.7406826 ], [ 80.1384028, 6.7406729 ], [ 80.1376475, 6.74055 ], [ 80.1375426, 6.7405352 ], [ 80.1368923, 6.7404863 ], [ 80.1364805, 6.7404408 ], [ 80.1357891, 6.7403356 ], [ 80.1354765, 6.7402811 ], [ 80.1352494, 6.7402208 ], [ 80.1348955, 6.7401157 ], [ 80.1344017, 6.7399328 ], [ 80.1339548, 6.7397851 ], [ 80.133663, 6.7397119 ], [ 80.1333377, 6.7397111 ], [ 80.1324178, 6.7397993 ], [ 80.1321881, 6.7398192 ], [ 80.1317305, 6.7398595 ], [ 80.1314165, 6.7398755 ], [ 80.1307334, 6.7398943 ], [ 80.1300368, 6.7399135 ], [ 80.1292878, 6.7399377 ], [ 80.1290996, 6.7399472 ], [ 80.1289793, 6.7399445 ], [ 80.1281321, 6.7399258 ], [ 80.1275335, 6.7398785 ], [ 80.1274044, 6.7398609 ], [ 80.1268874, 6.7398048 ], [ 80.1267933, 6.7397957 ], [ 80.1258131, 6.7396477 ], [ 80.125497, 6.7396056 ], [ 80.1241828, 6.7393221 ], [ 80.1230354, 6.7390531 ], [ 80.1220405, 6.7386892 ], [ 80.1215281, 6.7385182 ], [ 80.1212281, 6.7383956 ], [ 80.1204247, 6.7380762 ], [ 80.1199151, 6.7378668 ], [ 80.1195769, 6.7377264 ], [ 80.1194503, 6.7376652 ] ] ] } },
{ "type": "Feature", "properties": { "osm_id": "131445466", "code": 5112, "fclass": "trunk", "name": "Horana Road", "ref": "AA008", "oneway": "B", "maxspeed": 70, "layer": 0, "bridge": "F", "tunnel": "F" }, "geometry": { "type": "MultiLineString", "coordinates": [ [ [ 79.9278126, 6.7086769 ], [ 79.9275237, 6.708728 ], [ 79.9269157, 6.7088516 ], [ 79.9261626, 6.7089973 ], [ 79.926059, 6.7090173 ], [ 79.9257951, 6.7090222 ], [ 79.9256168, 6.7089929 ], [ 79.9254312, 6.7089319 ], [ 79.9252096, 6.708813 ], [ 79.9245024, 6.7083878 ], [ 79.9242214, 6.7082716 ], [ 79.9239989, 6.7082523 ], [ 79.9237798, 6.7082921 ], [ 79.9235527, 6.7083867 ], [ 79.9232941, 6.7085482 ], [ 79.9225883, 6.7091222 ], [ 79.9223528, 6.7093044 ], [ 79.9220101, 6.7094539 ], [ 79.9217604, 6.7095003 ], [ 79.9214266, 6.709545 ], [ 79.9210091, 6.7096307 ], [ 79.9206201, 6.7096645 ], [ 79.9204762, 6.7096578 ], [ 79.9197305, 6.7095482 ], [ 79.9190137, 6.7094937 ], [ 79.9183399, 6.7094642 ], [ 79.9175015, 6.70945 ], [ 79.917235, 6.7094455 ], [ 79.9169447, 6.7094631 ], [ 79.9168896, 6.7094664 ], [ 79.9168735, 6.7094674 ], [ 79.9163415, 6.7095441 ], [ 79.9158965, 6.7096529 ] ] ] } },
{ "type": "Feature", "properties": { "osm_id": "131445469", "code": 5112, "fclass": "trunk", "name": "Panadura - Horana Road", "ref": "AA008", "oneway": "B", "maxspeed": 70, "layer": 0, "bridge": "F", "tunnel": "F" }, "geometry": { "type": "MultiLineString", "coordinates": [ [ [ 80.0216679, 6.7216782 ], [ 80.0212854, 6.7215634 ], [ 80.0209145, 6.7214741 ], [ 80.0208259, 6.7214495 ], [ 80.0206591, 6.7214025 ], [ 80.0204311, 6.7213577 ], [ 80.0201945, 6.7213493 ], [ 80.0199242, 6.7213877 ], [ 80.0195792, 6.7214908 ], [ 80.0192868, 6.7215951 ], [ 80.0191429, 6.7216485 ], [ 80.0190401, 6.7216742 ], [ 80.0189049, 6.7217091 ], [ 80.0187139, 6.7217236 ], [ 80.0185228, 6.721735 ], [ 80.0182147, 6.7217156 ], [ 80.0179944, 6.721684 ] ] ] } },
{ "type": "Feature", "properties": { "osm_id": "131445471", "code": 5112, "fclass": "trunk", "name": "Panadura - Horana Road", "ref": "AA008", "oneway": "B", "maxspeed": 70, "layer": 0, "bridge": "T", "tunnel": "F" }, "geometry": { "type": "MultiLineString", "coordinates": [ [ [ 80.0179944, 6.721684 ], [ 80.0178228, 6.7216646 ] ] ] } },
{ "type": "Feature", "properties": { "osm_id": "131445457", "code": 5112, "fclass": "trunk", "name": "Panadura - Horana Road", "ref": "AA008", "oneway": "B", "maxspeed": 70, "layer": 0, "bridge": "F", "tunnel": "F" }, "geometry": { "type": "MultiLineString", "coordinates": [ [ [ 79.9704436, 6.703339 ], [ 79.9703399, 6.7031893 ], [ 79.9701356, 6.7029335 ], [ 79.969878, 6.7027411 ], [ 79.9697606, 6.7026799 ], [ 79.9696192, 6.7026572 ], [ 79.9693539, 6.7026706 ], [ 79.9692111, 6.7026963 ], [ 79.9686748, 6.7028111 ], [ 79.9682697, 6.7028281 ], [ 79.9671848, 6.702647 ], [ 79.9669279, 6.7026364 ], [ 79.9667035, 6.7026646 ], [ 79.9653143, 6.7029145 ], [ 79.9645599, 6.7030934 ], [ 79.9633561, 6.7034552 ], [ 79.9632136, 6.7035114 ], [ 79.9630391, 6.7035889 ], [ 79.9627836, 6.7037801 ], [ 79.9624725, 6.7040937 ], [ 79.9623664, 6.7042007 ], [ 79.9622886, 6.7042868 ], [ 79.9612285, 6.7054603 ], [ 79.9610266, 6.7056496 ], [ 79.9609365, 6.7057341 ], [ 79.9606624, 6.7059152 ], [ 79.960611, 6.705939 ], [ 79.9605154, 6.7059834 ], [ 79.9596167, 6.7062689 ], [ 79.9593763, 6.7063124 ], [ 79.9586602, 6.7065016 ], [ 79.9581729, 6.7067065 ], [ 79.9580001, 6.7067559 ], [ 79.9576592, 6.7068261 ], [ 79.9561961, 6.70692 ], [ 79.9558878, 6.7069499 ], [ 79.9554567, 6.7070178 ], [ 79.954846, 6.7071139 ], [ 79.9546781, 6.7071435 ], [ 79.9539478, 6.7073001 ], [ 79.9539155, 6.707307 ], [ 79.9532938, 6.707407 ], [ 79.9527015, 6.7074251 ], [ 79.9522309, 6.7073684 ], [ 79.9521902, 6.7073638 ], [ 79.9512519, 6.7072013 ], [ 79.950687, 6.7071079 ], [ 79.9503465, 6.707079 ], [ 79.9496847, 6.7071769 ], [ 79.9494652, 6.707188 ], [ 79.9491202, 6.7071947 ], [ 79.9487118, 6.7071392 ], [ 79.9483662, 6.707055 ], [ 79.9476035, 6.7068245 ], [ 79.9473582, 6.7067774 ], [ 79.9471537, 6.7067669 ], [ 79.9468289, 6.7067936 ], [ 79.9460381, 6.7070116 ], [ 79.9456192, 6.707045 ], [ 79.94515, 6.7070193 ], [ 79.9448753, 6.7070177 ], [ 79.9439503, 6.7070272 ], [ 79.9431772, 6.7069596 ], [ 79.9419541, 6.7067656 ], [ 79.9418916, 6.7067557 ], [ 79.9416161, 6.7067331 ], [ 79.9413537, 6.7067155 ], [ 79.9410065, 6.7066923 ], [ 79.9408592, 6.7066832 ], [ 79.9403255, 6.7066505 ], [ 79.9402072, 6.7066432 ], [ 79.9399332, 6.7066468 ], [ 79.9388334, 6.7066614 ] ] ] } },
{ "type": "Feature", "properties": { "osm_id": "131445458", "code": 5112, "fclass": "trunk", "name": "Panadura - Horana Road", "ref": "AA008", "oneway": "B", "maxspeed": 70, "layer": 0, "bridge": "F", "tunnel": "F" }, "geometry": { "type": "MultiLineString", "coordinates": [ [ [ 80.0429809, 6.7214435 ], [ 80.0426259, 6.7215843 ], [ 80.0424115, 6.7217427 ], [ 80.0417876, 6.7223228 ] ] ] } },
{ "type": "Feature", "properties": { "osm_id": "131349574", "code": 5112, "fclass": "trunk", "name": "High Level Road", "ref": "AA004", "oneway": "B", "maxspeed": 50, "layer": 0, "bridge": "F", "tunnel": "F" }, "geometry": { "type": "MultiLineString", "coordinates": [ [ [ 79.901705, 6.8629157 ], [ 79.9017846, 6.8628772 ], [ 79.9024271, 6.8625664 ], [ 79.9037919, 6.8619063 ], [ 79.9038879, 6.8618617 ], [ 79.9044699, 6.8615946 ], [ 79.9050034, 6.8613497 ], [ 79.9051594, 6.8612818 ], [ 79.9051917, 6.8612574 ], [ 79.9052456, 6.8612297 ], [ 79.9054938, 6.8610486 ], [ 79.9057361, 6.8608149 ], [ 79.9058175, 6.8607141 ], [ 79.90594, 6.8605626 ], [ 79.9060599, 6.8604064 ], [ 79.9062701, 6.8601326 ], [ 79.9063322, 6.86006 ], [ 79.9065885, 6.8597753 ], [ 79.9072045, 6.8591211 ], [ 79.9072799, 6.859041 ], [ 79.9075631, 6.8587563 ], [ 79.9078041, 6.8584818 ], [ 79.9080359, 6.8582377 ], [ 79.9081646, 6.8581107 ], [ 79.908267, 6.8580096 ], [ 79.908414, 6.85787 ], [ 79.9085127, 6.8577543 ], [ 79.9087145, 6.8575198 ], [ 79.9088852, 6.857355 ], [ 79.9089011, 6.8573378 ], [ 79.9089767, 6.8572799 ], [ 79.9090966, 6.857204 ], [ 79.9091966, 6.8571368 ], [ 79.9092957, 6.8570807 ], [ 79.9094154, 6.8570072 ], [ 79.9096859, 6.8568541 ], [ 79.9104019, 6.8565185 ], [ 79.9105449, 6.8564497 ], [ 79.911301, 6.8561429 ], [ 79.9115646, 6.8560195 ], [ 79.9118863, 6.8558631 ], [ 79.9123739, 6.8556095 ], [ 79.9134314, 6.8550625 ], [ 79.9137502, 6.8548627 ], [ 79.9139401, 6.8547437 ], [ 79.9139704, 6.8547205 ], [ 79.9140959, 6.8546243 ], [ 79.9142622, 6.8544943 ], [ 79.9143492, 6.8544025 ], [ 79.9144816, 6.8542623 ], [ 79.9150204, 6.8536479 ], [ 79.9150858, 6.8535679 ], [ 79.9153681, 6.8532362 ], [ 79.9156867, 6.8528876 ], [ 79.9158966, 6.852713 ], [ 79.9159992, 6.8526409 ], [ 79.9160665, 6.8525962 ], [ 79.9161674, 6.8525477 ], [ 79.9162702, 6.8525081 ], [ 79.9164423, 6.8524526 ], [ 79.9165715, 6.8524298 ], [ 79.9166402, 6.8524204 ], [ 79.9168345, 6.8524148 ], [ 79.9168753, 6.8524163 ], [ 79.9175817, 6.8524145 ], [ 79.9177596, 6.8524046 ], [ 79.9181022, 6.8523824 ], [ 79.9184172, 6.8523244 ], [ 79.918619, 6.8522752 ], [ 79.9188645, 6.852208 ], [ 79.9189918, 6.852163 ], [ 79.9194402, 6.8520018 ], [ 79.9197365, 6.8518943 ], [ 79.9198386, 6.8518556 ], [ 79.9206074, 6.8515352 ], [ 79.9206618, 6.8515112 ], [ 79.9207867, 6.8514438 ], [ 79.9209206, 6.8513643 ], [ 79.9210888, 6.8512596 ], [ 79.9211615, 6.8512096 ], [ 79.9212654, 6.851137 ], [ 79.9222272, 6.850487 ], [ 79.9227674, 6.8501502 ], [ 79.9233063, 6.8498112 ], [ 79.923581, 6.8496424 ], [ 79.923993, 6.8493606 ], [ 79.9244188, 6.8490473 ], [ 79.9244796, 6.8490001 ] ] ] } },
{ "type": "Feature", "properties": { "osm_id": "506647510", "code": 5113, "fclass": "primary", "name": "Gampaha-Yakkala Road", "ref": "AA033", "oneway": "F", "maxspeed": 60, "layer": 0, "bridge": "F", "tunnel": "F" }, "geometry": { "type": "MultiLineString", "coordinates": [ [ [ 80.0324604, 7.0866322 ], [ 80.0326789, 7.0865218 ], [ 80.0331593, 7.086176 ], [ 80.0334549, 7.0859851 ], [ 80.0335277, 7.0859407 ] ] ] } },
{ "type": "Feature", "properties": { "osm_id": "506647512", "code": 5113, "fclass": "primary", "name": "Gampaha-Yakkala Road", "ref": "AA033", "oneway": "F", "maxspeed": 60, "layer": 0, "bridge": "F", "tunnel": "F" }, "geometry": { "type": "MultiLineString", "coordinates": [ [ [ 80.0334384, 7.0858502 ], [ 80.0333665, 7.0859064 ], [ 80.0326337, 7.086469 ], [ 80.0324604, 7.0866322 ] ] ] } },
{ "type": "Feature", "properties": { "osm_id": "131349573", "code": 5112, "fclass": "trunk", "name": "High Level Road", "ref": "AA004", "oneway": "B", "maxspeed": 60, "layer": 1, "bridge": "T", "tunnel": "F" }, "geometry": { "type": "MultiLineString", "coordinates": [ [ [ 79.9016067, 6.8629526 ], [ 79.901705, 6.8629157 ] ] ] } },
{ "type": "Feature", "properties": { "osm_id": "131445488", "code": 5112, "fclass": "trunk", "name": "Horana - Ratnapura Road", "ref": "AA008", "oneway": "B", "maxspeed": 70, "layer": 0, "bridge": "F", "tunnel": "F" }, "geometry": { "type": "MultiLineString", "coordinates": [ [ [ 80.1105896, 6.7328087 ], [ 80.1100523, 6.7325606 ], [ 80.1088342, 6.7318763 ], [ 80.1087075, 6.7317905 ], [ 80.108562, 6.7316934 ], [ 80.1076155, 6.731142 ], [ 80.1072569, 6.7309869 ], [ 80.1069699, 6.7309097 ], [ 80.1062094, 6.7307619 ], [ 80.1056005, 6.7307357 ], [ 80.1051965, 6.7307661 ], [ 80.1050552, 6.7307824 ], [ 80.1046063, 6.7308475 ], [ 80.1040013, 6.7310135 ], [ 80.1037599, 6.7310401 ], [ 80.1037072, 6.7310484 ], [ 80.1036245, 6.7310615 ], [ 80.1025208, 6.7312026 ], [ 80.1020607, 6.7312066 ], [ 80.1016759, 6.7311427 ], [ 80.1013245, 6.7310508 ], [ 80.1000766, 6.730546 ], [ 80.1000183, 6.7305313 ], [ 80.0995001, 6.7303413 ], [ 80.0985304, 6.7299509 ], [ 80.0983464, 6.7298328 ], [ 80.0982434, 6.7297586 ], [ 80.0979751, 6.7294807 ], [ 80.0978577, 6.729212 ], [ 80.0977705, 6.7287924 ], [ 80.0977481, 6.7287291 ], [ 80.0977021, 6.7286074 ], [ 80.0976749, 6.7285617 ], [ 80.0976137, 6.7284812 ], [ 80.0974724, 6.7283255 ], [ 80.0973836, 6.7282016 ] ] ] } },
{ "type": "Feature", "properties": { "osm_id": "131445489", "code": 5112, "fclass": "trunk", "name": "Panadura - Horana Road", "ref": "AA008", "oneway": "B", "maxspeed": 70, "layer": 0, "bridge": "F", "tunnel": "F" }, "geometry": { "type": "MultiLineString", "coordinates": [ [ [ 79.9986599, 6.7188405 ], [ 79.9984274, 6.7187946 ], [ 79.9978975, 6.7187227 ], [ 79.9969671, 6.7185739 ], [ 79.9967306, 6.7185162 ], [ 79.9962299, 6.718318 ], [ 79.9955714, 6.7180261 ], [ 79.9954652, 6.7179788 ], [ 79.994895, 6.7177065 ], [ 79.9945704, 6.7176601 ], [ 79.9945088, 6.7176392 ], [ 79.9943536, 6.717601 ], [ 79.9940507, 6.7175074 ] ] ] } },
{ "type": "Feature", "properties": { "osm_id": "131445491", "code": 5112, "fclass": "trunk", "name": "Panadura - Horana Road", "ref": "AA008", "oneway": "B", "maxspeed": 70, "layer": 0, "bridge": "F", "tunnel": "F" }, "geometry": { "type": "MultiLineString", "coordinates": [ [ [ 80.0339689, 6.7260983 ], [ 80.0338871, 6.7261091 ], [ 80.0331653, 6.7261694 ], [ 80.0327358, 6.7262111 ], [ 80.0324282, 6.7262254 ], [ 80.0322025, 6.7262067 ], [ 80.0319642, 6.7261425 ], [ 80.0316636, 6.7260342 ], [ 80.0313298, 6.7259183 ], [ 80.0308473, 6.7258322 ], [ 80.0305716, 6.7257955 ], [ 80.0303032, 6.7257594 ], [ 80.0301991, 6.7257161 ], [ 80.0301027, 6.7256621 ], [ 80.0297544, 6.7253921 ], [ 80.0296158, 6.7252975 ], [ 80.0293436, 6.7250809 ], [ 80.0288558, 6.7247787 ], [ 80.0283446, 6.7244856 ], [ 80.0280077, 6.7243172 ], [ 80.0276961, 6.724148 ], [ 80.0274895, 6.724054 ], [ 80.0270162, 6.7238264 ], [ 80.0269178, 6.7237808 ], [ 80.0256625, 6.7231921 ], [ 80.0245023, 6.7226655 ], [ 80.0240817, 6.7224565 ], [ 80.0235532, 6.7222739 ], [ 80.0230969, 6.7221051 ], [ 80.0229583, 6.7220671 ], [ 80.0219502, 6.721759 ] ] ] } },
{ "type": "Feature", "properties": { "osm_id": "131445484", "code": 5112, "fclass": "trunk", "name": "Panadura - Horana Road", "ref": "AA008", "oneway": "B", "maxspeed": 70, "layer": 0, "bridge": "F", "tunnel": "F" }, "geometry": { "type": "MultiLineString", "coordinates": [ [ [ 79.9784885, 6.7089948 ], [ 79.9781905, 6.7088792 ], [ 79.9776591, 6.7086571 ], [ 79.9773361, 6.7084842 ], [ 79.9768081, 6.708141 ], [ 79.9766901, 6.7080757 ], [ 79.9764642, 6.7079329 ], [ 79.9763915, 6.7078832 ], [ 79.9762804, 6.7078096 ], [ 79.9756123, 6.7073498 ], [ 79.9753881, 6.7071527 ], [ 79.9748041, 6.7066392 ], [ 79.9745219, 6.7063806 ], [ 79.9740645, 6.7060799 ], [ 79.9733592, 6.7057059 ], [ 79.9721316, 6.7051837 ], [ 79.9719667, 6.7051136 ], [ 79.9715011, 6.704888 ], [ 79.9713084, 6.7047213 ], [ 79.9708873, 6.7040766 ], [ 79.970753, 6.7038579 ] ] ] } },
{ "type": "Feature", "properties": { "osm_id": "131445485", "code": 5112, "fclass": "trunk", "name": "Panadura - Horana Road", "ref": "AA008", "oneway": "B", "maxspeed": 70, "layer": 0, "bridge": "F", "tunnel": "F" }, "geometry": { "type": "MultiLineString", "coordinates": [ [ [ 80.0178228, 6.7216646 ], [ 80.0173362, 6.7216187 ], [ 80.0167863, 6.7215885 ], [ 80.0159535, 6.7216192 ], [ 80.0154614, 6.7216674 ], [ 80.0149681, 6.7217242 ], [ 80.0149246, 6.7217292 ], [ 80.0147365, 6.7217264 ], [ 80.0145683, 6.7217043 ], [ 80.0143361, 6.7216204 ], [ 80.0141543, 6.7215437 ], [ 80.0140814, 6.7215216 ], [ 80.0136902, 6.7213406 ], [ 80.0133756, 6.7211797 ], [ 80.0133417, 6.7211511 ], [ 80.013293, 6.7211245 ], [ 80.0131906, 6.7210648 ], [ 80.0126433, 6.7207912 ], [ 80.0121681, 6.720501 ], [ 80.0120699, 6.7204353 ], [ 80.011423, 6.719945 ], [ 80.0111443, 6.7197367 ], [ 80.0105099, 6.719397 ], [ 80.0101279, 6.7192168 ], [ 80.0091062, 6.7187494 ], [ 80.0086925, 6.7185884 ], [ 80.0081872, 6.7185276 ], [ 80.0076675, 6.718507 ] ] ] } },
{ "type": "Feature", "properties": { "osm_id": "131445486", "code": 5112, "fclass": "trunk", "name": "Panadura - Horana Road", "ref": "AA008", "oneway": "B", "maxspeed": 70, "layer": 0, "bridge": "F", "tunnel": "F" }, "geometry": { "type": "MultiLineString", "coordinates": [ [ [ 80.0416975, 6.7224324 ], [ 80.0415397, 6.7226383 ], [ 80.0414002, 6.7228259 ], [ 80.0411697, 6.7230783 ], [ 80.0410292, 6.7231752 ], [ 80.0409199, 6.7232177 ], [ 80.0407725, 6.7232536 ], [ 80.0401225, 6.7233488 ], [ 80.0396171, 6.7234575 ], [ 80.0391383, 6.7236839 ], [ 80.0388623, 6.7238767 ], [ 80.0384469, 6.7245062 ], [ 80.0383221, 6.7247185 ], [ 80.0382184, 6.7248766 ], [ 80.038, 6.7251377 ], [ 80.037834, 6.7253083 ], [ 80.0374844, 6.7254543 ], [ 80.0370451, 6.7255709 ] ] ] } },
{ "type": "Feature", "properties": { "osm_id": "131445487", "code": 5112, "fclass": "trunk", "name": "Panadura - Horana Road", "ref": "AA008", "oneway": "B", "maxspeed": 50, "layer": 0, "bridge": "F", "tunnel": "F" }, "geometry": { "type": "MultiLineString", "coordinates": [ [ [ 79.9890405, 6.7144774 ], [ 79.9888744, 6.7142624 ], [ 79.988752, 6.714144 ], [ 79.987865, 6.7133715 ], [ 79.9870194, 6.712764 ], [ 79.9869228, 6.7126787 ], [ 79.9863321, 6.712002 ], [ 79.9857683, 6.7113487 ], [ 79.9856689, 6.711218 ], [ 79.9849533, 6.7106872 ], [ 79.9847966, 6.7106276 ], [ 79.9845915, 6.7105707 ], [ 79.9841573, 6.7105445 ], [ 79.9835359, 6.7106109 ], [ 79.9832002, 6.7106761 ], [ 79.9829833, 6.710662 ], [ 79.9828804, 6.7106336 ], [ 79.982762, 6.7105955 ], [ 79.9826343, 6.7105347 ], [ 79.9824278, 6.7103947 ], [ 79.9822524, 6.7102758 ], [ 79.9819735, 6.7100947 ], [ 79.981698, 6.7099498 ], [ 79.9815854, 6.7099059 ], [ 79.9810387, 6.7098004 ], [ 79.9806806, 6.7097071 ], [ 79.9804408, 6.7096566 ], [ 79.9801411, 6.7095819 ], [ 79.9798417, 6.7094842 ], [ 79.979276, 6.7092995 ], [ 79.9790402, 6.709207 ], [ 79.9785982, 6.7090443 ] ] ] } },
{ "type": "Feature", "properties": { "osm_id": "131445480", "code": 5112, "fclass": "trunk", "name": "Panadura - Horana Road", "ref": "AA008", "oneway": "B", "maxspeed": 70, "layer": 1, "bridge": "T", "tunnel": "F" }, "geometry": { "type": "MultiLineString", "coordinates": [ [ [ 79.9785982, 6.7090443 ], [ 79.9784885, 6.7089948 ] ] ] } },
{ "type": "Feature", "properties": { "osm_id": "131445481", "code": 5112, "fclass": "trunk", "name": "Panadura - Horana Road", "ref": "AA008", "oneway": "B", "maxspeed": 70, "layer": 1, "bridge": "T", "tunnel": "F" }, "geometry": { "type": "MultiLineString", "coordinates": [ [ [ 79.970753, 6.7038579 ], [ 79.9704436, 6.703339 ] ] ] } },
{ "type": "Feature", "properties": { "osm_id": "131445482", "code": 5112, "fclass": "trunk", "name": "Horana - Ratnapura Road", "ref": "AA008", "oneway": "B", "maxspeed": 70, "layer": 1, "bridge": "T", "tunnel": "F" }, "geometry": { "type": "MultiLineString", "coordinates": [ [ [ 80.1108402, 6.7329319 ], [ 80.1105896, 6.7328087 ] ] ] } },
{ "type": "Feature", "properties": { "osm_id": "131445483", "code": 5112, "fclass": "trunk", "name": "Horana - Ratnapura Road", "ref": "AA008", "oneway": "B", "maxspeed": 70, "layer": 0, "bridge": "F", "tunnel": "F" }, "geometry": { "type": "MultiLineString", "coordinates": [ [ [ 80.1113627, 6.7331703 ], [ 80.1108402, 6.7329319 ] ] ] } },
{ "type": "Feature", "properties": { "osm_id": "507847142", "code": 5112, "fclass": "trunk", "name": "Avissawella - Ratnapura Road", "ref": "AA004", "oneway": "B", "maxspeed": 72, "layer": 0, "bridge": "F", "tunnel": "F" }, "geometry": { "type": "MultiLineString", "coordinates": [ [ [ 80.2149855, 6.946793 ], [ 80.2150762, 6.9465598 ], [ 80.2152605, 6.9460118 ], [ 80.2154066, 6.9455241 ], [ 80.2154328, 6.9452245 ], [ 80.2154301, 6.9448419 ], [ 80.2153977, 6.9443869 ], [ 80.2152645, 6.9437271 ], [ 80.2150103, 6.9430987 ], [ 80.2149859, 6.9430404 ], [ 80.2146842, 6.9421237 ], [ 80.2145675, 6.9418282 ], [ 80.2143972, 6.9414834 ], [ 80.2142753, 6.9411419 ], [ 80.2142335, 6.9409584 ], [ 80.2142188, 6.9406692 ], [ 80.2142362, 6.940204 ], [ 80.2141906, 6.9392415 ], [ 80.2142074, 6.9391147 ], [ 80.2142248, 6.9390443 ], [ 80.2142947, 6.9387606 ], [ 80.2145253, 6.9380936 ], [ 80.214701, 6.9375331 ], [ 80.214921401472807, 6.936774887334773 ] ] ] } },
{ "type": "Feature", "properties": { "osm_id": "379183237", "code": 5114, "fclass": "secondary", "name": "Janadhipathi Mawatha", "ref": "AA002", "oneway": "F", "maxspeed": 60, "layer": 0, "bridge": "F", "tunnel": "F" }, "geometry": { "type": "MultiLineString", "coordinates": [ [ [ 79.8428363, 6.9346346 ], [ 79.8428198, 6.9344873 ], [ 79.8428112, 6.9344399 ], [ 79.842543, 6.9329696 ], [ 79.8425145, 6.932845 ], [ 79.8422971, 6.9318157 ], [ 79.8422978, 6.9317514 ], [ 79.8423079, 6.9315863 ] ] ] } },
{ "type": "Feature", "properties": { "osm_id": "122559507", "code": 5112, "fclass": "trunk", "name": "Sri Sambuddhathva Jayanthi Mawatha", "ref": "AA004", "oneway": "F", "maxspeed": 60, "layer": 0, "bridge": "F", "tunnel": "F" }, "geometry": { "type": "MultiLineString", "coordinates": [ [ [ 79.8599556, 6.8971519 ], [ 79.85993, 6.8970428 ], [ 79.8599277, 6.8970138 ], [ 79.8599368, 6.8967168 ] ] ] } },
{ "type": "Feature", "properties": { "osm_id": "122559508", "code": 5112, "fclass": "trunk", "name": "Sri Sambuddhathva Jayanthi Mawatha", "ref": "AA004", "oneway": "F", "maxspeed": 50, "layer": 0, "bridge": "F", "tunnel": "F" }, "geometry": { "type": "MultiLineString", "coordinates": [ [ [ 79.8599368, 6.8967168 ], [ 79.8598739, 6.8968773 ], [ 79.8598371, 6.8970433 ], [ 79.8598356, 6.8971642 ], [ 79.8598246, 6.8972171 ], [ 79.8598156, 6.8972558 ], [ 79.8597867, 6.8973395 ], [ 79.859768, 6.8973896 ] ] ] } },
{ "type": "Feature", "properties": { "osm_id": "1025687180", "code": 5112, "fclass": "trunk", "name": "Sri Sambuddhathva Jayanthi Mawatha", "ref": "AA004", "oneway": "F", "maxspeed": 70, "layer": 0, "bridge": "F", "tunnel": "F" }, "geometry": { "type": "MultiLineString", "coordinates": [ [ [ 79.8643312, 6.8881095 ], [ 79.8643576, 6.8880138 ], [ 79.8643827, 6.8879229 ], [ 79.8644102, 6.8878375 ] ] ] } },
{ "type": "Feature", "properties": { "osm_id": "313870171", "code": 5112, "fclass": "trunk", "name": "Colombo - Kandy Road", "ref": "AA001", "oneway": "F", "maxspeed": 60, "layer": 0, "bridge": "F", "tunnel": "F" }, "geometry": { "type": "MultiLineString", "coordinates": [ [ [ 79.8832999, 6.9561958 ], [ 79.8835153, 6.9560072 ] ] ] } },
{ "type": "Feature", "properties": { "osm_id": "1025687178", "code": 5112, "fclass": "trunk", "name": "Sri Sambuddhathva Jayanthi Mawatha", "ref": "AA004", "oneway": "F", "maxspeed": 70, "layer": 0, "bridge": "F", "tunnel": "F" }, "geometry": { "type": "MultiLineString", "coordinates": [ [ [ 79.8642468, 6.888089 ], [ 79.8642166, 6.8882184 ], [ 79.8637229, 6.8903314 ], [ 79.8636999, 6.8904213 ], [ 79.8636661, 6.8905183 ], [ 79.8635953, 6.8907212 ], [ 79.8635062, 6.8908796 ], [ 79.8633027, 6.8910888 ], [ 79.8632562, 6.8911326 ], [ 79.863104, 6.891276 ], [ 79.862784, 6.8915775 ], [ 79.8625457, 6.891865 ], [ 79.8624661, 6.891961 ], [ 79.8623322, 6.8921897 ], [ 79.8622987, 6.8923173 ] ] ] } },
{ "type": "Feature", "properties": { "osm_id": "740619236", "code": 5112, "fclass": "trunk", "name": "Colombo - Kandy Road", "ref": "AA001", "oneway": "F", "maxspeed": 60, "layer": 1, "bridge": "T", "tunnel": "F" }, "geometry": { "type": "MultiLineString", "coordinates": [ [ [ 79.9110921, 6.9687275 ], [ 79.9112775, 6.96881 ] ] ] } },
{ "type": "Feature", "properties": { "osm_id": "740619237", "code": 5112, "fclass": "trunk", "name": "Colombo - Kandy Road", "ref": "AA001", "oneway": "F", "maxspeed": 60, "layer": 1, "bridge": "T", "tunnel": "F" }, "geometry": { "type": "MultiLineString", "coordinates": [ [ [ 79.911303, 6.9687383 ], [ 79.9111202, 6.9686543 ] ] ] } },
{ "type": "Feature", "properties": { "osm_id": "313870170", "code": 5112, "fclass": "trunk", "name": "Colombo - Kandy Road", "ref": "AA001", "oneway": "F", "maxspeed": 60, "layer": 0, "bridge": "F", "tunnel": "F" }, "geometry": { "type": "MultiLineString", "coordinates": [ [ [ 79.8835153, 6.9560072 ], [ 79.8835773, 6.9559712 ], [ 79.8836397, 6.9559439 ], [ 79.8836967, 6.9559266 ], [ 79.8837436, 6.9559173 ], [ 79.8837791, 6.9559146 ], [ 79.883812, 6.9559139 ], [ 79.8838576, 6.9559156 ], [ 79.8839106, 6.9559209 ], [ 79.8839488, 6.9559286 ], [ 79.8839801, 6.9559351 ], [ 79.8840175, 6.9559391 ] ] ] } },
{ "type": "Feature", "properties": { "osm_id": "740619238", "code": 5112, "fclass": "trunk", "name": "Colombo - Kandy Road", "ref": "AA001", "oneway": "F", "maxspeed": 60, "layer": 0, "bridge": "F", "tunnel": "F" }, "geometry": { "type": "MultiLineString", "coordinates": [ [ [ 79.9125475, 6.969297 ], [ 79.9116575, 6.9688936 ], [ 79.911303, 6.9687383 ] ] ] } },
{ "type": "Feature", "properties": { "osm_id": "740619235", "code": 5112, "fclass": "trunk", "name": "Colombo - Kandy Road", "ref": "AA001", "oneway": "F", "maxspeed": 60, "layer": 0, "bridge": "F", "tunnel": "F" }, "geometry": { "type": "MultiLineString", "coordinates": [ [ [ 79.9112775, 6.96881 ], [ 79.911636, 6.9689794 ], [ 79.9125215, 6.9693933 ] ] ] } },
{ "type": "Feature", "properties": { "osm_id": "384957917", "code": 5112, "fclass": "trunk", "name": "Colombo - Kandy Road", "ref": "AA001", "oneway": "F", "maxspeed": 70, "layer": 0, "bridge": "F", "tunnel": "F" }, "geometry": { "type": "MultiLineString", "coordinates": [ [ [ 80.0370954, 7.0922842 ], [ 80.0371626, 7.092402 ], [ 80.0372484, 7.0925337 ], [ 80.0373343, 7.0926389 ], [ 80.0374308, 7.09274 ], [ 80.0377728, 7.0930567 ], [ 80.0383884, 7.0936224 ], [ 80.0388966, 7.0941214 ], [ 80.0390267, 7.0942478 ], [ 80.0390924, 7.0943197 ], [ 80.0393013, 7.0945088 ], [ 80.0395001, 7.0947017 ], [ 80.0396946, 7.0948853 ], [ 80.0398998, 7.0951089 ], [ 80.0400352, 7.0952673 ], [ 80.0401989, 7.0955015 ], [ 80.0403343, 7.0957251 ], [ 80.0406387, 7.0962976 ], [ 80.0408232, 7.0966808 ], [ 80.0409908, 7.0969275 ] ] ] } },
{ "type": "Feature", "properties": { "osm_id": "384957918", "code": 5112, "fclass": "trunk", "name": "Colombo - Kandy Road", "ref": "AA001", "oneway": "B", "maxspeed": 70, "layer": 1, "bridge": "T", "tunnel": "F" }, "geometry": { "type": "MultiLineString", "coordinates": [ [ [ 80.0370028, 7.0921373 ], [ 80.0370954, 7.0922842 ] ] ] } },
{ "type": "Feature", "properties": { "osm_id": "1000695191", "code": 5112, "fclass": "trunk", "name": "R. A. De Mel Mawatha", "ref": "AA002", "oneway": "F", "maxspeed": 60, "layer": 0, "bridge": "F", "tunnel": "F" }, "geometry": { "type": "MultiLineString", "coordinates": [ [ [ 79.8516461, 6.9115902 ], [ 79.8519468, 6.9106767 ], [ 79.852038, 6.9104224 ], [ 79.8521037, 6.9102392 ], [ 79.8522311, 6.9099082 ], [ 79.8523334, 6.9096421 ], [ 79.8524078, 6.9094098 ], [ 79.8524825, 6.9092085 ], [ 79.8526076, 6.9088001 ], [ 79.8526435, 6.908683 ] ] ] } },
{ "type": "Feature", "properties": { "osm_id": "742170878", "code": 5112, "fclass": "trunk", "name": "High Level Road", "ref": "AA004", "oneway": "F", "maxspeed": 60, "layer": 0, "bridge": "F", "tunnel": "F" }, "geometry": { "type": "MultiLineString", "coordinates": [ [ [ 80.0206962, 6.8484396 ], [ 80.0202443, 6.848339 ], [ 80.0191868, 6.8482362 ], [ 80.0186889, 6.8481803 ], [ 80.0183307, 6.8481402 ], [ 80.0177362, 6.8480736 ], [ 80.0175043, 6.8480359 ], [ 80.017396, 6.8479643 ], [ 80.0172708, 6.8478563 ], [ 80.0172221, 6.8477168 ], [ 80.0172297, 6.8475756 ], [ 80.0174754, 6.8472891 ] ] ] } },
{ "type": "Feature", "properties": { "osm_id": "742170874", "code": 5112, "fclass": "trunk", "name": "High Level Road", "ref": "AA004", "oneway": "F", "maxspeed": 60, "layer": 0, "bridge": "F", "tunnel": "F" }, "geometry": { "type": "MultiLineString", "coordinates": [ [ [ 80.0172698, 6.8471763 ], [ 80.0171759, 6.8472991 ], [ 80.0171158, 6.8474189 ], [ 80.0170893, 6.8476492 ], [ 80.0171566, 6.8478421 ], [ 80.0173514, 6.8480515 ], [ 80.0174846, 6.8481257 ], [ 80.0176709, 6.8481515 ], [ 80.0186842, 6.8482481 ], [ 80.0191757, 6.8483224 ], [ 80.0206962, 6.8484396 ] ] ] } },
{ "type": "Feature", "properties": { "osm_id": "742170875", "code": 5112, "fclass": "trunk", "name": "High Level Road", "ref": "AA004", "oneway": "F", "maxspeed": 60, "layer": 0, "bridge": "F", "tunnel": "F" }, "geometry": { "type": "MultiLineString", "coordinates": [ [ [ 80.0176337, 6.8470558 ], [ 80.0176773, 6.8469636 ], [ 80.0177191, 6.8468393 ], [ 80.0177392, 6.846678 ], [ 80.0177716, 6.846472 ], [ 80.0177952, 6.8462561 ], [ 80.017769, 6.8460453 ], [ 80.0177008, 6.8458085 ], [ 80.017617, 6.8456576 ], [ 80.0175148, 6.8455301 ], [ 80.0173863, 6.8454338 ], [ 80.0172219, 6.8453557 ], [ 80.0159397, 6.8447469 ], [ 80.0157012, 6.8446636 ], [ 80.0154729, 6.8446381 ] ] ] } },
{ "type": "Feature", "properties": { "osm_id": "742170876", "code": 5112, "fclass": "trunk", "name": "High Level Road", "ref": "AA004", "oneway": "F", "maxspeed": 60, "layer": 1, "bridge": "T", "tunnel": "F" }, "geometry": { "type": "MultiLineString", "coordinates": [ [ [ 80.0174754, 6.8472891 ], [ 80.0176337, 6.8470558 ] ] ] } },
{ "type": "Feature", "properties": { "osm_id": "384992608", "code": 5113, "fclass": "primary", "name": "Gampaha - Ja Ela Road", "ref": "AA033", "oneway": "B", "maxspeed": 60, "layer": 0, "bridge": "F", "tunnel": "F" }, "geometry": { "type": "MultiLineString", "coordinates": [ [ [ 79.9508072, 7.0975265 ], [ 79.950116, 7.0983016 ], [ 79.9500453, 7.0983781 ], [ 79.949374, 7.0991045 ], [ 79.9490738, 7.0994374 ], [ 79.9488119, 7.0997127 ], [ 79.9487636, 7.099765 ], [ 79.9486608, 7.0998652 ], [ 79.9485764, 7.0999047 ], [ 79.948511, 7.0999252 ], [ 79.9484123, 7.099934 ], [ 79.9483575, 7.0999384 ], [ 79.9482873, 7.0999366 ], [ 79.947684, 7.0998984 ], [ 79.947674, 7.0998975 ], [ 79.9472851, 7.0998807 ], [ 79.9455746, 7.0998048 ] ] ] } },
{ "type": "Feature", "properties": { "osm_id": "742170877", "code": 5112, "fclass": "trunk", "name": "High Level Road", "ref": "AA004", "oneway": "F", "maxspeed": 60, "layer": 0, "bridge": "F", "tunnel": "F" }, "geometry": { "type": "MultiLineString", "coordinates": [ [ [ 80.0176537, 6.8465085 ], [ 80.0176012, 6.846662 ], [ 80.0175357, 6.8467973 ], [ 80.0174623, 6.846891 ] ] ] } },
{ "type": "Feature", "properties": { "osm_id": "580831233", "code": 5112, "fclass": "trunk", "name": "Colombo - Kandy Road", "ref": "AA001", "oneway": "F", "maxspeed": 60, "layer": 0, "bridge": "F", "tunnel": "F" }, "geometry": { "type": "MultiLineString", "coordinates": [ [ [ 79.9563335, 7.0030695 ], [ 79.9562907, 7.0030292 ], [ 79.9561959, 7.0029595 ], [ 79.9560006, 7.0028768 ], [ 79.9556661, 7.002793 ], [ 79.9552466, 7.0027477 ], [ 79.9547877, 7.0027463 ], [ 79.9546623, 7.0027478 ], [ 79.9540417, 7.0027713 ], [ 79.9536201, 7.0027339 ], [ 79.9535746, 7.0027299 ], [ 79.9532961, 7.002642 ], [ 79.952251, 7.0022045 ] ] ] } },
{ "type": "Feature", "properties": { "osm_id": "385196769", "code": 5113, "fclass": "primary", "name": "Gampaha - Ja Ela Road", "ref": "AA033", "oneway": "B", "maxspeed": 50, "layer": 0, "bridge": "F", "tunnel": "F" }, "geometry": { "type": "MultiLineString", "coordinates": [ [ [ 79.972891, 7.092786 ], [ 79.9743054, 7.0933444 ], [ 79.9744443, 7.0933985 ] ] ] } },
{ "type": "Feature", "properties": { "osm_id": "385196768", "code": 5113, "fclass": "primary", "name": "Gampaha - Ja Ela Road", "ref": "AA033", "oneway": "B", "maxspeed": 50, "layer": 0, "bridge": "F", "tunnel": "F" }, "geometry": { "type": "MultiLineString", "coordinates": [ [ [ 79.9728737, 7.0927792 ], [ 79.972891, 7.092786 ] ] ] } },
{ "type": "Feature", "properties": { "osm_id": "344287107", "code": 5112, "fclass": "trunk", "name": "Avissawella-Ratnapura Road", "ref": "A4", "oneway": "F", "maxspeed": 60, "layer": 0, "bridge": "F", "tunnel": "F" }, "geometry": { "type": "MultiLineString", "coordinates": [ [ [ 80.2103723, 6.9541452 ], [ 80.2107376, 6.9540447 ], [ 80.2110797, 6.9539936 ], [ 80.2112286, 6.9539344 ] ] ] } },
{ "type": "Feature", "properties": { "osm_id": "580831258", "code": 5112, "fclass": "trunk", "name": "Colombo - Kandy Road", "ref": "AA001", "oneway": "F", "maxspeed": 60, "layer": 0, "bridge": "F", "tunnel": "F" }, "geometry": { "type": "MultiLineString", "coordinates": [ [ [ 79.9513109, 7.0018577 ], [ 79.9511462, 7.00178 ], [ 79.9508666, 7.0016304 ] ] ] } },
{ "type": "Feature", "properties": { "osm_id": "580831259", "code": 5112, "fclass": "trunk", "name": "Colombo - Kandy Road", "ref": "AA001", "oneway": "F", "maxspeed": 60, "layer": 0, "bridge": "F", "tunnel": "F" }, "geometry": { "type": "MultiLineString", "coordinates": [ [ [ 79.9500651, 7.0011424 ], [ 79.9506237, 7.0015864 ], [ 79.9508289, 7.0017253 ] ] ] } },
{ "type": "Feature", "properties": { "osm_id": "580831260", "code": 5112, "fclass": "trunk", "name": "Colombo - Kandy Road", "ref": "AA001", "oneway": "F", "maxspeed": 60, "layer": 0, "bridge": "F", "tunnel": "F" }, "geometry": { "type": "MultiLineString", "coordinates": [ [ [ 79.949199, 7.0007051 ], [ 79.9493739, 7.0007704 ], [ 79.9494342, 7.0008003 ], [ 79.9497628, 7.0009427 ], [ 79.9499299, 7.0010431 ], [ 79.9500651, 7.0011424 ] ] ] } },
{ "type": "Feature", "properties": { "osm_id": "580831256", "code": 5112, "fclass": "trunk", "name": "Colombo - Kandy Road", "ref": "AA001", "oneway": "F", "maxspeed": 60, "layer": 0, "bridge": "F", "tunnel": "F" }, "geometry": { "type": "MultiLineString", "coordinates": [ [ [ 79.952251, 7.0022045 ], [ 79.951922, 7.0020954 ], [ 79.9514536, 7.0019269 ], [ 79.9513109, 7.0018577 ] ] ] } },
{ "type": "Feature", "properties": { "osm_id": "580831257", "code": 5112, "fclass": "trunk", "name": "Colombo - Kandy Road", "ref": "AA001", "oneway": "F", "maxspeed": 60, "layer": 0, "bridge": "F", "tunnel": "F" }, "geometry": { "type": "MultiLineString", "coordinates": [ [ [ 79.9508666, 7.0016304 ], [ 79.950778, 7.0015697 ], [ 79.9501236, 7.0011052 ] ] ] } },
{ "type": "Feature", "properties": { "osm_id": "580831251", "code": 5112, "fclass": "trunk", "name": "Colombo - Kandy Road", "ref": "AA001", "oneway": "F", "maxspeed": 60, "layer": 0, "bridge": "F", "tunnel": "F" }, "geometry": { "type": "MultiLineString", "coordinates": [ [ [ 79.9552058, 7.0028372 ], [ 79.9554284, 7.0028535 ], [ 79.9557499, 7.0029104 ], [ 79.9560009, 7.0029826 ] ] ] } },
{ "type": "Feature", "properties": { "osm_id": "580831252", "code": 5112, "fclass": "trunk", "name": "Colombo - Kandy Road", "ref": "AA001", "oneway": "F", "maxspeed": 60, "layer": 0, "bridge": "F", "tunnel": "F" }, "geometry": { "type": "MultiLineString", "coordinates": [ [ [ 79.9508289, 7.0017253 ], [ 79.9509482, 7.0017985 ], [ 79.9510868, 7.0018782 ], [ 79.9512608, 7.0019527 ], [ 79.9514137, 7.0020238 ], [ 79.9516499, 7.0020988 ], [ 79.9519787, 7.0022092 ], [ 79.9532496, 7.0027193 ], [ 79.9535681, 7.0028111 ], [ 79.9540664, 7.0028635 ], [ 79.9549663, 7.0028337 ], [ 79.9552058, 7.0028372 ] ] ] } },
{ "type": "Feature", "properties": { "osm_id": "384783453", "code": 5113, "fclass": "primary", "name": "Gampaha - Ja Ela Road", "ref": "AA033", "oneway": "B", "maxspeed": 50, "layer": 1, "bridge": "T", "tunnel": "F" }, "geometry": { "type": "MultiLineString", "coordinates": [ [ [ 79.9641172, 7.0917825 ], [ 79.9641922, 7.0917748 ] ] ] } },
{ "type": "Feature", "properties": { "osm_id": "384783454", "code": 5113, "fclass": "primary", "name": "Gampaha - Ja Ela Road", "ref": "AA033", "oneway": "B", "maxspeed": 50, "layer": 0, "bridge": "F", "tunnel": "F" }, "geometry": { "type": "MultiLineString", "coordinates": [ [ [ 79.957389, 7.0924157 ], [ 79.9579094, 7.0923344 ], [ 79.9590685, 7.09219 ], [ 79.9591067, 7.0921855 ], [ 79.9602769, 7.0920471 ], [ 79.9607557, 7.0920077 ], [ 79.9616154, 7.0919613 ], [ 79.9616756, 7.0919601 ], [ 79.9622038, 7.0919493 ], [ 79.9623603, 7.0919461 ], [ 79.9629448, 7.0919567 ], [ 79.9631684, 7.0919441 ], [ 79.96379, 7.0918014 ], [ 79.9641172, 7.0917825 ] ] ] } },
{ "type": "Feature", "properties": { "osm_id": "384783438", "code": 5113, "fclass": "primary", "name": "Gampaha - Ja Ela Road", "ref": "AA033", "oneway": "B", "maxspeed": 70, "layer": 0, "bridge": "F", "tunnel": "F" }, "geometry": { "type": "MultiLineString", "coordinates": [ [ [ 79.9848345, 7.0933999 ], [ 79.9849574, 7.0933889 ] ] ] } },
{ "type": "Feature", "properties": { "osm_id": "1061259052", "code": 5112, "fclass": "trunk", "name": "Galle Road", "ref": "AA002", "oneway": "F", "maxspeed": 60, "layer": 0, "bridge": "F", "tunnel": "F" }, "geometry": { "type": "MultiLineString", "coordinates": [ [ [ 79.9516819, 6.6098909 ], [ 79.9517577, 6.6098383 ], [ 79.9518978, 6.6096458 ], [ 79.9520212, 6.6094633 ], [ 79.9521438, 6.6092733 ], [ 79.9524751, 6.6088363 ], [ 79.9526138, 6.6086004 ], [ 79.9527238, 6.6084095 ] ] ] } },
{ "type": "Feature", "properties": { "osm_id": "334963611", "code": 5112, "fclass": "trunk", "name": "High Level Road", "ref": "AA004", "oneway": "B", "maxspeed": 60, "layer": 0, "bridge": "F", "tunnel": "F" }, "geometry": { "type": "MultiLineString", "coordinates": [ [ [ 80.1093526, 6.9233334 ], [ 80.1098157, 6.9236231 ], [ 80.1108162, 6.9242541 ], [ 80.1122029, 6.9250609 ], [ 80.1127822, 6.9255615 ], [ 80.1129995, 6.925684 ], [ 80.1137104, 6.9259943 ], [ 80.1140689, 6.9262012 ], [ 80.1141923, 6.9262848 ], [ 80.1142822, 6.926378 ], [ 80.1143707, 6.9265023 ], [ 80.1145719, 6.9269065 ], [ 80.115002, 6.9278155 ], [ 80.115166, 6.9281642 ], [ 80.1152851, 6.9285966 ], [ 80.1153842, 6.9289172 ], [ 80.1154835, 6.9290709 ], [ 80.1167952, 6.9306476 ], [ 80.1174558, 6.9313862 ], [ 80.1175707, 6.9315329 ], [ 80.1178747, 6.9320257 ], [ 80.117999, 6.9321701 ], [ 80.1184013, 6.9325003 ], [ 80.1187336, 6.9327184 ], [ 80.1188204, 6.9327609 ], [ 80.1193245, 6.9330075 ], [ 80.1200268, 6.9332618 ], [ 80.1202566, 6.933331 ], [ 80.120574, 6.9334266 ], [ 80.1208143, 6.9335072 ], [ 80.1216318, 6.9336704 ], [ 80.1218533, 6.9337437 ], [ 80.1223486, 6.9339853 ], [ 80.1228413, 6.9343241 ], [ 80.1229051, 6.9343679 ], [ 80.1231488, 6.934532 ], [ 80.1234253, 6.9348605 ], [ 80.1235008, 6.9349686 ], [ 80.1239678, 6.9357345 ], [ 80.1242903, 6.9361578 ], [ 80.1246335, 6.9366082 ], [ 80.1255261, 6.937783 ], [ 80.1258011, 6.9381441 ], [ 80.1259561, 6.9386109 ], [ 80.1260898, 6.9387669 ], [ 80.126431, 6.9391299 ], [ 80.1266148, 6.9392709 ], [ 80.127054, 6.9396081 ] ] ] } },
{ "type": "Feature", "properties": { "osm_id": "338202878", "code": 5112, "fclass": "trunk", "name": "R.A. De Mel Mawatha", "ref": "AA002", "oneway": "F", "maxspeed": 40, "layer": 1, "bridge": "T", "tunnel": "F" }, "geometry": { "type": "MultiLineString", "coordinates": [ [ [ 79.8619571, 6.8805575 ], [ 79.8621184, 6.880272 ] ] ] } },
{ "type": "Feature", "properties": { "osm_id": "337818184", "code": 5113, "fclass": "primary", "name": "Galle Road", "ref": "AA002", "oneway": "F", "maxspeed": 50, "layer": 0, "bridge": "F", "tunnel": "F" }, "geometry": { "type": "MultiLineString", "coordinates": [ [ [ 79.8834135, 6.7803595 ], [ 79.8833485, 6.7801272 ], [ 79.8832935, 6.7798775 ], [ 79.8832656, 6.7797816 ], [ 79.883256, 6.7797487 ], [ 79.8832052, 6.779609 ], [ 79.8831922, 6.7795493 ], [ 79.8831278, 6.77937 ] ] ] } },
{ "type": "Feature", "properties": { "osm_id": "336113876", "code": 5112, "fclass": "trunk", "name": "Colombo - Negombo Road", "ref": "AA003", "oneway": "F", "maxspeed": 60, "layer": 1, "bridge": "T", "tunnel": "F" }, "geometry": { "type": "MultiLineString", "coordinates": [ [ [ 79.8819826, 6.9650494 ], [ 79.882043, 6.9651615 ] ] ] } },
{ "type": "Feature", "properties": { "osm_id": "336107406", "code": 5112, "fclass": "trunk", "name": "Colombo - Kandy Road", "ref": "AA001", "oneway": "F", "maxspeed": 60, "layer": 0, "bridge": "F", "tunnel": "F" }, "geometry": { "type": "MultiLineString", "coordinates": [ [ [ 79.8839891, 6.9557435 ], [ 79.8837978, 6.9558174 ], [ 79.8837003, 6.9558536 ], [ 79.8836317, 6.9558804 ], [ 79.8835709, 6.9559107 ], [ 79.8835266, 6.9559377 ], [ 79.8834824, 6.9559703 ] ] ] } },
{ "type": "Feature", "properties": { "osm_id": "336107408", "code": 5112, "fclass": "trunk", "name": "New Kelani Bridge Road", "ref": "AA001", "oneway": "F", "maxspeed": 60, "layer": 0, "bridge": "F", "tunnel": "F" }, "geometry": { "type": "MultiLineString", "coordinates": [ [ [ 79.8839891, 6.9557435 ], [ 79.8836434, 6.9557398 ], [ 79.8834869, 6.9557271 ], [ 79.8834069, 6.9557146 ], [ 79.8833248, 6.9556897 ], [ 79.8832574, 6.955661 ], [ 79.8831784, 6.9556305 ], [ 79.8831043, 6.9555968 ], [ 79.883004, 6.9555584 ] ] ] } },
{ "type": "Feature", "properties": { "osm_id": "336107396", "code": 5112, "fclass": "trunk", "name": "Colombo - Kandy Road", "ref": "AA001", "oneway": "F", "maxspeed": 60, "layer": 0, "bridge": "F", "tunnel": "F" }, "geometry": { "type": "MultiLineString", "coordinates": [ [ [ 79.8840794, 6.955927 ], [ 79.8841298, 6.9559065 ], [ 79.8841768, 6.9558826 ], [ 79.8842273, 6.9558525 ], [ 79.8842888, 6.9558194 ], [ 79.8843665, 6.9557841 ], [ 79.8844504, 6.9557528 ], [ 79.884554, 6.9557217 ], [ 79.884712, 6.9556906 ], [ 79.8849219, 6.9556655 ], [ 79.8851981, 6.9556698 ], [ 79.8855337, 6.9556908 ], [ 79.886036, 6.9557065 ], [ 79.8861117, 6.9557057 ], [ 79.8862932, 6.9557049 ], [ 79.8864214, 6.955706 ], [ 79.8865444, 6.955707 ], [ 79.8868158, 6.9557121 ], [ 79.8870486, 6.9557262 ], [ 79.8873132, 6.9557435 ], [ 79.8875144, 6.9557713 ], [ 79.8876722, 6.9558201 ], [ 79.8877899, 6.9558718 ], [ 79.8878895, 6.9559235 ], [ 79.8879495, 6.9559686 ], [ 79.8880128, 6.9560177 ], [ 79.8880458, 6.95605 ], [ 79.888251, 6.9561923 ], [ 79.8886904, 6.9564938 ], [ 79.8889456, 6.9567159 ], [ 79.8893932, 6.9571635 ], [ 79.8894998, 6.9572819 ], [ 79.8896305, 6.9574229 ], [ 79.8906228, 6.9584548 ], [ 79.8911054, 6.9589567 ], [ 79.8912639, 6.9591021 ], [ 79.8923849, 6.9601925 ], [ 79.8937683, 6.9615558 ], [ 79.894329, 6.9620879 ], [ 79.8945916, 6.9623316 ], [ 79.8948692, 6.9625802 ], [ 79.895164, 6.962884 ], [ 79.8957979, 6.9635373 ], [ 79.8960778, 6.9638258 ], [ 79.8961955, 6.9639412 ], [ 79.8964533, 6.9641937 ] ] ] } },
{ "type": "Feature", "properties": { "osm_id": "336107405", "code": 5112, "fclass": "trunk", "name": "Kandy Road", "ref": "AA001", "oneway": "F", "maxspeed": 60, "layer": 0, "bridge": "F", "tunnel": "F" }, "geometry": { "type": "MultiLineString", "coordinates": [ [ [ 79.8834824, 6.9559703 ], [ 79.8832544, 6.9561502 ] ] ] } },
{ "type": "Feature", "properties": { "osm_id": "340610935", "code": 5112, "fclass": "trunk", "name": "Colombo - Kandy Road", "ref": "AA001", "oneway": "F", "maxspeed": 60, "layer": 0, "bridge": "F", "tunnel": "F" }, "geometry": { "type": "MultiLineString", "coordinates": [ [ [ 79.9170166, 6.9722115 ], [ 79.9170949, 6.9722965 ], [ 79.9175361, 6.9726864 ], [ 79.9177919, 6.9728457 ], [ 79.9180772, 6.9729613 ], [ 79.9188901, 6.9731967 ], [ 79.9195944, 6.9734091 ], [ 79.9198625, 6.973472 ], [ 79.9199984, 6.9735039 ], [ 79.9201771, 6.9735393 ], [ 79.9208662, 6.9736786 ], [ 79.921432, 6.9738353 ], [ 79.9218257, 6.9740094 ], [ 79.9223384, 6.9742966 ], [ 79.9224266, 6.974346 ], [ 79.9234654, 6.97493 ], [ 79.9242793, 6.9754286 ], [ 79.9244663, 6.9755626 ], [ 79.9246414, 6.9756887 ], [ 79.9251482, 6.9761675 ], [ 79.9255761, 6.9766415 ], [ 79.9256077, 6.9766765 ], [ 79.9257149, 6.9767893 ], [ 79.9261756, 6.977219 ], [ 79.9265022, 6.9775236 ], [ 79.9271799, 6.9781908 ], [ 79.9271891, 6.9781999 ], [ 79.9272461, 6.978256 ], [ 79.927295, 6.9783042 ], [ 79.9273105, 6.9783201 ], [ 79.9276946, 6.9787158 ], [ 79.9289991, 6.9800993 ], [ 79.9291368, 6.9802469 ], [ 79.9296233, 6.9807684 ], [ 79.9299229, 6.9811064 ], [ 79.9305088, 6.9817663 ], [ 79.9306259, 6.9819018 ], [ 79.9311655, 6.9824836 ], [ 79.931175, 6.9824929 ], [ 79.9316044, 6.9829165 ], [ 79.9318298, 6.9831318 ], [ 79.9324909, 6.9837272 ], [ 79.9329191, 6.984113 ], [ 79.9332526, 6.9844503 ], [ 79.9339566, 6.9851622 ], [ 79.934256, 6.9854921 ] ] ] } },
{ "type": "Feature", "properties": { "osm_id": "340554682", "code": 5112, "fclass": "trunk", "name": "Colombo - Kandy Road", "ref": "AA001", "oneway": "F", "maxspeed": 60, "layer": 0, "bridge": "F", "tunnel": "F" }, "geometry": { "type": "MultiLineString", "coordinates": [ [ [ 79.9501236, 7.0011052 ], [ 79.9499522, 7.0009698 ], [ 79.9497849, 7.0008642 ], [ 79.949643, 7.0008038 ], [ 79.9494665, 7.0007175 ], [ 79.9494034, 7.0006872 ], [ 79.9492346, 7.0006202 ] ] ] } },
{ "type": "Feature", "properties": { "osm_id": "340554683", "code": 5112, "fclass": "trunk", "name": "Colombo - Kandy Road", "ref": "AA001", "oneway": "F", "maxspeed": 60, "layer": 0, "bridge": "F", "tunnel": "F" }, "geometry": { "type": "MultiLineString", "coordinates": [ [ [ 79.9492346, 7.0006202 ], [ 79.949104, 7.0005657 ], [ 79.9489857, 7.000512 ], [ 79.9486495, 7.0002755 ], [ 79.9485413, 7.0001665 ], [ 79.9483791, 6.9999451 ], [ 79.9482541, 6.9996986 ], [ 79.9481662, 6.9994113 ], [ 79.9481875, 6.9989466 ], [ 79.9482186, 6.9986841 ], [ 79.9482767, 6.9981382 ], [ 79.9482473, 6.9978194 ], [ 79.9480295, 6.9970148 ], [ 79.9479196, 6.9967194 ], [ 79.9477412, 6.9964428 ], [ 79.9469738, 6.9956192 ], [ 79.9466313, 6.9953214 ], [ 79.9461795, 6.9950406 ], [ 79.9456717, 6.9947538 ], [ 79.9454189, 6.9946133 ], [ 79.9446652, 6.9941684 ], [ 79.9443649, 6.9939567 ], [ 79.9441552, 6.9937811 ], [ 79.9435569, 6.9931501 ], [ 79.9434629, 6.9930683 ], [ 79.9433203, 6.9929496 ], [ 79.9431286, 6.9928022 ], [ 79.9429339, 6.9926525 ], [ 79.9427153, 6.9925241 ], [ 79.9426095, 6.9924833 ], [ 79.9424219, 6.9924138 ], [ 79.9422166, 6.9923409 ], [ 79.9420444, 6.9922335 ], [ 79.9419321, 6.9921414 ], [ 79.9417808, 6.9919682 ], [ 79.9416837, 6.9918275 ], [ 79.9414794, 6.9915697 ], [ 79.9412887, 6.9914019 ], [ 79.9408016, 6.9911577 ], [ 79.9404127, 6.9910321 ], [ 79.940021, 6.9910099 ], [ 79.9396533, 6.9910397 ], [ 79.9393897, 6.9910734 ], [ 79.939266, 6.9910751 ], [ 79.9390577, 6.991028 ], [ 79.9388677, 6.9909407 ], [ 79.9387383, 6.9908545 ], [ 79.9386338, 6.9907172 ], [ 79.9385365, 6.9905331 ], [ 79.9383113, 6.9899623 ], [ 79.9378056, 6.9889254 ], [ 79.9375625, 6.9884663 ], [ 79.9373694, 6.9881153 ], [ 79.9370917, 6.987714 ], [ 79.9367209, 6.9872779 ], [ 79.9364691, 6.9870357 ], [ 79.936152, 6.9868582 ], [ 79.9356946, 6.9867316 ], [ 79.9354341, 6.9866241 ], [ 79.9352396, 6.9865041 ], [ 79.93504, 6.9863024 ] ] ] } },
{ "type": "Feature", "properties": { "osm_id": "340554142", "code": 5112, "fclass": "trunk", "name": "Colombo - Kandy Road", "ref": "AA001", "oneway": "F", "maxspeed": 60, "layer": 0, "bridge": "F", "tunnel": "F" }, "geometry": { "type": "MultiLineString", "coordinates": [ [ [ 79.9490781, 7.0006529 ], [ 79.949199, 7.0007051 ] ] ] } },
{ "type": "Feature", "properties": { "osm_id": "340554144", "code": 5112, "fclass": "trunk", "name": "Colombo - Kandy Road", "ref": "AA001", "oneway": "F", "maxspeed": 60, "layer": 0, "bridge": "F", "tunnel": "F" }, "geometry": { "type": "MultiLineString", "coordinates": [ [ [ 79.9560009, 7.0029826 ], [ 79.9561094, 7.0030426 ], [ 79.9562485, 7.003154 ], [ 79.9563463, 7.0032685 ], [ 79.9564633, 7.0034754 ], [ 79.9565081, 7.0036127 ], [ 79.9565468, 7.0038519 ], [ 79.9565654, 7.0043672 ], [ 79.9565583, 7.0046862 ], [ 79.9565596, 7.0047423 ], [ 79.9565882, 7.0050333 ], [ 79.9565989, 7.0050779 ], [ 79.9566942, 7.005295 ], [ 79.9567769, 7.0054376 ], [ 79.9569052, 7.0055618 ], [ 79.9575708, 7.0059435 ], [ 79.9584548, 7.0064217 ], [ 79.9589399, 7.0066984 ], [ 79.9593291, 7.006919 ], [ 79.9600655, 7.0073715 ] ] ] } },
{ "type": "Feature", "properties": { "osm_id": "384283520", "code": 5113, "fclass": "primary", "name": "Gampaha - Ja Ela Road", "ref": "AA033", "oneway": "B", "maxspeed": 50, "layer": 0, "bridge": "F", "tunnel": "F" }, "geometry": { "type": "MultiLineString", "coordinates": [ [ [ 79.950874, 7.0974524 ], [ 79.9517905, 7.0964669 ], [ 79.9518203, 7.0964343 ], [ 79.9518557, 7.0963959 ], [ 79.9520657, 7.0961677 ], [ 79.9524643, 7.0957348 ], [ 79.9525646, 7.0956259 ], [ 79.9526968, 7.0954823 ], [ 79.9529376, 7.0952228 ], [ 79.9536063, 7.094502 ], [ 79.9536572, 7.0944476 ], [ 79.9543192, 7.0937407 ], [ 79.9546283, 7.0934107 ], [ 79.9547222, 7.0933252 ] ] ] } },
{ "type": "Feature", "properties": { "osm_id": "384283521", "code": 5113, "fclass": "primary", "name": "Gampaha - Ja Ela Road", "ref": "AA033", "oneway": "B", "maxspeed": 50, "layer": 1, "bridge": "T", "tunnel": "F" }, "geometry": { "type": "MultiLineString", "coordinates": [ [ [ 79.9572487, 7.0924367 ], [ 79.957389, 7.0924157 ] ] ] } },
{ "type": "Feature", "properties": { "osm_id": "1038937088", "code": 5112, "fclass": "trunk", "name": "Galle Road", "ref": "AA002", "oneway": "F", "maxspeed": 60, "layer": 1, "bridge": "T", "tunnel": "F" }, "geometry": { "type": "MultiLineString", "coordinates": [ [ [ 79.8597879, 6.8795053 ], [ 79.8596806, 6.8798722 ] ] ] } },
{ "type": "Feature", "properties": { "osm_id": "168549279", "code": 5112, "fclass": "trunk", "name": "Thalduwa Bridge", "ref": "AA007", "oneway": "B", "maxspeed": 60, "layer": 1, "bridge": "T", "tunnel": "F" }, "geometry": { "type": "MultiLineString", "coordinates": [ [ [ 80.220134596088357, 6.953998197911968 ], [ 80.2197566, 6.9538715 ] ] ] } },
{ "type": "Feature", "properties": { "osm_id": "160293176", "code": 5112, "fclass": "trunk", "name": null, "ref": "AA004", "oneway": "F", "maxspeed": 60, "layer": 0, "bridge": "F", "tunnel": "F" }, "geometry": { "type": "MultiLineString", "coordinates": [ [ [ 79.9300863, 6.8451946 ], [ 79.9302846, 6.8449619 ] ] ] } },
{ "type": "Feature", "properties": { "osm_id": "780854939", "code": 5113, "fclass": "primary", "name": "Gampaha - Ja Ela Road", "ref": "AA033", "oneway": "F", "maxspeed": 60, "layer": 0, "bridge": "F", "tunnel": "F" }, "geometry": { "type": "MultiLineString", "coordinates": [ [ [ 79.8989697, 7.0882947 ], [ 79.8990784, 7.0884958 ], [ 79.8994325, 7.0889005 ], [ 79.8998255, 7.0893117 ], [ 79.9002331, 7.0897296 ], [ 79.9006435, 7.0901449 ], [ 79.9006958, 7.0901994 ], [ 79.9011692, 7.0906732 ], [ 79.9014938, 7.0909979 ], [ 79.9016534, 7.091155 ], [ 79.9019227, 7.0914305 ], [ 79.9020898, 7.0916242 ], [ 79.9024165, 7.0920147 ], [ 79.9046113, 7.0945894 ], [ 79.9059284, 7.0961428 ], [ 79.906505, 7.0968211 ], [ 79.906718, 7.0970658 ], [ 79.9077141, 7.0981739 ], [ 79.9086243, 7.0991839 ], [ 79.9092029, 7.0998489 ], [ 79.9095327, 7.1001947 ], [ 79.9096994, 7.1003777 ], [ 79.9097988, 7.1004862 ], [ 79.9099063, 7.1006084 ], [ 79.9099564, 7.1006706 ], [ 79.910002, 7.1007406 ], [ 79.9100522, 7.1008198 ], [ 79.9100862, 7.1008923 ], [ 79.9101154, 7.1009719 ], [ 79.9101747, 7.1011481 ], [ 79.9101869, 7.1011941 ], [ 79.9102067, 7.1012426 ] ] ] } },
{ "type": "Feature", "properties": { "osm_id": "1047824605", "code": 5112, "fclass": "trunk", "name": "High Level Road", "ref": "AA004", "oneway": "F", "maxspeed": 60, "layer": 1, "bridge": "T", "tunnel": "F" }, "geometry": { "type": "MultiLineString", "coordinates": [ [ [ 79.980318, 6.8384983 ], [ 79.982773, 6.8376484 ] ] ] } },
{ "type": "Feature", "properties": { "osm_id": "1047824606", "code": 5112, "fclass": "trunk", "name": "High Level Road", "ref": "AA004", "oneway": "F", "maxspeed": 60, "layer": 1, "bridge": "T", "tunnel": "F" }, "geometry": { "type": "MultiLineString", "coordinates": [ [ [ 79.9827271, 6.8375732 ], [ 79.9825211, 6.837635 ], [ 79.9802815, 6.8384252 ] ] ] } },
{ "type": "Feature", "properties": { "osm_id": "161480084", "code": 5112, "fclass": "trunk", "name": "Galle Road", "ref": "AA002", "oneway": "F", "maxspeed": 70, "layer": 0, "bridge": "F", "tunnel": "F" }, "geometry": { "type": "MultiLineString", "coordinates": [ [ [ 79.863474, 6.8637273 ], [ 79.8633732, 6.864238 ], [ 79.8633197, 6.8644857 ], [ 79.8632529, 6.8647862 ], [ 79.863177, 6.8651652 ], [ 79.8631594, 6.8652406 ], [ 79.8629879, 6.8659877 ], [ 79.8629507, 6.8661498 ], [ 79.8627765, 6.8669095 ], [ 79.8626268, 6.8675842 ], [ 79.8625452, 6.867965 ], [ 79.8624994, 6.8681938 ], [ 79.8624659, 6.8683204 ], [ 79.86241, 6.8685887 ], [ 79.8623568, 6.8688516 ], [ 79.8622745, 6.8692915 ], [ 79.8622383, 6.8695216 ], [ 79.8622116, 6.8696832 ], [ 79.8621861, 6.8698269 ], [ 79.8621535, 6.8700447 ], [ 79.8621018, 6.8703537 ], [ 79.8620595, 6.8705568 ], [ 79.8620246, 6.8707525 ], [ 79.8619452, 6.8711979 ], [ 79.8619291, 6.871288 ], [ 79.8617941, 6.8720161 ], [ 79.8617482, 6.872256 ], [ 79.8616849, 6.8725983 ], [ 79.8615622, 6.8732744 ], [ 79.8614857, 6.8736303 ], [ 79.8614752, 6.8737016 ], [ 79.8613792, 6.8740637 ], [ 79.8613657, 6.8741109 ], [ 79.861294, 6.8743922 ], [ 79.8611609, 6.8747656 ], [ 79.8611143, 6.8749045 ], [ 79.8609701, 6.8753825 ], [ 79.8609399, 6.875491 ], [ 79.8609169, 6.8755575 ], [ 79.8608945, 6.8756198 ], [ 79.8607907, 6.8759713 ], [ 79.860611, 6.8765794 ], [ 79.8605755, 6.876708 ], [ 79.8604216, 6.8772307 ], [ 79.860235, 6.8778641 ], [ 79.8601187, 6.8782613 ], [ 79.8600341, 6.8785518 ], [ 79.8598923, 6.8790409 ], [ 79.8598629, 6.8791565 ], [ 79.8598218, 6.8793192 ] ] ] } },
{ "type": "Feature", "properties": { "osm_id": "424592354", "code": 5112, "fclass": "trunk", "name": "Colombo - Negombo Road", "ref": "AA003", "oneway": "F", "maxspeed": 60, "layer": 0, "bridge": "F", "tunnel": "F" }, "geometry": { "type": "MultiLineString", "coordinates": [ [ [ 79.8983326, 6.9983054 ], [ 79.8982913, 6.9981886 ], [ 79.8982084, 6.998 ], [ 79.8980045, 6.9975782 ], [ 79.8978897, 6.9973669 ], [ 79.8978129, 6.9972256 ], [ 79.8976493, 6.996907 ], [ 79.8974418, 6.9965293 ], [ 79.8971084, 6.9959129 ], [ 79.8969097, 6.995627 ], [ 79.8965583, 6.9952412 ], [ 79.8963611, 6.9950471 ] ] ] } },
{ "type": "Feature", "properties": { "osm_id": "1030456260", "code": 5112, "fclass": "trunk", "name": "Horana - Ratnapura Road", "ref": "AA008", "oneway": "B", "maxspeed": 70, "layer": 1, "bridge": "T", "tunnel": "F" }, "geometry": { "type": "MultiLineString", "coordinates": [ [ [ 80.1719275, 6.7438061 ], [ 80.1714911, 6.7438159 ] ] ] } },
{ "type": "Feature", "properties": { "osm_id": "1030456261", "code": 5112, "fclass": "trunk", "name": "Horana - Ratnapura Road", "ref": "AA008", "oneway": "B", "maxspeed": 70, "layer": 0, "bridge": "F", "tunnel": "F" }, "geometry": { "type": "MultiLineString", "coordinates": [ [ [ 80.1722635, 6.7438127 ], [ 80.1720896, 6.7438103 ], [ 80.1719275, 6.7438061 ] ] ] } },
{ "type": "Feature", "properties": { "osm_id": "167937700", "code": 5112, "fclass": "trunk", "name": "Sri Sambuddhathva Jayanthi Mawatha", "ref": "AA004", "oneway": "F", "maxspeed": 50, "layer": 0, "bridge": "F", "tunnel": "F" }, "geometry": { "type": "MultiLineString", "coordinates": [ [ [ 79.865472, 6.8861698 ], [ 79.8655897, 6.886044 ], [ 79.8656724, 6.8859713 ], [ 79.8658682, 6.8858053 ], [ 79.8661196, 6.8856243 ], [ 79.8663009, 6.8855175 ], [ 79.8663777, 6.8854722 ], [ 79.8666178, 6.8853199 ], [ 79.8668302, 6.8851181 ] ] ] } },
{ "type": "Feature", "properties": { "osm_id": "1030605145", "code": 5112, "fclass": "trunk", "name": "High Level Road", "ref": "AA004", "oneway": "F", "maxspeed": 60, "layer": 0, "bridge": "F", "tunnel": "F" }, "geometry": { "type": "MultiLineString", "coordinates": [ [ [ 80.0154729, 6.8446381 ], [ 80.0159161, 6.8448327 ], [ 80.0162813, 6.8450011 ], [ 80.0169618, 6.8453323 ], [ 80.0171838, 6.8454576 ], [ 80.0174047, 6.8455821 ], [ 80.0175331, 6.8457305 ], [ 80.0176196, 6.8459061 ], [ 80.0176772, 6.8460947 ], [ 80.0176864, 6.8462912 ], [ 80.0176537, 6.8465085 ] ] ] } },
{ "type": "Feature", "properties": { "osm_id": "360023735", "code": 5112, "fclass": "trunk", "name": "Galle Road", "ref": "AA002", "oneway": "F", "maxspeed": 50, "layer": 0, "bridge": "F", "tunnel": "F" }, "geometry": { "type": "MultiLineString", "coordinates": [ [ [ 79.8658205, 6.8530698 ], [ 79.8658387, 6.8528395 ] ] ] } },
{ "type": "Feature", "properties": { "osm_id": "413371185", "code": 5113, "fclass": "primary", "name": "Gampaha - Ja Ela Road", "ref": "AA033", "oneway": "F", "maxspeed": 50, "layer": 0, "bridge": "F", "tunnel": "F" }, "geometry": { "type": "MultiLineString", "coordinates": [ [ [ 79.8910695, 7.0812013 ], [ 79.8912151, 7.081241 ] ] ] } },
{ "type": "Feature", "properties": { "osm_id": "360023725", "code": 5112, "fclass": "trunk", "name": "Galle Road", "ref": "AA002", "oneway": "F", "maxspeed": 60, "layer": 0, "bridge": "F", "tunnel": "F" }, "geometry": { "type": "MultiLineString", "coordinates": [ [ [ 79.8659565, 6.8494796 ], [ 79.865969, 6.8498223 ] ] ] } },
{ "type": "Feature", "properties": { "osm_id": "519930136", "code": 5112, "fclass": "trunk", "name": "Colombo - Kandy Road", "ref": "AA001", "oneway": "F", "maxspeed": 70, "layer": 0, "bridge": "F", "tunnel": "F" }, "geometry": { "type": "MultiLineString", "coordinates": [ [ [ 80.0122596, 7.0665243 ], [ 80.0122465, 7.0664927 ], [ 80.0122175, 7.0664205 ], [ 80.0122, 7.0663793 ], [ 80.0121725, 7.0663282 ] ] ] } },
{ "type": "Feature", "properties": { "osm_id": "519930150", "code": 5112, "fclass": "trunk", "name": "Colombo - Kandy Road", "ref": "AA001", "oneway": "F", "maxspeed": 70, "layer": 0, "bridge": "F", "tunnel": "F" }, "geometry": { "type": "MultiLineString", "coordinates": [ [ [ 80.0121097, 7.0663593 ], [ 80.0121616, 7.0664757 ], [ 80.0121946, 7.066553 ] ] ] } },
{ "type": "Feature", "properties": { "osm_id": "519930073", "code": 5112, "fclass": "trunk", "name": "Colombo - Kandy Road", "ref": "AA001", "oneway": "F", "maxspeed": 70, "layer": 0, "bridge": "F", "tunnel": "F" }, "geometry": { "type": "MultiLineString", "coordinates": [ [ [ 80.0335277, 7.0859407 ], [ 80.0334384, 7.0858502 ], [ 80.0333718, 7.0857951 ], [ 80.0332094, 7.0856449 ], [ 80.0330991, 7.0855414 ], [ 80.0329955, 7.0854441 ], [ 80.0328449, 7.0853033 ], [ 80.0327423, 7.085206 ], [ 80.0326049, 7.0850806 ], [ 80.0324339, 7.0849279 ], [ 80.0322957, 7.0848055 ], [ 80.0321752, 7.0846922 ], [ 80.0319275, 7.0844516 ], [ 80.0317942, 7.084318 ], [ 80.0316381, 7.0841594 ], [ 80.0315233, 7.0840455 ], [ 80.0314059, 7.0839259 ], [ 80.031245, 7.0837575 ], [ 80.0311303, 7.0836423 ], [ 80.0310107, 7.0835305 ], [ 80.0308422, 7.0833699 ], [ 80.0307253, 7.083259 ], [ 80.030612, 7.083147 ], [ 80.0304492, 7.0829824 ], [ 80.0303297, 7.0828624 ], [ 80.0302092, 7.082748 ], [ 80.0300452, 7.0825939 ], [ 80.0299327, 7.0824884 ], [ 80.0297944, 7.0823536 ], [ 80.0295819, 7.0821437 ], [ 80.0293875, 7.0819486 ], [ 80.0293256, 7.0818871 ], [ 80.0291871, 7.0817544 ], [ 80.0290878, 7.0816619 ], [ 80.0289762, 7.0815585 ], [ 80.0288186, 7.081411 ], [ 80.0287123, 7.0813119 ], [ 80.0286344, 7.0812406 ], [ 80.0285273, 7.0811432 ], [ 80.028436, 7.0810631 ], [ 80.0283292, 7.0809715 ], [ 80.0281888, 7.0808494 ], [ 80.0280793, 7.0807543 ], [ 80.0280003, 7.0806867 ], [ 80.0279462, 7.0806404 ], [ 80.0278342, 7.0805448 ], [ 80.0277636, 7.0804845 ], [ 80.0276168, 7.0803585 ], [ 80.0274985, 7.0802594 ], [ 80.027286, 7.0800842 ], [ 80.0271405, 7.0799651 ], [ 80.0270333, 7.0798785 ], [ 80.0268901, 7.0797638 ], [ 80.0267811, 7.0796789 ], [ 80.026649, 7.0795869 ], [ 80.026501, 7.0794865 ], [ 80.0264653, 7.0794623 ], [ 80.0263644, 7.0793945 ], [ 80.0262092, 7.0793017 ], [ 80.0259754, 7.0791711 ], [ 80.0258531, 7.0791053 ], [ 80.0256954, 7.0790225 ], [ 80.0255177, 7.0789268 ], [ 80.0252978, 7.0788085 ], [ 80.0251739, 7.0787437 ], [ 80.0249693, 7.0786372 ], [ 80.0247923, 7.0785517 ], [ 80.0246191, 7.0784731 ], [ 80.0244282, 7.0783848 ], [ 80.0241874, 7.0782749 ], [ 80.0240371, 7.0782092 ], [ 80.0238299, 7.0781174 ], [ 80.023786, 7.078098 ], [ 80.0236778, 7.0780499 ], [ 80.0235242, 7.0779822 ], [ 80.0233876, 7.0779221 ], [ 80.0233119, 7.0778888 ], [ 80.0231521, 7.0778184 ], [ 80.0229848, 7.0777419 ], [ 80.0227633, 7.0776397 ], [ 80.0226183, 7.0775748 ], [ 80.0224821, 7.0775186 ], [ 80.0222168, 7.0774084 ], [ 80.0219708, 7.0773113 ], [ 80.0217307, 7.0772185 ], [ 80.0215967, 7.0771649 ], [ 80.0213476, 7.0770614 ], [ 80.0211465, 7.0769769 ], [ 80.0209768, 7.0769054 ], [ 80.0208388, 7.0768505 ], [ 80.0206468, 7.0767779 ], [ 80.0205088, 7.0767257 ], [ 80.0203922, 7.0766762 ], [ 80.0202722, 7.0766213 ], [ 80.0201538, 7.0765572 ], [ 80.0201091, 7.076534 ], [ 80.0200112, 7.0764795 ], [ 80.0199624, 7.0764553 ], [ 80.0198892, 7.0764076 ], [ 80.0198177, 7.0763564 ], [ 80.0197358, 7.0762943 ], [ 80.0196652, 7.0762386 ], [ 80.0195404, 7.0761328 ], [ 80.0193595, 7.0759771 ], [ 80.0192401, 7.0758739 ], [ 80.0191036, 7.0757536 ], [ 80.0188911, 7.0755644 ], [ 80.0187492, 7.0754361 ], [ 80.0186513, 7.0753486 ], [ 80.0185191, 7.0752343 ], [ 80.0183938, 7.0751265 ], [ 80.0182945, 7.0750393 ], [ 80.0181621, 7.0749268 ], [ 80.0181047, 7.0748697 ], [ 80.0179727, 7.074748 ], [ 80.0178279, 7.0746081 ], [ 80.0176249, 7.0744137 ], [ 80.0175221, 7.0743155 ], [ 80.0174138, 7.0742156 ], [ 80.0166589, 7.0735179 ], [ 80.0165866, 7.073459 ], [ 80.016272, 7.0732068 ] ] ] } },
{ "type": "Feature", "properties": { "osm_id": "519930077", "code": 5112, "fclass": "trunk", "name": "Colombo - Kandy Road", "ref": "AA001", "oneway": "F", "maxspeed": 70, "layer": 0, "bridge": "F", "tunnel": "F" }, "geometry": { "type": "MultiLineString", "coordinates": [ [ [ 80.0161708, 7.073308 ], [ 80.0164963, 7.0735629 ], [ 80.0165644, 7.0736193 ], [ 80.0167761, 7.0737884 ], [ 80.0172252, 7.074168 ], [ 80.0174724, 7.0743883 ] ] ] } },
{ "type": "Feature", "properties": { "osm_id": "519930082", "code": 5112, "fclass": "trunk", "name": "Colombo - Kandy Road", "ref": "AA001", "oneway": "F", "maxspeed": 70, "layer": 0, "bridge": "F", "tunnel": "F" }, "geometry": { "type": "MultiLineString", "coordinates": [ [ [ 80.0160721, 7.073224 ], [ 80.0161708, 7.073308 ] ] ] } },
{ "type": "Feature", "properties": { "osm_id": "1105104867", "code": 5112, "fclass": "trunk", "name": "Galle Road", "ref": "AA002", "oneway": "F", "maxspeed": 60, "layer": 0, "bridge": "F", "tunnel": "F" }, "geometry": { "type": "MultiLineString", "coordinates": [ [ [ 79.8575518, 6.887131 ], [ 79.8575093, 6.8872743 ] ] ] } },
{ "type": "Feature", "properties": { "osm_id": "1105104868", "code": 5112, "fclass": "trunk", "name": "Galle Road", "ref": "AA002", "oneway": "F", "maxspeed": 60, "layer": 0, "bridge": "F", "tunnel": "F" }, "geometry": { "type": "MultiLineString", "coordinates": [ [ [ 79.8575093, 6.8872743 ], [ 79.8574235, 6.8875578 ], [ 79.8573757, 6.8877311 ], [ 79.857231, 6.8881909 ], [ 79.8572014, 6.8882787 ], [ 79.857155, 6.8884205 ], [ 79.8570572, 6.8887766 ], [ 79.8569642, 6.8890646 ] ] ] } },
{ "type": "Feature", "properties": { "osm_id": "1105104869", "code": 5112, "fclass": "trunk", "name": "Galle Road", "ref": "AA002", "oneway": "F", "maxspeed": 60, "layer": 0, "bridge": "F", "tunnel": "F" }, "geometry": { "type": "MultiLineString", "coordinates": [ [ [ 79.8576107, 6.8869336 ], [ 79.8575518, 6.887131 ] ] ] } },
{ "type": "Feature", "properties": { "osm_id": "385938220", "code": 5112, "fclass": "trunk", "name": "Horana - Ratnapura Road", "ref": "AA008", "oneway": "B", "maxspeed": 70, "layer": 0, "bridge": "F", "tunnel": "F" }, "geometry": { "type": "MultiLineString", "coordinates": [ [ [ 80.097325, 6.7281231 ], [ 80.096692, 6.7272032 ], [ 80.0961815, 6.7266343 ], [ 80.0956659, 6.7261596 ], [ 80.0956027, 6.7261074 ], [ 80.0951313, 6.7257326 ], [ 80.0948973, 6.7255853 ], [ 80.0944379, 6.7253263 ], [ 80.0941992, 6.7252331 ], [ 80.0938041, 6.7250943 ], [ 80.0933731, 6.7249374 ], [ 80.0933167, 6.7249241 ], [ 80.0932001, 6.7248802 ], [ 80.0926692, 6.7247302 ], [ 80.0916693, 6.7244291 ], [ 80.0913481, 6.7243324 ], [ 80.0910888, 6.7242368 ], [ 80.0906132, 6.7240938 ], [ 80.0904844, 6.7240382 ], [ 80.0893954, 6.7236524 ], [ 80.089069, 6.7236092 ], [ 80.0887993, 6.7236291 ], [ 80.0885503, 6.7237011 ], [ 80.0882106, 6.7238276 ], [ 80.0880164, 6.7239124 ], [ 80.0872929, 6.7243078 ], [ 80.0868392, 6.7244779 ], [ 80.0863332, 6.7246148 ], [ 80.0861377, 6.7246178 ], [ 80.0858836, 6.7245897 ], [ 80.0855984, 6.7245509 ], [ 80.085146, 6.7244435 ], [ 80.0848363, 6.724323 ], [ 80.0844977, 6.7241614 ], [ 80.0837531, 6.7238061 ], [ 80.0834492, 6.7237125 ], [ 80.083287, 6.7236559 ], [ 80.0824234, 6.7236669 ], [ 80.0820571, 6.7236458 ], [ 80.0817651, 6.7235733 ], [ 80.0813594, 6.7234487 ], [ 80.0803106, 6.7231288 ], [ 80.0792021, 6.7229041 ], [ 80.0790829, 6.7228856 ], [ 80.0785867, 6.7227797 ], [ 80.0779779, 6.7226046 ], [ 80.0779258, 6.7225936 ], [ 80.0773363, 6.7223749 ], [ 80.0757127, 6.7217475 ], [ 80.0755256, 6.7216831 ], [ 80.0751722, 6.721509 ], [ 80.074946, 6.7214317 ], [ 80.0734315, 6.7208013 ], [ 80.0728933, 6.7205346 ], [ 80.0723653, 6.7202011 ], [ 80.0721834, 6.7200837 ], [ 80.0718016, 6.7198453 ], [ 80.071421, 6.7196207 ], [ 80.0710936, 6.7194153 ], [ 80.0706515, 6.7191734 ], [ 80.0700793, 6.7188988 ], [ 80.0690451, 6.7184534 ], [ 80.0686485, 6.718309 ], [ 80.0681191, 6.718117 ], [ 80.0679231, 6.7180521 ], [ 80.0678408, 6.7180283 ], [ 80.0673863, 6.7178967 ], [ 80.0670063, 6.7177836 ], [ 80.0666781, 6.7176859 ], [ 80.066074, 6.7174484 ] ] ] } },
{ "type": "Feature", "properties": { "osm_id": "385938222", "code": 5112, "fclass": "trunk", "name": "Panadura - Horana Road", "ref": "AA008", "oneway": "B", "maxspeed": 50, "layer": 0, "bridge": "F", "tunnel": "F" }, "geometry": { "type": "MultiLineString", "coordinates": [ [ [ 79.9940507, 6.7175074 ], [ 79.9937267, 6.7174414 ], [ 79.9935515, 6.7174024 ], [ 79.9928662, 6.7172255 ], [ 79.9924404, 6.717135 ], [ 79.9922131, 6.7170661 ], [ 79.9917816, 6.7167642 ], [ 79.9914906, 6.7165278 ], [ 79.9912934, 6.7163711 ], [ 79.9912565, 6.7163334 ], [ 79.9912355, 6.7163247 ], [ 79.9909592, 6.716083 ], [ 79.9906995, 6.7158795 ], [ 79.9902198, 6.7155851 ], [ 79.9900639, 6.7155033 ], [ 79.9897829, 6.7152942 ], [ 79.9896572, 6.7151748 ], [ 79.9892597, 6.7147541 ], [ 79.9891265, 6.7146025 ], [ 79.9890405, 6.7144774 ] ] ] } },
{ "type": "Feature", "properties": { "osm_id": "385975985", "code": 5113, "fclass": "primary", "name": "Gampaha - Ja Ela Road", "ref": "AA033", "oneway": "B", "maxspeed": 50, "layer": 1, "bridge": "T", "tunnel": "F" }, "geometry": { "type": "MultiLineString", "coordinates": [ [ [ 79.9806495, 7.0938012 ], [ 79.9807022, 7.0937965 ] ] ] } },
{ "type": "Feature", "properties": { "osm_id": "385975988", "code": 5113, "fclass": "primary", "name": "Gampaha - Ja Ela Road", "ref": "AA033", "oneway": "B", "maxspeed": 50, "layer": 0, "bridge": "F", "tunnel": "F" }, "geometry": { "type": "MultiLineString", "coordinates": [ [ [ 79.9807022, 7.0937965 ], [ 79.9809723, 7.0937785 ], [ 79.9810946, 7.0937647 ], [ 79.9819678, 7.0936717 ], [ 79.9821877, 7.0936476 ], [ 79.9827604, 7.0935865 ], [ 79.9832206, 7.0935472 ] ] ] } },
{ "type": "Feature", "properties": { "osm_id": "356578615", "code": 5112, "fclass": "trunk", "name": "Srimath Anagarika Dharmapala Mawatha", "ref": "AA002", "oneway": "F", "maxspeed": 60, "layer": 0, "bridge": "F", "tunnel": "F" }, "geometry": { "type": "MultiLineString", "coordinates": [ [ [ 79.8500919, 6.9117641 ], [ 79.8502382, 6.9118109 ], [ 79.8505448, 6.9119125 ], [ 79.8505876, 6.9119272 ], [ 79.8508174, 6.9120028 ], [ 79.8508905, 6.9120268 ], [ 79.8509473, 6.9120473 ] ] ] } },
{ "type": "Feature", "properties": { "osm_id": "356319069", "code": 5112, "fclass": "trunk", "name": "Galle Road", "ref": "AA002", "oneway": "F", "maxspeed": 70, "layer": 0, "bridge": "F", "tunnel": "F" }, "geometry": { "type": "MultiLineString", "coordinates": [ [ [ 79.8515422, 6.905702 ], [ 79.8515282, 6.9057434 ], [ 79.8513971, 6.9061318 ], [ 79.8513832, 6.9061728 ], [ 79.8513465, 6.9062815 ], [ 79.851262, 6.9065318 ], [ 79.8511894, 6.9067468 ], [ 79.8511362, 6.9069046 ], [ 79.8510793, 6.9070729 ], [ 79.8509764, 6.9073776 ], [ 79.850928, 6.9075211 ], [ 79.8507973, 6.9079082 ], [ 79.8507471, 6.9080567 ], [ 79.8507387, 6.9080818 ], [ 79.8507023, 6.9081894 ], [ 79.8506525, 6.9083369 ], [ 79.8505339, 6.9086881 ], [ 79.8504992, 6.9087909 ], [ 79.8503459, 6.9092451 ], [ 79.8503292, 6.9092946 ], [ 79.8502243, 6.9096053 ], [ 79.8501971, 6.9096791 ] ] ] } },
{ "type": "Feature", "properties": { "osm_id": "356319074", "code": 5112, "fclass": "trunk", "name": "Galle Road", "ref": "AA002", "oneway": "F", "maxspeed": 70, "layer": 0, "bridge": "F", "tunnel": "F" }, "geometry": { "type": "MultiLineString", "coordinates": [ [ [ 79.8498537, 6.9108387 ], [ 79.8497193, 6.9111149 ], [ 79.8496592, 6.911246 ] ] ] } },
{ "type": "Feature", "properties": { "osm_id": "356319332", "code": 5112, "fclass": "trunk", "name": "Galle Road", "ref": "AA002", "oneway": "F", "maxspeed": 60, "layer": 0, "bridge": "F", "tunnel": "F" }, "geometry": { "type": "MultiLineString", "coordinates": [ [ [ 79.8566533, 6.8900954 ], [ 79.8565364, 6.8904392 ], [ 79.8565162, 6.8904976 ], [ 79.8564817, 6.8905975 ], [ 79.8563896, 6.8909054 ], [ 79.8563684, 6.8909762 ], [ 79.8563421, 6.891054 ], [ 79.8562744, 6.8912541 ], [ 79.8562085, 6.8914493 ], [ 79.8561533, 6.8916126 ], [ 79.8560999, 6.8917705 ], [ 79.8560779, 6.8918357 ], [ 79.8560256, 6.8919905 ], [ 79.8559636, 6.892174 ], [ 79.8559119, 6.8923269 ], [ 79.8558378, 6.8925463 ], [ 79.8558012, 6.8926533 ], [ 79.8557916, 6.8926828 ], [ 79.8557741, 6.8927531 ], [ 79.8556408, 6.8931623 ], [ 79.8555889, 6.893302 ], [ 79.8554453, 6.8937078 ], [ 79.8554037, 6.8938115 ], [ 79.8553688, 6.893923 ], [ 79.8551975, 6.8944868 ], [ 79.8551583, 6.8945957 ], [ 79.854991, 6.89507 ], [ 79.8549376, 6.8952406 ], [ 79.8549061, 6.8953282 ] ] ] } },
{ "type": "Feature", "properties": { "osm_id": "386148608", "code": 5113, "fclass": "primary", "name": "Gampaha - Ja Ela Road", "ref": "AA033", "oneway": "B", "maxspeed": 60, "layer": 0, "bridge": "F", "tunnel": "F" }, "geometry": { "type": "MultiLineString", "coordinates": [ [ [ 79.9228484, 7.1051693 ], [ 79.9226093, 7.1051319 ], [ 79.9219927, 7.1050514 ], [ 79.9212058, 7.1049533 ], [ 79.9208117, 7.1048681 ], [ 79.9206495, 7.1048257 ], [ 79.9204909, 7.104749 ], [ 79.9203543, 7.1046817 ], [ 79.9202538, 7.1046313 ], [ 79.920144, 7.1045177 ], [ 79.9199827, 7.1043522 ], [ 79.9198258, 7.104163 ], [ 79.9197131, 7.1040152 ], [ 79.9196558, 7.1039289 ], [ 79.9196408, 7.1039063 ], [ 79.919539, 7.1038024 ], [ 79.9191492, 7.1035707 ] ] ] } },
{ "type": "Feature", "properties": { "osm_id": "386148609", "code": 5113, "fclass": "primary", "name": "Gampaha - Ja Ela Road", "ref": "AA033", "oneway": "B", "maxspeed": 60, "layer": 1, "bridge": "T", "tunnel": "F" }, "geometry": { "type": "MultiLineString", "coordinates": [ [ [ 79.9242376, 7.1050658 ], [ 79.9241891, 7.1050818 ], [ 79.9240122, 7.1051305 ] ] ] } },
{ "type": "Feature", "properties": { "osm_id": "386284361", "code": 5113, "fclass": "primary", "name": "Gampaha - Ja Ela Road", "ref": "AA033", "oneway": "B", "maxspeed": 60, "layer": 0, "bridge": "F", "tunnel": "F" }, "geometry": { "type": "MultiLineString", "coordinates": [ [ [ 79.9229808, 7.1051916 ], [ 79.9228484, 7.1051693 ] ] ] } },
{ "type": "Feature", "properties": { "osm_id": "386284362", "code": 5113, "fclass": "primary", "name": "Gampaha - Ja Ela Road", "ref": "AA033", "oneway": "B", "maxspeed": 60, "layer": 0, "bridge": "F", "tunnel": "F" }, "geometry": { "type": "MultiLineString", "coordinates": [ [ [ 79.9240122, 7.1051305 ], [ 79.9236045, 7.1052293 ], [ 79.9234798, 7.1052513 ], [ 79.9233771, 7.1052511 ], [ 79.9232224, 7.1052333 ], [ 79.9229808, 7.1051916 ] ] ] } },
{ "type": "Feature", "properties": { "osm_id": "413217213", "code": 5112, "fclass": "trunk", "name": "High Level Road", "ref": "AA004", "oneway": "B", "maxspeed": 60, "layer": 1, "bridge": "T", "tunnel": "F" }, "geometry": { "type": "MultiLineString", "coordinates": [ [ [ 80.0877933, 6.8988368 ], [ 80.0877689, 6.8990917 ] ] ] } },
{ "type": "Feature", "properties": { "osm_id": "413217212", "code": 5112, "fclass": "trunk", "name": "High Level Road", "ref": "AA004", "oneway": "B", "maxspeed": 60, "layer": 0, "bridge": "F", "tunnel": "F" }, "geometry": { "type": "MultiLineString", "coordinates": [ [ [ 80.0877689, 6.8990917 ], [ 80.0877635, 6.8991835 ], [ 80.0877558, 6.8995011 ], [ 80.087785, 6.8999129 ], [ 80.0877997, 6.9001204 ], [ 80.0877819, 6.9009609 ], [ 80.087756, 6.9015296 ], [ 80.0877026, 6.9020531 ], [ 80.0876722, 6.9021942 ], [ 80.0874472, 6.9031389 ], [ 80.0874653, 6.9032187 ], [ 80.0875137, 6.9032984 ], [ 80.0878238, 6.9036987 ], [ 80.0879197, 6.903802 ], [ 80.0885126, 6.9044607 ], [ 80.0885887, 6.9045453 ], [ 80.0888259, 6.9048087 ], [ 80.0892469, 6.9052631 ], [ 80.0894567, 6.905475 ], [ 80.09014, 6.9062431 ], [ 80.0905516, 6.9066876 ], [ 80.091077, 6.9072678 ], [ 80.0914813, 6.9077761 ], [ 80.0916859, 6.9081238 ], [ 80.0918689, 6.9085029 ], [ 80.0923333, 6.9094342 ], [ 80.0924959, 6.9097879 ], [ 80.0926743, 6.9101216 ], [ 80.0927581, 6.9102741 ], [ 80.0930631, 6.9106717 ], [ 80.0935303, 6.9111732 ], [ 80.0936701, 6.9113232 ], [ 80.0938642, 6.9114914 ], [ 80.0963044, 6.9131982 ], [ 80.0972133, 6.9139781 ], [ 80.0975861, 6.9143666 ], [ 80.0979805, 6.9148529 ], [ 80.0981345, 6.9150578 ], [ 80.0983071, 6.915379 ], [ 80.0983226, 6.9154439 ], [ 80.0983656, 6.9156237 ], [ 80.0983872, 6.916006 ], [ 80.0983152, 6.9173507 ] ] ] } },
{ "type": "Feature", "properties": { "osm_id": "385397105", "code": 5113, "fclass": "primary", "name": "Dudley Senanayake Mawatha", "ref": "A000", "oneway": "F", "maxspeed": 60, "layer": 0, "bridge": "F", "tunnel": "F" }, "geometry": { "type": "MultiLineString", "coordinates": [ [ [ 79.8774357, 6.9113314 ], [ 79.8775324, 6.9113309 ] ] ] } },
{ "type": "Feature", "properties": { "osm_id": "359947709", "code": 5112, "fclass": "trunk", "name": "Galle Road", "ref": "AA002", "oneway": "F", "maxspeed": 70, "layer": 0, "bridge": "F", "tunnel": "F" }, "geometry": { "type": "MultiLineString", "coordinates": [ [ [ 79.8501971, 6.9096791 ], [ 79.8501665, 6.9097893 ], [ 79.8501386, 6.9098851 ], [ 79.8500694, 6.9101167 ], [ 79.8500587, 6.9101524 ], [ 79.8500242, 6.9102679 ], [ 79.8498537, 6.9108387 ] ] ] } },
{ "type": "Feature", "properties": { "osm_id": "518595518", "code": 5112, "fclass": "trunk", "name": "New Kelani Bridge Road", "ref": "AA001", "oneway": "F", "maxspeed": 60, "layer": 0, "bridge": "F", "tunnel": "F" }, "geometry": { "type": "MultiLineString", "coordinates": [ [ [ 79.878467, 6.950346 ], [ 79.878341, 6.9503181 ], [ 79.8782296, 6.9503234 ], [ 79.8780245, 6.9503354 ], [ 79.8776757, 6.9503793 ] ] ] } },
{ "type": "Feature", "properties": { "osm_id": "353840901", "code": 5112, "fclass": "trunk", "name": "R. A. De Mel Mawatha", "ref": "AA002", "oneway": "F", "maxspeed": 60, "layer": 0, "bridge": "F", "tunnel": "F" }, "geometry": { "type": "MultiLineString", "coordinates": [ [ [ 79.8526435, 6.908683 ], [ 79.8528238, 6.9081044 ], [ 79.8529061, 6.9078134 ], [ 79.8529946, 6.9075257 ], [ 79.8530712, 6.9073151 ], [ 79.853271, 6.906766 ], [ 79.8534102, 6.9063511 ], [ 79.853469, 6.9061637 ], [ 79.8536931, 6.9054502 ], [ 79.8537168, 6.9053746 ], [ 79.8537482, 6.9052745 ], [ 79.8537787, 6.9051772 ], [ 79.8540538, 6.90437 ], [ 79.8542209, 6.9038607 ], [ 79.8543515, 6.9034671 ], [ 79.8544554, 6.9031874 ], [ 79.8545195, 6.9030149 ], [ 79.8548106, 6.9021432 ], [ 79.8551349, 6.9010971 ], [ 79.8551673, 6.9009927 ], [ 79.8552099, 6.9008635 ], [ 79.855666, 6.8994803 ] ] ] } },
{ "type": "Feature", "properties": { "osm_id": "1090913963", "code": 5112, "fclass": "trunk", "name": "H. Sri Nissanka Mawatha", "ref": "AA004", "oneway": "B", "maxspeed": 50, "layer": 0, "bridge": "F", "tunnel": "F" }, "geometry": { "type": "MultiLineString", "coordinates": [ [ [ 79.8701772, 6.8811658 ], [ 79.8709361, 6.8796484 ], [ 79.8712512, 6.8790183 ], [ 79.8713355, 6.878904 ], [ 79.8714115, 6.8788039 ], [ 79.8715969, 6.8786561 ], [ 79.8716465, 6.8786303 ] ] ] } },
{ "type": "Feature", "properties": { "osm_id": "385800664", "code": 5112, "fclass": "trunk", "name": "Colombo - Kandy Road", "ref": "AA001", "oneway": "F", "maxspeed": 70, "layer": 0, "bridge": "F", "tunnel": "F" }, "geometry": { "type": "MultiLineString", "coordinates": [ [ [ 80.0412536, 7.0973829 ], [ 80.0413012, 7.0974898 ], [ 80.0413426, 7.0975912 ], [ 80.0413924, 7.0977293 ], [ 80.0414287, 7.0978438 ], [ 80.0414689, 7.0980035 ], [ 80.0414944, 7.0981765 ], [ 80.0415044, 7.0983953 ], [ 80.0415128, 7.0985016 ], [ 80.0415215, 7.0987679 ], [ 80.0415367, 7.0991895 ], [ 80.0415587, 7.0997109 ], [ 80.0415681, 7.0999278 ], [ 80.0415842, 7.1002419 ], [ 80.041599, 7.1005187 ], [ 80.0416057, 7.1007024 ], [ 80.0416124, 7.1008594 ], [ 80.0416231, 7.1012334 ], [ 80.0416513, 7.1017843 ], [ 80.0416593, 7.1020079 ], [ 80.0416754, 7.1022967 ], [ 80.0416878, 7.1025446 ], [ 80.0416955, 7.1027571 ], [ 80.041713, 7.1028902 ], [ 80.0417398, 7.103026 ], [ 80.0417693, 7.1031231 ], [ 80.0417975, 7.1032056 ], [ 80.0418283, 7.1032895 ], [ 80.0418565, 7.1033467 ], [ 80.0418819, 7.1034039 ], [ 80.0419275, 7.1034851 ], [ 80.0419986, 7.1035969 ], [ 80.042067, 7.1036887 ], [ 80.0421636, 7.1037938 ], [ 80.0422883, 7.1039149 ], [ 80.0425324, 7.1041332 ], [ 80.042688, 7.1042663 ], [ 80.042932, 7.1044699 ], [ 80.043097, 7.104595 ], [ 80.0432324, 7.1046788 ], [ 80.0433344, 7.1047427 ], [ 80.0434349, 7.1048053 ], [ 80.0435878, 7.1048931 ], [ 80.0437323, 7.1049665 ], [ 80.0438823, 7.1050386 ], [ 80.0440233, 7.1051131 ], [ 80.0441524, 7.1051939 ], [ 80.044249, 7.1052617 ], [ 80.0443107, 7.105311 ], [ 80.0443724, 7.1053722 ], [ 80.0444636, 7.1054707 ], [ 80.0445494, 7.1055864 ], [ 80.0446084, 7.1056876 ], [ 80.0446822, 7.1058193 ], [ 80.0447331, 7.1059338 ], [ 80.0447828, 7.1060469 ], [ 80.0448364, 7.1062375 ], [ 80.0448906, 7.106453 ], [ 80.0449261, 7.1065875 ], [ 80.0450483, 7.1070383 ], [ 80.0451019, 7.1072393 ], [ 80.0451623, 7.1074469 ], [ 80.0452213, 7.1076133 ], [ 80.0452508, 7.1076878 ], [ 80.045283, 7.107765 ], [ 80.0453313, 7.1078581 ], [ 80.0453702, 7.107938 ], [ 80.0454184, 7.1080058 ], [ 80.0454801, 7.1080923 ], [ 80.0455619, 7.1081895 ], [ 80.0456478, 7.108272 ], [ 80.0457953, 7.1083918 ], [ 80.0458731, 7.108445 ], [ 80.0459509, 7.1084996 ], [ 80.0460501, 7.1085701 ], [ 80.0462084, 7.1086699 ], [ 80.0464705, 7.1088206 ], [ 80.0466284, 7.1088857 ], [ 80.0469285, 7.108978 ], [ 80.0474207, 7.1091037 ], [ 80.0477739, 7.1092059 ], [ 80.0480162, 7.1092594 ], [ 80.048169, 7.1092794 ], [ 80.0482857, 7.1092834 ], [ 80.0484185, 7.1092781 ], [ 80.0485472, 7.1092541 ], [ 80.0486612, 7.1092315 ], [ 80.0488047, 7.1091889 ], [ 80.0489254, 7.109153 ], [ 80.0490354, 7.1091277 ], [ 80.0491641, 7.1091117 ], [ 80.0492915, 7.1091131 ], [ 80.0494015, 7.1091224 ], [ 80.0495088, 7.1091383 ], [ 80.049604, 7.109157 ], [ 80.0497019, 7.1091809 ], [ 80.0498106, 7.1092129 ], [ 80.0499313, 7.1092581 ], [ 80.0500506, 7.1093167 ], [ 80.0501606, 7.1093885 ], [ 80.0502478, 7.1094537 ], [ 80.050351, 7.1095389 ], [ 80.0504422, 7.1096254 ], [ 80.0505535, 7.1097532 ], [ 80.050752, 7.1100353 ], [ 80.0509344, 7.1103015 ], [ 80.0511007, 7.1105503 ], [ 80.0512817, 7.1108191 ], [ 80.0514923, 7.1111212 ], [ 80.0516827, 7.1114047 ], [ 80.0518855, 7.1116966 ], [ 80.0519604, 7.111802 ], [ 80.0520619, 7.1119469 ], [ 80.0522297, 7.1121916 ], [ 80.0522934, 7.1122778 ], [ 80.0524327, 7.1124711 ], [ 80.0525021, 7.1125571 ], [ 80.0525882, 7.112664 ], [ 80.0526337, 7.1127129 ], [ 80.0527257, 7.1128192 ], [ 80.0527978, 7.1128907 ], [ 80.0528585, 7.1129529 ], [ 80.052923, 7.1130093 ], [ 80.0529817, 7.1130573 ], [ 80.0530472, 7.1131034 ], [ 80.0531246, 7.1131563 ], [ 80.0532672, 7.1132671 ], [ 80.0533971, 7.113365 ], [ 80.0535716, 7.1134883 ], [ 80.053799, 7.1136604 ], [ 80.054082, 7.1138626 ], [ 80.0542952, 7.114013 ], [ 80.0543824, 7.1140929 ], [ 80.0544883, 7.11419 ], [ 80.0546908, 7.1143816 ], [ 80.0548612, 7.1145946 ], [ 80.0549886, 7.1147662 ], [ 80.0552528, 7.1151069 ], [ 80.0557327, 7.1157527 ], [ 80.0559421, 7.1160345 ], [ 80.0560666, 7.1161711 ], [ 80.0561709, 7.1162708 ], [ 80.0564142, 7.116459 ], [ 80.0565469, 7.1165442 ], [ 80.056724, 7.1166533 ], [ 80.056842, 7.1167305 ], [ 80.0571065, 7.1168932 ], [ 80.0572376, 7.1169727 ], [ 80.0577855, 7.1173231 ], [ 80.0581053, 7.1175276 ], [ 80.0584647, 7.1177552 ], [ 80.0586699, 7.1178816 ], [ 80.0589341, 7.118036 ], [ 80.0591753, 7.1181723 ], [ 80.0592895, 7.1182369 ], [ 80.0596352, 7.1184501 ], [ 80.06011, 7.1187409 ], [ 80.0602133, 7.1188052 ], [ 80.0611134, 7.1193894 ], [ 80.0619791, 7.1198819 ], [ 80.0622161, 7.1200112 ], [ 80.0637834, 7.1209967 ], [ 80.0643006, 7.1213504 ], [ 80.0661236, 7.1226304 ], [ 80.0671318, 7.1232613 ], [ 80.0677143, 7.1235834 ], [ 80.0680709, 7.1237562 ], [ 80.0685262, 7.1241056 ], [ 80.0689053, 7.1244767 ], [ 80.0695282, 7.125041 ], [ 80.0696024, 7.125108 ], [ 80.069955, 7.1254596 ], [ 80.0702683, 7.1257304 ], [ 80.0706422, 7.1260811 ], [ 80.0707005, 7.1261319 ], [ 80.071665, 7.1269607 ], [ 80.0725503, 7.1278387 ], [ 80.073115, 7.1283818 ], [ 80.073653, 7.1289128 ], [ 80.0744717, 7.1296571 ], [ 80.0753701, 7.1304089 ], [ 80.0756298, 7.1306194 ], [ 80.0757607, 7.1307333 ], [ 80.0764729, 7.1313379 ], [ 80.0768127, 7.1316153 ], [ 80.076901, 7.1316844 ], [ 80.0776195, 7.1322064 ], [ 80.0780384, 7.1325353 ], [ 80.0785347, 7.1328576 ], [ 80.0789295, 7.1330285 ], [ 80.0794222, 7.1332418 ], [ 80.0802366, 7.1335944 ], [ 80.0806585, 7.1337341 ], [ 80.0810179, 7.1338086 ], [ 80.0816129, 7.1338852 ], [ 80.0820359, 7.1339206 ], [ 80.0824501, 7.1339488 ], [ 80.0826448, 7.1339557 ], [ 80.0835285, 7.133987 ], [ 80.0845745, 7.1340641 ], [ 80.0852145, 7.1341829 ], [ 80.0855213, 7.1342398 ], [ 80.0868168, 7.1345246 ], [ 80.0873096, 7.1346972 ], [ 80.0895085, 7.1358091 ] ] ] } },
{ "type": "Feature", "properties": { "osm_id": "515982050", "code": 5112, "fclass": "trunk", "name": "Avissawella - Hatton - Nuwara Eliya Road", "ref": "AA007", "oneway": "B", "maxspeed": 60, "layer": 0, "bridge": "F", "tunnel": "F" }, "geometry": { "type": "MultiLineString", "coordinates": [ [ [ 80.2153238, 6.9525746 ], [ 80.2151835, 6.9525679 ], [ 80.2150188, 6.952559 ], [ 80.2145868, 6.9525394 ], [ 80.2145069, 6.9525358 ], [ 80.2140334, 6.952502 ], [ 80.2133722, 6.9523796 ] ] ] } },
{ "type": "Feature", "properties": { "osm_id": "515982051", "code": 5112, "fclass": "trunk", "name": "Avissawella - Hatton - Nuwara Eliya Road", "ref": "AA007", "oneway": "B", "maxspeed": 60, "layer": 1, "bridge": "T", "tunnel": "F" }, "geometry": { "type": "MultiLineString", "coordinates": [ [ [ 80.2154771, 6.952563 ], [ 80.2153238, 6.9525746 ] ] ] } },
{ "type": "Feature", "properties": { "osm_id": "1092036625", "code": 5112, "fclass": "trunk", "name": "High Level Road", "ref": "AA004", "oneway": "F", "maxspeed": 50, "layer": 0, "bridge": "F", "tunnel": "F" }, "geometry": { "type": "MultiLineString", "coordinates": [ [ [ 79.876388, 6.8782239 ], [ 79.8761689, 6.8782689 ], [ 79.8754149, 6.8784236 ], [ 79.8746837, 6.8785508 ], [ 79.8744905, 6.8785844 ], [ 79.8742991, 6.8786065 ], [ 79.8739311, 6.8786491 ], [ 79.8736605, 6.8786418 ], [ 79.873064, 6.8785512 ] ] ] } },
{ "type": "Feature", "properties": { "osm_id": "1092036626", "code": 5112, "fclass": "trunk", "name": "High Level Road", "ref": "AA004", "oneway": "F", "maxspeed": 50, "layer": 0, "bridge": "F", "tunnel": "F" }, "geometry": { "type": "MultiLineString", "coordinates": [ [ [ 79.8763489, 6.8783042 ], [ 79.876477, 6.8782905 ] ] ] } },
{ "type": "Feature", "properties": { "osm_id": "1092036621", "code": 5112, "fclass": "trunk", "name": "High Level Road", "ref": "AA004", "oneway": "F", "maxspeed": 50, "layer": 0, "bridge": "F", "tunnel": "F" }, "geometry": { "type": "MultiLineString", "coordinates": [ [ [ 79.8767776, 6.8781921 ], [ 79.8772832, 6.8780794 ], [ 79.8775851, 6.8780128 ], [ 79.8781719, 6.8778685 ], [ 79.8790213, 6.8776573 ], [ 79.8794661, 6.8774949 ], [ 79.8796506, 6.8773852 ], [ 79.8800294, 6.8771176 ], [ 79.8802321, 6.8769658 ], [ 79.8804279, 6.8767721 ], [ 79.8805661, 6.8765884 ], [ 79.8806564, 6.8764413 ], [ 79.8807781, 6.8762108 ], [ 79.8807983, 6.8761755 ], [ 79.8809303, 6.8759454 ], [ 79.8809465, 6.8759083 ], [ 79.8810614, 6.875645 ], [ 79.8811668, 6.8754137 ], [ 79.8811894, 6.8753637 ], [ 79.8812733, 6.8751783 ], [ 79.8813727, 6.8749437 ], [ 79.881519, 6.8746206 ], [ 79.8816942, 6.8742496 ], [ 79.8817742, 6.8740832 ], [ 79.8817929, 6.8740443 ], [ 79.8818279, 6.8739667 ], [ 79.8818704, 6.8738723 ], [ 79.8819058, 6.8737331 ] ] ] } },
{ "type": "Feature", "properties": { "osm_id": "1092036623", "code": 5112, "fclass": "trunk", "name": "High Level Road", "ref": "AA004", "oneway": "F", "maxspeed": 50, "layer": 0, "bridge": "F", "tunnel": "F" }, "geometry": { "type": "MultiLineString", "coordinates": [ [ [ 79.876475, 6.8782073 ], [ 79.876388, 6.8782239 ] ] ] } },
{ "type": "Feature", "properties": { "osm_id": "816110613", "code": 5112, "fclass": "trunk", "name": "Colombo - Kandy Road", "ref": "AA001", "oneway": "F", "maxspeed": 70, "layer": 0, "bridge": "F", "tunnel": "F" }, "geometry": { "type": "MultiLineString", "coordinates": [ [ [ 80.0370635, 7.0921072 ], [ 80.0369734, 7.0919171 ], [ 80.0369364, 7.091808 ], [ 80.0369083, 7.0917137 ], [ 80.0368388, 7.0914485 ], [ 80.0366965, 7.0910137 ], [ 80.03656, 7.0906843 ], [ 80.0363722, 7.0903079 ], [ 80.0361769, 7.0899033 ], [ 80.0359668, 7.0894726 ], [ 80.0357956, 7.0891297 ], [ 80.0355851, 7.0886837 ], [ 80.0353651, 7.0882376 ], [ 80.0349333, 7.0874654 ], [ 80.0347582, 7.0871799 ], [ 80.0345723, 7.0868712 ], [ 80.0344566, 7.0867131 ], [ 80.0343694, 7.0866002 ], [ 80.0342233, 7.0864703 ], [ 80.033882, 7.0862332 ], [ 80.0336723, 7.0860797 ], [ 80.0335277, 7.0859407 ] ] ] } },
{ "type": "Feature", "properties": { "osm_id": "816110609", "code": 5112, "fclass": "trunk", "name": "Colombo - Kandy Road", "ref": "AA001", "oneway": "F", "maxspeed": 70, "layer": 1, "bridge": "T", "tunnel": "F" }, "geometry": { "type": "MultiLineString", "coordinates": [ [ [ 80.0413012, 7.097338 ], [ 80.0410505, 7.0968802 ] ] ] } },
{ "type": "Feature", "properties": { "osm_id": "816110610", "code": 5112, "fclass": "trunk", "name": "Colombo - Kandy Road", "ref": "AA001", "oneway": "F", "maxspeed": 70, "layer": 0, "bridge": "F", "tunnel": "F" }, "geometry": { "type": "MultiLineString", "coordinates": [ [ [ 80.0596907, 7.1183873 ], [ 80.0593396, 7.1181678 ], [ 80.0592219, 7.1180973 ], [ 80.0589703, 7.1179614 ], [ 80.0587123, 7.117806 ], [ 80.0581464, 7.1174579 ], [ 80.0577606, 7.1172056 ], [ 80.0573476, 7.1169434 ], [ 80.0572172, 7.116863 ], [ 80.0571509, 7.1168221 ], [ 80.0567964, 7.1165974 ], [ 80.0564638, 7.1163951 ], [ 80.0563082, 7.1162847 ], [ 80.0561674, 7.1161649 ], [ 80.056044, 7.1160278 ], [ 80.0558026, 7.1157111 ], [ 80.0556511, 7.1154955 ], [ 80.0554566, 7.1152413 ], [ 80.0552625, 7.1149871 ], [ 80.0550771, 7.1147356 ], [ 80.0549121, 7.1145294 ], [ 80.0547474, 7.1143336 ], [ 80.0546023, 7.1141767 ], [ 80.0544816, 7.1140623 ], [ 80.0543582, 7.1139545 ], [ 80.0541431, 7.1138064 ], [ 80.0538687, 7.1136151 ], [ 80.0534789, 7.1133195 ], [ 80.0533135, 7.1131959 ], [ 80.0531834, 7.1131054 ], [ 80.0530545, 7.1130079 ], [ 80.0529554, 7.1129284 ], [ 80.0528227, 7.1128033 ], [ 80.0526971, 7.1126643 ], [ 80.0526148, 7.1125718 ], [ 80.0524914, 7.1124174 ], [ 80.0522982, 7.1121464 ], [ 80.0521293, 7.1119077 ], [ 80.052028, 7.1117504 ], [ 80.0519092, 7.1115809 ], [ 80.0517565, 7.1113638 ], [ 80.0515508, 7.1110746 ], [ 80.0513516, 7.1107791 ], [ 80.0511643, 7.110512 ], [ 80.0508794, 7.1100847 ], [ 80.0507731, 7.1099228 ], [ 80.0506859, 7.1097948 ], [ 80.0505911, 7.1096786 ], [ 80.0504583, 7.1095336 ], [ 80.0504028, 7.1094838 ], [ 80.0502987, 7.1093939 ], [ 80.0502048, 7.1093207 ], [ 80.0500989, 7.1092541 ], [ 80.0499554, 7.1091863 ], [ 80.04975, 7.1091121 ], [ 80.049604, 7.1090718 ], [ 80.0494686, 7.1090479 ], [ 80.0493345, 7.1090319 ], [ 80.049199, 7.1090306 ], [ 80.0490569, 7.1090412 ], [ 80.0489107, 7.1090705 ], [ 80.0487726, 7.1091092 ], [ 80.0486237, 7.1091503 ], [ 80.0485003, 7.1091769 ], [ 80.0483595, 7.1091942 ], [ 80.0481985, 7.1091969 ], [ 80.0480551, 7.1091836 ], [ 80.0478914, 7.109145 ], [ 80.0476205, 7.1090652 ], [ 80.0472316, 7.1089614 ], [ 80.0469996, 7.1089028 ], [ 80.0467984, 7.1088562 ], [ 80.0466375, 7.1088017 ], [ 80.0465019, 7.1087377 ], [ 80.0463679, 7.1086606 ], [ 80.0461158, 7.1085102 ], [ 80.0458999, 7.1083652 ], [ 80.0458008, 7.1082954 ], [ 80.0457323, 7.1082401 ], [ 80.0456505, 7.1081655 ], [ 80.0455458, 7.1080458 ], [ 80.045446, 7.1078923 ], [ 80.0453916, 7.1077929 ], [ 80.0453219, 7.1076439 ], [ 80.0452579, 7.1075028 ], [ 80.0451668, 7.1071807 ], [ 80.0450711, 7.1067921 ], [ 80.0450107, 7.1065779 ], [ 80.0449477, 7.106349 ], [ 80.0448582, 7.1060351 ], [ 80.0447962, 7.1058726 ], [ 80.0447465, 7.1057634 ], [ 80.0446808, 7.1056397 ], [ 80.0446218, 7.1055518 ], [ 80.0445283, 7.1054272 ], [ 80.0444274, 7.1053083 ], [ 80.0443254, 7.1052178 ], [ 80.04419, 7.1051113 ], [ 80.0438882, 7.104945 ], [ 80.043636, 7.1048118 ], [ 80.0434872, 7.1047294 ], [ 80.0433156, 7.1046323 ], [ 80.0431386, 7.1045218 ], [ 80.0429835, 7.1044053 ], [ 80.0424895, 7.1039828 ], [ 80.0423245, 7.1038284 ], [ 80.0422119, 7.1037127 ], [ 80.0421394, 7.1036395 ], [ 80.0420795, 7.1035691 ], [ 80.0419933, 7.1034332 ], [ 80.0419262, 7.1032975 ], [ 80.0418873, 7.1031936 ], [ 80.0418484, 7.1030845 ], [ 80.0418176, 7.1029807 ], [ 80.0417934, 7.1028623 ], [ 80.0417827, 7.1027545 ], [ 80.0417682, 7.1025344 ], [ 80.0417384, 7.1018162 ], [ 80.041731, 7.1015905 ], [ 80.0416514, 7.0999002 ], [ 80.041607, 7.098754 ], [ 80.0415964, 7.0984965 ], [ 80.0415842, 7.0982736 ], [ 80.0415708, 7.0981325 ], [ 80.041552, 7.0979941 ], [ 80.0415292, 7.0978877 ], [ 80.041493, 7.0977612 ], [ 80.0414447, 7.0976295 ], [ 80.0413831, 7.0974898 ], [ 80.0413012, 7.097338 ] ] ] } },
{ "type": "Feature", "properties": { "osm_id": "816110611", "code": 5112, "fclass": "trunk", "name": "Colombo - Kandy Road", "ref": "AA001", "oneway": "F", "maxspeed": 70, "layer": 0, "bridge": "F", "tunnel": "F" }, "geometry": { "type": "MultiLineString", "coordinates": [ [ [ 80.0410505, 7.0968802 ], [ 80.0407742, 7.0963612 ], [ 80.0405334, 7.0959072 ], [ 80.040409, 7.0956942 ], [ 80.0402565, 7.0954479 ], [ 80.0401578, 7.0953011 ], [ 80.0400358, 7.0951399 ], [ 80.0399321, 7.095015 ], [ 80.0398126, 7.0948871 ], [ 80.0396799, 7.0947562 ], [ 80.0394921, 7.0945792 ], [ 80.0391457, 7.0942559 ], [ 80.0389583, 7.0940669 ], [ 80.038839, 7.0939496 ], [ 80.0386025, 7.0937183 ], [ 80.0384313, 7.0935531 ], [ 80.0383019, 7.0934333 ], [ 80.0381243, 7.0932688 ], [ 80.0379807, 7.0931366 ], [ 80.0378073, 7.0929784 ], [ 80.0375773, 7.0927669 ], [ 80.0374281, 7.0926256 ], [ 80.0373476, 7.0925329 ], [ 80.0372642, 7.0924293 ], [ 80.0372257, 7.0923801 ], [ 80.0371384, 7.0922465 ] ] ] } },
{ "type": "Feature", "properties": { "osm_id": "816110612", "code": 5112, "fclass": "trunk", "name": "Colombo - Kandy Road", "ref": "AA001", "oneway": "F", "maxspeed": 70, "layer": 1, "bridge": "T", "tunnel": "F" }, "geometry": { "type": "MultiLineString", "coordinates": [ [ [ 80.0371384, 7.0922465 ], [ 80.0370635, 7.0921072 ] ] ] } },
{ "type": "Feature", "properties": { "osm_id": "816110606", "code": 5112, "fclass": "trunk", "name": "Colombo - Kandy Road", "ref": "AA001", "oneway": "F", "maxspeed": 60, "layer": 0, "bridge": "F", "tunnel": "F" }, "geometry": { "type": "MultiLineString", "coordinates": [ [ [ 80.0895085, 7.1358091 ], [ 80.0897622, 7.1359269 ], [ 80.0903079, 7.1361773 ], [ 80.0923231, 7.1372076 ], [ 80.0927109, 7.1375482 ], [ 80.092911, 7.137838 ], [ 80.0929964, 7.1379876 ], [ 80.0932685, 7.1385775 ], [ 80.0933008, 7.1386501 ], [ 80.0935122, 7.1391905 ] ] ] } },
{ "type": "Feature", "properties": { "osm_id": "350074156", "code": 5112, "fclass": "trunk", "name": "High Level Road", "ref": "AA004", "oneway": "B", "maxspeed": 50, "layer": 1, "bridge": "T", "tunnel": "F" }, "geometry": { "type": "MultiLineString", "coordinates": [ [ [ 79.8872156, 6.8703098 ], [ 79.8876033, 6.8701209 ], [ 79.888241, 6.8698703 ], [ 79.8896095, 6.869331 ] ] ] } },
{ "type": "Feature", "properties": { "osm_id": "350024177", "code": 5112, "fclass": "trunk", "name": "High Level Road", "ref": "AA004", "oneway": "F", "maxspeed": 60, "layer": 0, "bridge": "F", "tunnel": "F" }, "geometry": { "type": "MultiLineString", "coordinates": [ [ [ 79.982773, 6.8376484 ], [ 79.9830265, 6.8375914 ], [ 79.9832525, 6.8375638 ], [ 79.9833384, 6.8375563 ], [ 79.9838866, 6.8375459 ] ] ] } },
{ "type": "Feature", "properties": { "osm_id": "350024173", "code": 5112, "fclass": "trunk", "name": "High Level Road", "ref": "AA004", "oneway": "F", "maxspeed": 60, "layer": 0, "bridge": "F", "tunnel": "F" }, "geometry": { "type": "MultiLineString", "coordinates": [ [ [ 79.9802333, 6.8385276 ], [ 79.980318, 6.8384983 ] ] ] } },
{ "type": "Feature", "properties": { "osm_id": "350024174", "code": 5112, "fclass": "trunk", "name": "High Level Road", "ref": "AA004", "oneway": "F", "maxspeed": 60, "layer": 0, "bridge": "F", "tunnel": "F" }, "geometry": { "type": "MultiLineString", "coordinates": [ [ [ 79.9838923, 6.837451 ], [ 79.9838048, 6.8374448 ], [ 79.9831778, 6.8374785 ], [ 79.9827943, 6.8375554 ], [ 79.9827271, 6.8375732 ] ] ] } },
{ "type": "Feature", "properties": { "osm_id": "408999395", "code": 5112, "fclass": "trunk", "name": "High Level Road", "ref": "AA004", "oneway": "B", "maxspeed": 60, "layer": 0, "bridge": "F", "tunnel": "F" }, "geometry": { "type": "MultiLineString", "coordinates": [ [ [ 80.0793916, 6.8543884 ], [ 80.0800601, 6.8542894 ], [ 80.080237, 6.8542836 ], [ 80.0806846, 6.8542472 ], [ 80.0808839, 6.8542002 ], [ 80.0810986, 6.8540938 ], [ 80.0812305, 6.8539945 ], [ 80.0816684, 6.8535869 ], [ 80.0818148, 6.8535113 ], [ 80.0820898, 6.8533679 ], [ 80.0822765, 6.8533002 ], [ 80.0827209, 6.8532031 ], [ 80.082984, 6.8531885 ], [ 80.0836599, 6.8532119 ], [ 80.0841575, 6.8531213 ], [ 80.0843279, 6.8530694 ], [ 80.0845422, 6.8529947 ], [ 80.0853851, 6.8526949 ], [ 80.0857484, 6.8526238 ], [ 80.0859764, 6.8526231 ], [ 80.086361, 6.8526606 ], [ 80.0865821, 6.8527384 ], [ 80.0866973, 6.8527538 ], [ 80.0870448, 6.8529848 ], [ 80.0871613, 6.8530806 ], [ 80.0879822, 6.853576 ], [ 80.0886934, 6.8540545 ], [ 80.0890505, 6.854361 ], [ 80.0892755, 6.8545984 ], [ 80.089391, 6.8547965 ], [ 80.089621, 6.8558699 ], [ 80.0896774, 6.8562351 ], [ 80.0898211, 6.8568073 ], [ 80.0899147, 6.8571433 ], [ 80.0900135, 6.8573469 ], [ 80.090316, 6.8577197 ], [ 80.0904188, 6.8578025 ], [ 80.0911024, 6.8584748 ], [ 80.0913033, 6.8587279 ], [ 80.0913797, 6.8588984 ], [ 80.0913736, 6.8590882 ], [ 80.0913152, 6.8592687 ], [ 80.0906952, 6.860351 ], [ 80.0906056, 6.8604874 ], [ 80.0905154, 6.8606932 ], [ 80.0903803, 6.8612845 ], [ 80.0902936, 6.8617034 ], [ 80.0902356, 6.8619831 ], [ 80.0901471, 6.8624392 ], [ 80.0900561, 6.8629148 ], [ 80.0898231, 6.8639757 ], [ 80.0895295, 6.8649965 ], [ 80.0894417, 6.8652833 ], [ 80.0890494, 6.8665647 ], [ 80.0889831, 6.8667814 ], [ 80.0888227, 6.8673848 ], [ 80.0886894, 6.8678774 ], [ 80.0885959, 6.8681997 ], [ 80.0884503, 6.8687019 ], [ 80.0882448, 6.8692612 ], [ 80.0880075, 6.8698093 ], [ 80.087463, 6.8709359 ], [ 80.0873154, 6.8712772 ], [ 80.0872132, 6.8716739 ], [ 80.0869215, 6.872983 ], [ 80.0868955, 6.8730748 ], [ 80.0868299, 6.8733245 ], [ 80.0867915, 6.8735592 ], [ 80.0867369, 6.8741501 ], [ 80.0867466, 6.8759769 ], [ 80.0867413, 6.8783081 ], [ 80.0866994, 6.878795 ], [ 80.0865955, 6.8793884 ], [ 80.0859955, 6.8807375 ], [ 80.0856681, 6.8816892 ], [ 80.0855584, 6.8820689 ], [ 80.0853757, 6.8828272 ], [ 80.0853757, 6.8830206 ], [ 80.0853666, 6.8833705 ], [ 80.0857233, 6.8838714 ], [ 80.0859416, 6.8842235 ], [ 80.086367, 6.8847272 ], [ 80.086497, 6.8848509 ], [ 80.087524, 6.885856 ], [ 80.0879751, 6.886424 ], [ 80.0881704, 6.8867214 ], [ 80.0882723, 6.8869424 ], [ 80.0884455, 6.8877007 ], [ 80.0885807, 6.8882393 ], [ 80.0886586, 6.8886893 ], [ 80.0886273, 6.8894068 ], [ 80.0886022, 6.8908328 ], [ 80.0886074, 6.8916569 ], [ 80.0885591, 6.892296 ], [ 80.0885001, 6.8925756 ], [ 80.0882432, 6.8935044 ], [ 80.0879592, 6.8945402 ], [ 80.0879069, 6.8949949 ], [ 80.0879064, 6.8956679 ], [ 80.0879587, 6.8969858 ], [ 80.0879502, 6.8977547 ], [ 80.087903, 6.8981347 ], [ 80.087894, 6.8982393 ], [ 80.0877933, 6.8988368 ] ] ] } },
{ "type": "Feature", "properties": { "osm_id": "408999396", "code": 5112, "fclass": "trunk", "name": "High Level Road", "ref": "AA004", "oneway": "B", "maxspeed": 60, "layer": 1, "bridge": "T", "tunnel": "F" }, "geometry": { "type": "MultiLineString", "coordinates": [ [ [ 80.078946, 6.8544447 ], [ 80.0793916, 6.8543884 ] ] ] } },
{ "type": "Feature", "properties": { "osm_id": "175791241", "code": 5112, "fclass": "trunk", "name": "Olcott Mawatha", "ref": "AA001", "oneway": "F", "maxspeed": 60, "layer": 1, "bridge": "T", "tunnel": "F" }, "geometry": { "type": "MultiLineString", "coordinates": [ [ [ 79.8481401, 6.9341262 ], [ 79.8475318, 6.9340338 ] ] ] } },
{ "type": "Feature", "properties": { "osm_id": "175791242", "code": 5112, "fclass": "trunk", "name": "Olcott Mawatha", "ref": "AA001", "oneway": "F", "maxspeed": 60, "layer": 0, "bridge": "F", "tunnel": "F" }, "geometry": { "type": "MultiLineString", "coordinates": [ [ [ 79.8509457, 6.934221 ], [ 79.8508272, 6.9341913 ], [ 79.8505573, 6.9341237 ], [ 79.8503905, 6.9340992 ], [ 79.8502062, 6.934089 ], [ 79.8500101, 6.9340889 ], [ 79.8496996, 6.9341014 ], [ 79.8494068, 6.9341132 ], [ 79.8492475, 6.9341182 ], [ 79.8484664, 6.9341456 ], [ 79.8481401, 6.9341262 ] ] ] } },
{ "type": "Feature", "properties": { "osm_id": "175791245", "code": 5115, "fclass": "tertiary", "name": "Bodhiraja Road", "ref": "AA001", "oneway": "B", "maxspeed": 40, "layer": 0, "bridge": "F", "tunnel": "F" }, "geometry": { "type": "MultiLineString", "coordinates": [ [ [ 79.8541838, 6.9364408 ], [ 79.8540877, 6.9357578 ], [ 79.854076, 6.9356569 ] ] ] } },
{ "type": "Feature", "properties": { "osm_id": "175763661", "code": 5112, "fclass": "trunk", "name": "High Level Road", "ref": "AA004", "oneway": "B", "maxspeed": 60, "layer": 1, "bridge": "T", "tunnel": "F" }, "geometry": { "type": "MultiLineString", "coordinates": [ [ [ 80.0983152, 6.9173507 ], [ 80.098348, 6.9176597 ] ] ] } },
{ "type": "Feature", "properties": { "osm_id": "1087417115", "code": 5112, "fclass": "trunk", "name": "High Level Road", "ref": "AA004", "oneway": "F", "maxspeed": 50, "layer": 0, "bridge": "F", "tunnel": "F" }, "geometry": { "type": "MultiLineString", "coordinates": [ [ [ 79.8734657, 6.8787091 ], [ 79.8736059, 6.8787225 ], [ 79.8739028, 6.8787372 ], [ 79.8741264, 6.8787244 ], [ 79.8741628, 6.8787223 ], [ 79.8741992, 6.8787202 ], [ 79.8743132, 6.8787005 ], [ 79.874506, 6.8786673 ] ] ] } },
{ "type": "Feature", "properties": { "osm_id": "351910069", "code": 5112, "fclass": "trunk", "name": "Olcott Mawatha", "ref": "AA001", "oneway": "F", "maxspeed": 60, "layer": 0, "bridge": "F", "tunnel": "F" }, "geometry": { "type": "MultiLineString", "coordinates": [ [ [ 79.8468636, 6.9339837 ], [ 79.8470289, 6.9340253 ], [ 79.8471886, 6.9340723 ] ] ] } },
{ "type": "Feature", "properties": { "osm_id": "351910070", "code": 5112, "fclass": "trunk", "name": "Olcott Mawatha", "ref": "AA001", "oneway": "F", "maxspeed": 60, "layer": 0, "bridge": "F", "tunnel": "F" }, "geometry": { "type": "MultiLineString", "coordinates": [ [ [ 79.8475318, 6.9340338 ], [ 79.8474827, 6.9340262 ], [ 79.8474518, 6.9340213 ], [ 79.8472274, 6.9339859 ], [ 79.8470719, 6.9339193 ], [ 79.8468719, 6.9337916 ], [ 79.8466852, 6.9335988 ] ] ] } },
{ "type": "Feature", "properties": { "osm_id": "351910071", "code": 5113, "fclass": "primary", "name": "Galle Road", "ref": "AA002", "oneway": "F", "maxspeed": 50, "layer": 0, "bridge": "F", "tunnel": "F" }, "geometry": { "type": "MultiLineString", "coordinates": [ [ [ 79.8831278, 6.77937 ], [ 79.8831537, 6.7795688 ], [ 79.8831422, 6.779666 ], [ 79.8831169, 6.7797571 ] ] ] } },
{ "type": "Feature", "properties": { "osm_id": "200136153", "code": 5112, "fclass": "trunk", "name": "High Level Road", "ref": "AA004", "oneway": "F", "maxspeed": 60, "layer": 0, "bridge": "F", "tunnel": "F" }, "geometry": { "type": "MultiLineString", "coordinates": [ [ [ 79.9802815, 6.8384252 ], [ 79.9802082, 6.8384509 ], [ 79.9798735, 6.838554 ], [ 79.9795857, 6.8386292 ] ] ] } },
{ "type": "Feature", "properties": { "osm_id": "200136157", "code": 5112, "fclass": "trunk", "name": "High Level Road", "ref": "AA004", "oneway": "F", "maxspeed": 60, "layer": 0, "bridge": "F", "tunnel": "F" }, "geometry": { "type": "MultiLineString", "coordinates": [ [ [ 79.9795991, 6.838693 ], [ 79.9798234, 6.8386456 ], [ 79.9800961, 6.8385736 ], [ 79.9802333, 6.8385276 ] ] ] } },
{ "type": "Feature", "properties": { "osm_id": "200884800", "code": 5112, "fclass": "trunk", "name": "Colombo - Chillaw Road", "ref": "AA003", "oneway": "F", "maxspeed": 60, "layer": 0, "bridge": "F", "tunnel": "F" }, "geometry": { "type": "MultiLineString", "coordinates": [ [ [ 79.8453923, 7.219483 ], [ 79.845419, 7.219558 ], [ 79.845451, 7.2196448 ], [ 79.8454866, 7.2197299 ], [ 79.8455399, 7.2198499 ], [ 79.8455925, 7.2199588 ], [ 79.8456301, 7.2200333 ], [ 79.8456866, 7.2201278 ], [ 79.8458017, 7.2203081 ], [ 79.845922, 7.2204875 ], [ 79.8461237, 7.2207463 ], [ 79.846689, 7.2214207 ], [ 79.8469497, 7.2217156 ], [ 79.8474745, 7.2223599 ], [ 79.8475413, 7.2224329 ], [ 79.8487526, 7.22386 ], [ 79.8492653, 7.2244658 ], [ 79.8495364, 7.2247764 ], [ 79.8499253, 7.2252544 ], [ 79.8502086, 7.2256066 ], [ 79.8503016, 7.2257469 ], [ 79.8503702, 7.2258554 ], [ 79.85043, 7.2259559 ], [ 79.8504943, 7.2260762 ], [ 79.8506002, 7.2263091 ], [ 79.8507191, 7.2266015 ], [ 79.8508672, 7.2269536 ], [ 79.8509381, 7.2271396 ] ] ] } },
{ "type": "Feature", "properties": { "osm_id": "447574026", "code": 5112, "fclass": "trunk", "name": "Colombo - Negombo Road", "ref": "AA003", "oneway": "F", "maxspeed": 60, "layer": 0, "bridge": "F", "tunnel": "F" }, "geometry": { "type": "MultiLineString", "coordinates": [ [ [ 79.8713659, 7.1563431 ], [ 79.8713081, 7.1565412 ], [ 79.8711081, 7.1570946 ] ] ] } },
{ "type": "Feature", "properties": { "osm_id": "447574024", "code": 5112, "fclass": "trunk", "name": "Colombo - Negombo Road", "ref": "AA003", "oneway": "F", "maxspeed": 60, "layer": 0, "bridge": "F", "tunnel": "F" }, "geometry": { "type": "MultiLineString", "coordinates": [ [ [ 79.8711081, 7.1570946 ], [ 79.8709426, 7.1576768 ], [ 79.8707797, 7.158193 ], [ 79.8705915, 7.1587808 ], [ 79.8703512, 7.1594235 ], [ 79.8701924, 7.1598507 ], [ 79.8700038, 7.1603772 ], [ 79.8698283, 7.160887 ], [ 79.8695864, 7.1615878 ], [ 79.8694624, 7.162001 ], [ 79.869378, 7.1623091 ], [ 79.8693086, 7.1626332 ], [ 79.8692366, 7.1629435 ], [ 79.8691838, 7.1631685 ], [ 79.8691395, 7.1633102 ], [ 79.8691121, 7.163385 ], [ 79.869092, 7.1634362 ], [ 79.8690686, 7.1634883 ], [ 79.8690019, 7.1636338 ], [ 79.8689113, 7.1638033 ], [ 79.8687876, 7.1640376 ], [ 79.8687103, 7.1642132 ], [ 79.8686448, 7.1643803 ], [ 79.868594, 7.1645158 ], [ 79.8685442, 7.1647274 ], [ 79.8684948, 7.1649452 ], [ 79.8684269, 7.165274 ], [ 79.8683546, 7.1657851 ], [ 79.8683396, 7.1658608 ], [ 79.8683126, 7.1659916 ], [ 79.8682787, 7.1661247 ], [ 79.8682441, 7.1662401 ], [ 79.8681018, 7.166693 ], [ 79.8680537, 7.1668512 ], [ 79.8679719, 7.1671105 ], [ 79.8678867, 7.1673805 ], [ 79.8678295, 7.1675619 ], [ 79.867755, 7.1677981 ], [ 79.8677434, 7.1678349 ], [ 79.8677288, 7.1678794 ], [ 79.8675667, 7.1683724 ], [ 79.867507, 7.1685538 ], [ 79.8674673, 7.1686609 ], [ 79.8674214, 7.1687631 ], [ 79.8673808, 7.1688512 ], [ 79.8673413, 7.1689261 ], [ 79.8672303, 7.16912 ], [ 79.8671454, 7.169257 ], [ 79.8670535, 7.169388 ], [ 79.8669962, 7.1694609 ], [ 79.8669577, 7.1695098 ], [ 79.8668564, 7.1696124 ], [ 79.8667666, 7.1697054 ], [ 79.8666148, 7.1698416 ], [ 79.8662013, 7.1701831 ], [ 79.865642, 7.1706422 ], [ 79.8654995, 7.1707728 ], [ 79.8653993, 7.1708697 ], [ 79.8653094, 7.170971 ], [ 79.8652223, 7.171084 ], [ 79.8651378, 7.1712011 ], [ 79.8650456, 7.1713275 ], [ 79.864956, 7.1714773 ], [ 79.8648843, 7.1716096 ], [ 79.8648062, 7.1717732 ], [ 79.8647279, 7.171966 ], [ 79.8644905, 7.1725285 ], [ 79.8640122, 7.1736275 ], [ 79.8639576, 7.1737665 ], [ 79.8638604, 7.1739984 ], [ 79.8636215, 7.1744829 ], [ 79.8634201, 7.1748876 ], [ 79.8630215, 7.1756719 ], [ 79.8627841, 7.1761296 ], [ 79.8626287, 7.1764568 ], [ 79.8625535, 7.1766379 ], [ 79.8624868, 7.1768209 ], [ 79.8624385, 7.1769859 ], [ 79.8623932, 7.1771795 ], [ 79.8623532, 7.1774423 ], [ 79.8623084, 7.1777998 ], [ 79.8622772, 7.1780816 ], [ 79.8622561, 7.1782154 ], [ 79.8622253, 7.1783802 ], [ 79.8622108, 7.1784409 ], [ 79.8621981, 7.1784881 ], [ 79.8621753, 7.1785659 ], [ 79.8621383, 7.1786947 ], [ 79.8620171, 7.1790782 ], [ 79.8618387, 7.1795772 ], [ 79.8616893, 7.1799752 ], [ 79.8615157, 7.1803829 ], [ 79.8613461, 7.1807454 ], [ 79.8612392, 7.180976 ], [ 79.8608839, 7.1817062 ], [ 79.8606338, 7.1822168 ], [ 79.8604146, 7.1826806 ], [ 79.8603692, 7.18278 ], [ 79.8602917, 7.1829599 ], [ 79.8601556, 7.1833002 ], [ 79.8600673, 7.1835474 ], [ 79.8600554, 7.1835891 ], [ 79.8597847, 7.184413 ], [ 79.8596541, 7.1848044 ], [ 79.8595639, 7.1850862 ], [ 79.8595313, 7.1852009 ], [ 79.8595031, 7.1853446 ], [ 79.8594782, 7.1854834 ], [ 79.8594552, 7.1856013 ], [ 79.8594408, 7.1856859 ], [ 79.8594287, 7.185795 ], [ 79.8594221, 7.18591 ], [ 79.859418, 7.1861689 ], [ 79.8594207, 7.1863711 ], [ 79.8594398, 7.1867017 ], [ 79.8594435, 7.186765 ], [ 79.8594377, 7.1868891 ], [ 79.8594287, 7.1869872 ], [ 79.8594193, 7.1871256 ], [ 79.8594072, 7.1872347 ], [ 79.8593848, 7.1873489 ], [ 79.8593625, 7.1874294 ], [ 79.8593268, 7.187542 ], [ 79.8592863, 7.1876554 ], [ 79.8592261, 7.1878088 ], [ 79.8591119, 7.1880604 ], [ 79.8588085, 7.188752 ], [ 79.8585499, 7.1893592 ], [ 79.8584065, 7.1897141 ], [ 79.8580838, 7.1904663 ], [ 79.8578592, 7.1909879 ], [ 79.8576982, 7.1913512 ], [ 79.8575283, 7.1917242 ], [ 79.8573572, 7.1920935 ], [ 79.8572141, 7.1924242 ], [ 79.8571407, 7.1925918 ], [ 79.8569718, 7.1929543 ], [ 79.8567291, 7.193475 ], [ 79.8565889, 7.1937824 ], [ 79.8562251, 7.1946018 ], [ 79.8561595, 7.1947414 ], [ 79.8558489, 7.1954378 ], [ 79.8556166, 7.1959461 ], [ 79.8555299, 7.1961363 ], [ 79.8552509, 7.1967467 ], [ 79.8550312, 7.197291 ], [ 79.8548663, 7.1976702 ], [ 79.8547375, 7.1979243 ], [ 79.8545364, 7.1983687 ], [ 79.8544599, 7.1985191 ], [ 79.8544445, 7.198547 ], [ 79.8544334, 7.1985763 ], [ 79.8543627, 7.1987193 ], [ 79.8543127, 7.1988221 ], [ 79.8540173, 7.1994717 ], [ 79.8533142, 7.200907 ], [ 79.8530652, 7.2014595 ], [ 79.8528881, 7.2018481 ], [ 79.8527243, 7.2022075 ], [ 79.8524362, 7.202822 ], [ 79.852125, 7.2035019 ], [ 79.8518112, 7.204163 ], [ 79.851657, 7.2044878 ], [ 79.8511768, 7.2055063 ] ] ] } },
{ "type": "Feature", "properties": { "osm_id": "372920768", "code": 5112, "fclass": "trunk", "name": null, "ref": "AA002", "oneway": "F", "maxspeed": 60, "layer": 0, "bridge": "F", "tunnel": "F" }, "geometry": { "type": "MultiLineString", "coordinates": [ [ [ 79.8513021, 6.9120513 ], [ 79.851358, 6.9120323 ], [ 79.8514564, 6.9119577 ], [ 79.8514923, 6.9118992 ], [ 79.8516191, 6.9116367 ], [ 79.8516461, 6.9115902 ] ] ] } },
{ "type": "Feature", "properties": { "osm_id": "847027892", "code": 5112, "fclass": "trunk", "name": "Colombo - Kandy Road", "ref": "AA001", "oneway": "F", "maxspeed": 70, "layer": 0, "bridge": "F", "tunnel": "F" }, "geometry": { "type": "MultiLineString", "coordinates": [ [ [ 79.9662074, 7.0108505 ], [ 79.9660143, 7.0105404 ], [ 79.9657159, 7.0100411 ], [ 79.9654711, 7.0094697 ], [ 79.9652774, 7.0091185 ], [ 79.9651682, 7.0089761 ], [ 79.9649589, 7.0087669 ], [ 79.9645176, 7.008447 ], [ 79.9641102, 7.0082815 ], [ 79.9639895, 7.0082475 ], [ 79.9633104, 7.0080581 ], [ 79.9629028, 7.0078859 ], [ 79.9625598, 7.007698 ], [ 79.9622677, 7.0075955 ], [ 79.9619522, 7.0075408 ], [ 79.9614733, 7.0075178 ], [ 79.9613432, 7.0075153 ], [ 79.9610236, 7.0075079 ], [ 79.9606721, 7.0074707 ], [ 79.9603443, 7.0074054 ], [ 79.9600904, 7.0073165 ] ] ] } },
{ "type": "Feature", "properties": { "osm_id": "847027891", "code": 5112, "fclass": "trunk", "name": "Colombo - Kandy Road", "ref": "AA001", "oneway": "F", "maxspeed": 70, "layer": 0, "bridge": "F", "tunnel": "F" }, "geometry": { "type": "MultiLineString", "coordinates": [ [ [ 79.9600655, 7.0073715 ], [ 79.9601935, 7.0074255 ], [ 79.9606484, 7.0075333 ], [ 79.9613404, 7.0075887 ], [ 79.9614686, 7.0075939 ], [ 79.9620281, 7.0076296 ], [ 79.9623421, 7.0076972 ], [ 79.9625831, 7.0077986 ], [ 79.9629039, 7.0079825 ], [ 79.9630734, 7.0080603 ], [ 79.9636351, 7.0082362 ], [ 79.9639713, 7.0083217 ], [ 79.9640866, 7.0083548 ], [ 79.9644733, 7.008508 ], [ 79.9647859, 7.008723 ], [ 79.9650567, 7.0089666 ], [ 79.9652671, 7.009242 ], [ 79.9653939, 7.0095012 ], [ 79.9656836, 7.0101399 ], [ 79.9661297, 7.0108836 ], [ 79.9662679, 7.0111131 ] ] ] } },
{ "type": "Feature", "properties": { "osm_id": "198343776", "code": 5112, "fclass": "trunk", "name": "Colombo - Negombo Road", "ref": "AA003", "oneway": "F", "maxspeed": 60, "layer": 0, "bridge": "F", "tunnel": "F" }, "geometry": { "type": "MultiLineString", "coordinates": [ [ [ 79.8740572, 7.1433895 ], [ 79.8739799, 7.1438236 ], [ 79.8739397, 7.1440495 ], [ 79.8739019, 7.1442782 ], [ 79.8737757, 7.145043 ], [ 79.8737356, 7.1452853 ], [ 79.8736727, 7.1456667 ], [ 79.87361, 7.1460395 ], [ 79.8735232, 7.1465576 ], [ 79.8734017, 7.1471922 ], [ 79.8732723, 7.147926 ], [ 79.8732186, 7.1482439 ], [ 79.8731144, 7.1488116 ], [ 79.8730335, 7.1492322 ], [ 79.8730208, 7.1492941 ], [ 79.8728988, 7.1499343 ], [ 79.8727901, 7.1508096 ], [ 79.8727761, 7.1508984 ], [ 79.872733, 7.1511346 ], [ 79.8725034, 7.1523257 ], [ 79.8724734, 7.1524812 ], [ 79.8721643, 7.1536024 ], [ 79.8721224, 7.1537585 ], [ 79.8717078, 7.1552092 ], [ 79.8716655, 7.1553524 ], [ 79.8715612, 7.1556573 ], [ 79.8714392, 7.1560643 ], [ 79.8713659, 7.1563431 ] ] ] } },
{ "type": "Feature", "properties": { "osm_id": "370525262", "code": 5112, "fclass": "trunk", "name": "Sri Sambuddhathva Jayanthi Mawatha", "ref": "AA004", "oneway": "F", "maxspeed": 70, "layer": 0, "bridge": "F", "tunnel": "F" }, "geometry": { "type": "MultiLineString", "coordinates": [ [ [ 79.865344, 6.8862136 ], [ 79.86521, 6.8863975 ], [ 79.8651156, 6.886527 ], [ 79.8650319, 6.8866524 ], [ 79.8649386, 6.8867921 ], [ 79.8645984, 6.8873343 ], [ 79.8644623, 6.8875792 ], [ 79.8643576, 6.8877983 ], [ 79.8643271, 6.887877 ], [ 79.8642845, 6.8879894 ], [ 79.8642468, 6.888089 ] ] ] } },
{ "type": "Feature", "properties": { "osm_id": "198343777", "code": 5112, "fclass": "trunk", "name": "New Kelani Bridge Road", "ref": "AA001", "oneway": "F", "maxspeed": 60, "layer": 0, "bridge": "F", "tunnel": "F" }, "geometry": { "type": "MultiLineString", "coordinates": [ [ [ 79.8786058, 6.9506406 ], [ 79.8800317, 6.9522558 ] ] ] } },
{ "type": "Feature", "properties": { "osm_id": "370525263", "code": 5112, "fclass": "trunk", "name": "Sri Sambuddhathva Jayanthi Mawatha", "ref": "AA004", "oneway": "F", "maxspeed": 70, "layer": 0, "bridge": "F", "tunnel": "F" }, "geometry": { "type": "MultiLineString", "coordinates": [ [ [ 79.8622987, 6.8923173 ], [ 79.8623691, 6.89227 ], [ 79.8625542, 6.89199 ], [ 79.8626144, 6.8919125 ], [ 79.8627697, 6.8917126 ], [ 79.8630448, 6.8914467 ], [ 79.8635559, 6.8909627 ], [ 79.8636291, 6.8908423 ], [ 79.8637401, 6.8905402 ], [ 79.8637775, 6.8904385 ], [ 79.8638014, 6.8903496 ], [ 79.8638993, 6.8899373 ], [ 79.8639629, 6.8896696 ], [ 79.8639962, 6.8895294 ], [ 79.8641718, 6.8887689 ], [ 79.8642999, 6.888239 ], [ 79.8643312, 6.8881095 ] ] ] } },
{ "type": "Feature", "properties": { "osm_id": "370525258", "code": 5112, "fclass": "trunk", "name": "Sri Sambuddhathva Jayanthi Mawatha", "ref": "AA004", "oneway": "B", "maxspeed": 50, "layer": 0, "bridge": "F", "tunnel": "F" }, "geometry": { "type": "MultiLineString", "coordinates": [ [ [ 79.8622987, 6.8923173 ], [ 79.8622128, 6.8925063 ], [ 79.8621884, 6.8925613 ], [ 79.8621083, 6.89277 ], [ 79.8620379, 6.8930332 ], [ 79.8619017, 6.8935422 ], [ 79.8616844, 6.8942052 ], [ 79.861613, 6.8943272 ], [ 79.8615298, 6.8944174 ], [ 79.8611456, 6.8948169 ], [ 79.8609853, 6.8950483 ], [ 79.8608908, 6.8951847 ], [ 79.8608473, 6.8952662 ], [ 79.8607419, 6.895464 ], [ 79.8606638, 6.8956185 ], [ 79.8606302, 6.895685 ], [ 79.8604038, 6.8960775 ], [ 79.8603437, 6.8961675 ], [ 79.8601985, 6.8963574 ], [ 79.8599922, 6.8966271 ] ] ] } },
{ "type": "Feature", "properties": { "osm_id": "370525259", "code": 5112, "fclass": "trunk", "name": "Sri Sambuddhathva Jayanthi Mawatha", "ref": "AA004", "oneway": "F", "maxspeed": 0, "layer": 0, "bridge": "F", "tunnel": "F" }, "geometry": { "type": "MultiLineString", "coordinates": [ [ [ 79.8644102, 6.8878375 ], [ 79.86445, 6.8877523 ], [ 79.8644617, 6.8877303 ] ] ] } },
{ "type": "Feature", "properties": { "osm_id": "1121956810", "code": 5112, "fclass": "trunk", "name": "Galle Road", "ref": "AA002", "oneway": "F", "maxspeed": 50, "layer": 0, "bridge": "F", "tunnel": "F" }, "geometry": { "type": "MultiLineString", "coordinates": [ [ [ 79.8658079, 6.8528343 ], [ 79.8657584, 6.8530956 ] ] ] } },
{ "type": "Feature", "properties": { "osm_id": "198209553", "code": 5112, "fclass": "trunk", "name": "Colombo - Negombo Road", "ref": "AA003", "oneway": "F", "maxspeed": 60, "layer": 0, "bridge": "F", "tunnel": "F" }, "geometry": { "type": "MultiLineString", "coordinates": [ [ [ 79.8906883, 7.0807112 ], [ 79.8907514, 7.0810367 ], [ 79.8907768, 7.0811811 ], [ 79.8907956, 7.0812798 ], [ 79.8908888, 7.0817335 ] ] ] } },
{ "type": "Feature", "properties": { "osm_id": "198209557", "code": 5112, "fclass": "trunk", "name": "Colombo - Negombo Road", "ref": "AA003", "oneway": "F", "maxspeed": 60, "layer": 1, "bridge": "T", "tunnel": "F" }, "geometry": { "type": "MultiLineString", "coordinates": [ [ [ 79.8905901, 7.080216 ], [ 79.8906883, 7.0807112 ] ] ] } },
{ "type": "Feature", "properties": { "osm_id": "198150365", "code": 5112, "fclass": "trunk", "name": "Colombo - Negombo Road", "ref": "AA003", "oneway": "F", "maxspeed": 60, "layer": 0, "bridge": "F", "tunnel": "F" }, "geometry": { "type": "MultiLineString", "coordinates": [ [ [ 79.8511768, 7.2055063 ], [ 79.8508336, 7.2062747 ], [ 79.8505899, 7.2068135 ], [ 79.8503085, 7.2074358 ], [ 79.8500684, 7.207959 ], [ 79.8500095, 7.2080872 ], [ 79.8497933, 7.2085583 ], [ 79.8495223, 7.2091605 ], [ 79.8490196, 7.2102644 ], [ 79.8481212, 7.2121955 ], [ 79.848041, 7.2124002 ], [ 79.8478102, 7.212886 ], [ 79.8471753, 7.2142597 ] ] ] } },
{ "type": "Feature", "properties": { "osm_id": "1121956789", "code": 5112, "fclass": "trunk", "name": "High Level Road", "ref": "AA004", "oneway": "F", "maxspeed": 50, "layer": 0, "bridge": "F", "tunnel": "F" }, "geometry": { "type": "MultiLineString", "coordinates": [ [ [ 79.876477, 6.8782905 ], [ 79.8767776, 6.8781921 ] ] ] } },
{ "type": "Feature", "properties": { "osm_id": "1122307849", "code": 5112, "fclass": "trunk", "name": "High Level Road", "ref": "AA004", "oneway": "F", "maxspeed": 50, "layer": 0, "bridge": "F", "tunnel": "F" }, "geometry": { "type": "MultiLineString", "coordinates": [ [ [ 79.8731182, 6.8786516 ], [ 79.8733132, 6.8786895 ], [ 79.8734657, 6.8787091 ] ] ] } },
{ "type": "Feature", "properties": { "osm_id": "1122267573", "code": 5112, "fclass": "trunk", "name": "H. Sri Nissanka Mawatha", "ref": "AA004", "oneway": "B", "maxspeed": 50, "layer": 0, "bridge": "F", "tunnel": "F" }, "geometry": { "type": "MultiLineString", "coordinates": [ [ [ 79.8701117, 6.8812967 ], [ 79.8701772, 6.8811658 ] ] ] } },
{ "type": "Feature", "properties": { "osm_id": "199382570", "code": 5112, "fclass": "trunk", "name": "Galle Road", "ref": "AA002", "oneway": "F", "maxspeed": 50, "layer": 0, "bridge": "F", "tunnel": "F" }, "geometry": { "type": "MultiLineString", "coordinates": [ [ [ 79.9075375, 6.7124376 ], [ 79.9075419, 6.7123243 ], [ 79.9075168, 6.7110518 ], [ 79.9075091, 6.7106584 ], [ 79.9075355, 6.7104277 ], [ 79.907547, 6.7103949 ], [ 79.9077541, 6.709803 ] ] ] } },
{ "type": "Feature", "properties": { "osm_id": "199382578", "code": 5112, "fclass": "trunk", "name": "Galle Road", "ref": "AA002", "oneway": "F", "maxspeed": 50, "layer": 0, "bridge": "F", "tunnel": "F" }, "geometry": { "type": "MultiLineString", "coordinates": [ [ [ 79.9077115, 6.7097045 ], [ 79.9077036, 6.7097411 ], [ 79.9075663, 6.7100667 ], [ 79.9074819, 6.710375 ], [ 79.9074697, 6.7104197 ], [ 79.9074557, 6.7104891 ], [ 79.9074376, 6.7106541 ], [ 79.9074392, 6.710781 ], [ 79.9074311, 6.7110444 ], [ 79.9074313, 6.7115381 ] ] ] } },
{ "type": "Feature", "properties": { "osm_id": "1122205063", "code": 5112, "fclass": "trunk", "name": "H. Sri Nissanka Mawatha", "ref": "AA004", "oneway": "F", "maxspeed": 50, "layer": 0, "bridge": "F", "tunnel": "F" }, "geometry": { "type": "MultiLineString", "coordinates": [ [ [ 79.8729209, 6.8785218 ], [ 79.8728764, 6.8785148 ], [ 79.8727486, 6.8784949 ], [ 79.8726319, 6.8784727 ], [ 79.8725854, 6.8784639 ] ] ] } },
{ "type": "Feature", "properties": { "osm_id": "199382592", "code": 5112, "fclass": "trunk", "name": "Galle Road", "ref": "AA002", "oneway": "F", "maxspeed": 50, "layer": 0, "bridge": "F", "tunnel": "F" }, "geometry": { "type": "MultiLineString", "coordinates": [ [ [ 79.8830503, 6.7798056 ], [ 79.8830752, 6.7798627 ], [ 79.8831108, 6.7799444 ], [ 79.8833321, 6.7804276 ], [ 79.8833421, 6.7804493 ], [ 79.883564, 6.7810147 ], [ 79.8838235, 6.781676 ], [ 79.883876, 6.781883 ], [ 79.8839192, 6.7820452 ], [ 79.883945, 6.782175 ], [ 79.884017, 6.7824197 ], [ 79.8840454, 6.7825162 ], [ 79.8840634, 6.7826033 ], [ 79.8841222, 6.7828634 ], [ 79.8841301, 6.7828983 ], [ 79.8841587, 6.783025 ], [ 79.8842626, 6.7835178 ], [ 79.8843129, 6.7838787 ], [ 79.8843841, 6.7842977 ], [ 79.8843931, 6.784362 ], [ 79.8844263, 6.7845996 ], [ 79.884437, 6.7846632 ], [ 79.8845308, 6.785812 ], [ 79.8845407, 6.7859231 ], [ 79.8845566, 6.7861029 ], [ 79.8845768, 6.7863306 ], [ 79.8846047, 6.7866756 ], [ 79.8846547, 6.7869691 ] ] ] } },
{ "type": "Feature", "properties": { "osm_id": "388181947", "code": 5112, "fclass": "trunk", "name": "High Level Road", "ref": "AA004", "oneway": "F", "maxspeed": 50, "layer": 0, "bridge": "F", "tunnel": "F" }, "geometry": { "type": "MultiLineString", "coordinates": [ [ [ 79.9634989, 6.8417429 ], [ 79.9640219, 6.8416403 ], [ 79.9642117, 6.8416644 ], [ 79.9643035, 6.8417143 ] ] ] } },
{ "type": "Feature", "properties": { "osm_id": "388181948", "code": 5112, "fclass": "trunk", "name": "High Level Road", "ref": "AA004", "oneway": "F", "maxspeed": 50, "layer": 0, "bridge": "F", "tunnel": "F" }, "geometry": { "type": "MultiLineString", "coordinates": [ [ [ 79.9643515, 6.8414399 ], [ 79.9638094, 6.8415651 ], [ 79.9636138, 6.8415959 ] ] ] } },
{ "type": "Feature", "properties": { "osm_id": "1117700825", "code": 5114, "fclass": "secondary", "name": "Janadhipathi Mawatha", "ref": "AA002", "oneway": "F", "maxspeed": 60, "layer": 0, "bridge": "F", "tunnel": "F" }, "geometry": { "type": "MultiLineString", "coordinates": [ [ [ 79.8421155, 6.9316102 ], [ 79.842159, 6.9317786 ], [ 79.8421931, 6.9319237 ] ] ] } },
{ "type": "Feature", "properties": { "osm_id": "1117332269", "code": 5112, "fclass": "trunk", "name": "High Level Road", "ref": "AA004", "oneway": "F", "maxspeed": 60, "layer": 0, "bridge": "F", "tunnel": "F" }, "geometry": { "type": "MultiLineString", "coordinates": [ [ [ 79.9524357, 6.8456335 ], [ 79.9519649, 6.8458034 ], [ 79.9514741, 6.845886 ], [ 79.9511381, 6.8459426 ] ] ] } },
{ "type": "Feature", "properties": { "osm_id": "1117332273", "code": 5112, "fclass": "trunk", "name": "High Level Road", "ref": "AA004", "oneway": "F", "maxspeed": 60, "layer": 0, "bridge": "F", "tunnel": "F" }, "geometry": { "type": "MultiLineString", "coordinates": [ [ [ 79.9511381, 6.8459426 ], [ 79.950027, 6.8460764 ] ] ] } },
{ "type": "Feature", "properties": { "osm_id": "445223661", "code": 5112, "fclass": "trunk", "name": "Colombo - Negombo Road", "ref": "AA003", "oneway": "F", "maxspeed": 60, "layer": 0, "bridge": "F", "tunnel": "F" }, "geometry": { "type": "MultiLineString", "coordinates": [ [ [ 79.882043, 6.9651615 ], [ 79.8821215, 6.9653062 ], [ 79.8825821, 6.9660679 ], [ 79.8830379, 6.966861 ], [ 79.8837595, 6.9681049 ], [ 79.8839249, 6.9684082 ], [ 79.8840662, 6.9686788 ], [ 79.8842209, 6.9689836 ], [ 79.8852738, 6.9714305 ], [ 79.8853603, 6.9715869 ], [ 79.8854115, 6.9716725 ], [ 79.8855266, 6.9718239 ], [ 79.8856764, 6.9719972 ], [ 79.8858077, 6.9721521 ], [ 79.8858573, 6.9722091 ], [ 79.886272, 6.9726745 ], [ 79.8864516, 6.972864 ], [ 79.8866352, 6.9730627 ], [ 79.8866571, 6.9730905 ], [ 79.8867419, 6.9731979 ], [ 79.8868593, 6.9733504 ], [ 79.8869417, 6.9734805 ], [ 79.8870198, 6.9736268 ], [ 79.8871204, 6.9738304 ], [ 79.887254, 6.9741131 ], [ 79.8872958, 6.9741963 ], [ 79.8874508, 6.974558 ], [ 79.8875693, 6.9748272 ], [ 79.8876309, 6.9749672 ], [ 79.8878212, 6.9753727 ], [ 79.8880283, 6.9757969 ], [ 79.8882914, 6.9762839 ], [ 79.8888031, 6.9771983 ], [ 79.8889722, 6.9774922 ], [ 79.8892329, 6.977923 ], [ 79.8893253, 6.9781032 ], [ 79.8893474, 6.9781736 ], [ 79.8893638, 6.978244 ], [ 79.8893767, 6.9783207 ], [ 79.8893747, 6.9783634 ], [ 79.8893741, 6.97843 ], [ 79.8893643, 6.9785158 ], [ 79.8893506, 6.9786015 ], [ 79.8893251, 6.9787025 ], [ 79.8892862, 6.9788069 ], [ 79.889172, 6.9790207 ], [ 79.8888066, 6.9796387 ], [ 79.8885736, 6.9800692 ], [ 79.8882712, 6.9806976 ], [ 79.8881856, 6.9808863 ], [ 79.8881304, 6.9810201 ], [ 79.8880948, 6.9811208 ], [ 79.8880539, 6.9812505 ], [ 79.8880291, 6.9813618 ], [ 79.8880144, 6.9814665 ], [ 79.8880042, 6.9816707 ], [ 79.8880186, 6.9819519 ], [ 79.8880807, 6.9822297 ], [ 79.8881229, 6.9823852 ], [ 79.8882131, 6.9826437 ], [ 79.8885316, 6.983515 ], [ 79.888575, 6.9836431 ], [ 79.8886116, 6.9837618 ], [ 79.8886527, 6.9839274 ], [ 79.8886988, 6.9842006 ], [ 79.8887335, 6.9847125 ], [ 79.8887834, 6.9849818 ], [ 79.8888065, 6.9850764 ], [ 79.888843, 6.985163 ], [ 79.8889514, 6.9854077 ], [ 79.8889814, 6.9854631 ], [ 79.8890748, 6.9856668 ], [ 79.8892304, 6.9859898 ], [ 79.8892828, 6.9860986 ] ] ] } },
{ "type": "Feature", "properties": { "osm_id": "445223679", "code": 5112, "fclass": "trunk", "name": "Colombo - Negombo Road", "ref": "AA003", "oneway": "F", "maxspeed": 60, "layer": 1, "bridge": "T", "tunnel": "F" }, "geometry": { "type": "MultiLineString", "coordinates": [ [ [ 79.8821037, 6.9651264 ], [ 79.8820455, 6.9650179 ] ] ] } },
{ "type": "Feature", "properties": { "osm_id": "445223685", "code": 5112, "fclass": "trunk", "name": "Colombo - Negombo Road", "ref": "AA003", "oneway": "F", "maxspeed": 60, "layer": 0, "bridge": "F", "tunnel": "F" }, "geometry": { "type": "MultiLineString", "coordinates": [ [ [ 79.8820455, 6.9650179 ], [ 79.8819755, 6.9648864 ], [ 79.8819055, 6.9647172 ], [ 79.8818533, 6.9645707 ], [ 79.8818142, 6.9644222 ], [ 79.8817542, 6.9640972 ], [ 79.8817118, 6.9637927 ], [ 79.8816205, 6.9630027 ], [ 79.881553, 6.9624399 ], [ 79.8815307, 6.9622535 ], [ 79.8814889, 6.9619995 ], [ 79.8814358, 6.9617117 ], [ 79.8813385, 6.9614287 ], [ 79.8812379, 6.961149 ], [ 79.8811996, 6.9609993 ], [ 79.8811711, 6.9608674 ], [ 79.8811399, 6.9607224 ] ] ] } },
{ "type": "Feature", "properties": { "osm_id": "194101253", "code": 5112, "fclass": "trunk", "name": "Olcott Mawatha", "ref": "AA001", "oneway": "F", "maxspeed": 60, "layer": 0, "bridge": "F", "tunnel": "F" }, "geometry": { "type": "MultiLineString", "coordinates": [ [ [ 79.8538839, 6.9348107 ], [ 79.8538202, 6.93484 ], [ 79.8536151, 6.9349066 ], [ 79.8534514, 6.9349292 ], [ 79.8530799, 6.9349013 ], [ 79.8527688, 6.9348174 ], [ 79.8524643, 6.9347177 ], [ 79.8512749, 6.9343286 ] ] ] } },
{ "type": "Feature", "properties": { "osm_id": "194095375", "code": 5112, "fclass": "trunk", "name": "High Level Road", "ref": "AA004", "oneway": "B", "maxspeed": 60, "layer": 0, "bridge": "F", "tunnel": "F" }, "geometry": { "type": "MultiLineString", "coordinates": [ [ [ 80.0031135, 6.841196 ], [ 80.0039997, 6.8412731 ], [ 80.0040665, 6.8412819 ], [ 80.0042877, 6.8413173 ], [ 80.0045368, 6.841374 ], [ 80.0048699, 6.8414622 ], [ 80.0050852, 6.8415642 ], [ 80.0054287, 6.8418442 ], [ 80.0055767, 6.8420017 ], [ 80.0059448, 6.8424696 ], [ 80.0061101, 6.8426798 ], [ 80.0062057, 6.8428642 ], [ 80.0063333, 6.843138 ], [ 80.0064151, 6.8434366 ], [ 80.0064428, 6.8439536 ], [ 80.0064878, 6.844101 ], [ 80.0065994, 6.8443907 ], [ 80.0066985, 6.8445684 ], [ 80.0068187, 6.8447122 ], [ 80.0071487, 6.8449958 ], [ 80.0073055, 6.8450824 ], [ 80.0076352, 6.8452078 ], [ 80.0079525, 6.8452353 ], [ 80.008422, 6.8451463 ], [ 80.0094507, 6.844917 ], [ 80.0098919, 6.8448342 ], [ 80.0104408, 6.8448132 ], [ 80.0115199, 6.8447981 ], [ 80.0122907, 6.8447707 ], [ 80.0129126, 6.844731 ], [ 80.0136783, 6.8446821 ], [ 80.0148279, 6.8446176 ], [ 80.015228, 6.8445966 ], [ 80.0154729, 6.8446381 ] ] ] } },
{ "type": "Feature", "properties": { "osm_id": "417132784", "code": 5112, "fclass": "trunk", "name": "Sri Sambuddhathva Jayanthi Mawatha", "ref": "AA004", "oneway": "F", "maxspeed": 50, "layer": 0, "bridge": "F", "tunnel": "F" }, "geometry": { "type": "MultiLineString", "coordinates": [ [ [ 79.8644617, 6.8877303 ], [ 79.8646192, 6.8874342 ], [ 79.864767, 6.8871902 ], [ 79.864909, 6.8869432 ], [ 79.8650634, 6.8867125 ], [ 79.8650831, 6.8866873 ], [ 79.8652608, 6.8864497 ], [ 79.865472, 6.8861698 ] ] ] } },
{ "type": "Feature", "properties": { "osm_id": "194091908", "code": 5112, "fclass": "trunk", "name": "High Level Road", "ref": "AA004", "oneway": "F", "maxspeed": 60, "layer": 0, "bridge": "F", "tunnel": "F" }, "geometry": { "type": "MultiLineString", "coordinates": [ [ [ 79.9663406, 6.8408202 ], [ 79.9668594, 6.8405298 ], [ 79.9670336, 6.8404426 ], [ 79.9672152, 6.8403435 ], [ 79.9679817, 6.8399045 ], [ 79.9685344, 6.8396094 ], [ 79.9687597, 6.8395135 ], [ 79.9694435, 6.8393734 ], [ 79.9699666, 6.8393427 ], [ 79.9712634, 6.8394272 ], [ 79.9719633, 6.8393171 ], [ 79.9727471, 6.8391242 ], [ 79.9732667, 6.8390531 ], [ 79.9736839, 6.8390652 ], [ 79.9739204, 6.8391029 ], [ 79.9743267, 6.8392057 ], [ 79.9749329, 6.8393858 ], [ 79.9755267, 6.8395292 ], [ 79.9760848, 6.8395809 ], [ 79.9764029, 6.8395924 ] ] ] } },
{ "type": "Feature", "properties": { "osm_id": "417132785", "code": 5112, "fclass": "trunk", "name": "Sri Sambuddhathva Jayanthi Mawatha", "ref": "AA004", "oneway": "B", "maxspeed": 50, "layer": 0, "bridge": "F", "tunnel": "F" }, "geometry": { "type": "MultiLineString", "coordinates": [ [ [ 79.8670069, 6.8849907 ], [ 79.8668302, 6.8851181 ] ] ] } },
{ "type": "Feature", "properties": { "osm_id": "834969572", "code": 5112, "fclass": "trunk", "name": "Colombo - Kandy Road", "ref": "AA001", "oneway": "F", "maxspeed": 70, "layer": 0, "bridge": "F", "tunnel": "F" }, "geometry": { "type": "MultiLineString", "coordinates": [ [ [ 80.016272, 7.0732068 ], [ 80.0161604, 7.0731063 ] ] ] } },
{ "type": "Feature", "properties": { "osm_id": "834166320", "code": 5112, "fclass": "trunk", "name": "Colombo - Kandy Road", "ref": "AA001", "oneway": "F", "maxspeed": 60, "layer": 0, "bridge": "F", "tunnel": "F" }, "geometry": { "type": "MultiLineString", "coordinates": [ [ [ 80.0935927, 7.1391604 ], [ 80.093435, 7.138763 ], [ 80.0933719, 7.1386197 ], [ 80.0933442, 7.1385447 ], [ 80.0930702, 7.1379506 ], [ 80.0929695, 7.1377765 ], [ 80.0927748, 7.1374961 ], [ 80.0925728, 7.1373016 ], [ 80.0923715, 7.137142 ], [ 80.0920615, 7.1369703 ], [ 80.090347, 7.1361067 ], [ 80.0898, 7.1358557 ], [ 80.0895498, 7.1357393 ] ] ] } },
{ "type": "Feature", "properties": { "osm_id": "834166321", "code": 5112, "fclass": "trunk", "name": "Colombo - Kandy Road", "ref": "AA001", "oneway": "F", "maxspeed": 60, "layer": 0, "bridge": "F", "tunnel": "F" }, "geometry": { "type": "MultiLineString", "coordinates": [ [ [ 80.0895498, 7.1357393 ], [ 80.0877023, 7.1347939 ], [ 80.087327, 7.1346305 ], [ 80.0867902, 7.1344626 ], [ 80.0855317, 7.1341821 ], [ 80.0845665, 7.1340136 ], [ 80.0835272, 7.1339202 ], [ 80.0826502, 7.1338782 ], [ 80.08246, 7.1338704 ], [ 80.0820414, 7.1338444 ], [ 80.0814876, 7.1338223 ], [ 80.0811741, 7.1337766 ], [ 80.080872, 7.1337282 ], [ 80.0806571, 7.1336686 ], [ 80.0802682, 7.133531 ], [ 80.0801201, 7.1334727 ], [ 80.0797464, 7.1333195 ], [ 80.0793655, 7.1331621 ], [ 80.0788119, 7.1329254 ], [ 80.0785733, 7.1327916 ], [ 80.0783192, 7.1326416 ], [ 80.0780843, 7.1324741 ], [ 80.0776624, 7.1321512 ], [ 80.0771837, 7.1317996 ], [ 80.0769476, 7.1316237 ], [ 80.076861, 7.1315559 ], [ 80.0765224, 7.1312794 ], [ 80.075811, 7.1306756 ], [ 80.0756877, 7.1305732 ], [ 80.0755647, 7.1304758 ], [ 80.0754196, 7.1303505 ], [ 80.0748867, 7.1299219 ], [ 80.0745235, 7.1296007 ], [ 80.0744743, 7.1295551 ], [ 80.0737627, 7.1288815 ], [ 80.0734881, 7.1286333 ], [ 80.0733299, 7.1284703 ], [ 80.0731675, 7.1283259 ], [ 80.0726041, 7.1277842 ], [ 80.0724451, 7.1276279 ], [ 80.0716957, 7.1269152 ], [ 80.0707516, 7.1260748 ], [ 80.0706858, 7.1260136 ], [ 80.0703184, 7.1256732 ], [ 80.0700064, 7.1253948 ], [ 80.0699735, 7.1253664 ], [ 80.0696452, 7.125042 ], [ 80.0695802, 7.1249822 ], [ 80.0689571, 7.1244202 ], [ 80.0685617, 7.1240636 ], [ 80.0681087, 7.1237163 ], [ 80.0677519, 7.1235168 ], [ 80.067286, 7.1232595 ], [ 80.067164, 7.1231934 ], [ 80.0661855, 7.1225859 ], [ 80.0652414, 7.1218978 ], [ 80.0643444, 7.1212876 ], [ 80.0639774, 7.12104 ], [ 80.0638255, 7.1209328 ], [ 80.0635448, 7.1207558 ], [ 80.0628674, 7.1203341 ], [ 80.0622554, 7.1199455 ], [ 80.0620169, 7.1198154 ], [ 80.0611536, 7.1193243 ], [ 80.0602548, 7.1187409 ], [ 80.0601493, 7.118673 ], [ 80.0596907, 7.1183873 ] ] ] } },
{ "type": "Feature", "properties": { "osm_id": "834969573", "code": 5112, "fclass": "trunk", "name": "Colombo - Kandy Road", "ref": "AA001", "oneway": "F", "maxspeed": 70, "layer": 0, "bridge": "F", "tunnel": "F" }, "geometry": { "type": "MultiLineString", "coordinates": [ [ [ 80.0084288, 7.0555388 ], [ 80.0084093, 7.0554882 ], [ 80.0083865, 7.055433 ], [ 80.0083617, 7.0553778 ], [ 80.0083342, 7.0553219 ], [ 80.0083007, 7.0552686 ], [ 80.0082725, 7.055226 ], [ 80.0082343, 7.0551735 ], [ 80.0081947, 7.0551249 ], [ 80.0081545, 7.0550816 ], [ 80.0080901, 7.0550184 ], [ 80.0080271, 7.0549612 ], [ 80.0079453, 7.0548973 ], [ 80.00784, 7.0548314 ], [ 80.0077388, 7.0547808 ], [ 80.0076496, 7.0547422 ], [ 80.0075798, 7.054713 ], [ 80.0074907, 7.0546757 ], [ 80.0073921, 7.0546398 ], [ 80.0072492, 7.0545803 ], [ 80.0071393, 7.054536 ], [ 80.0070493, 7.054495 ], [ 80.0069773, 7.0544588 ], [ 80.0068975, 7.0544143 ], [ 80.006816, 7.0543593 ], [ 80.0067516, 7.0543091 ], [ 80.0066937, 7.0542548 ], [ 80.0066, 7.0541718 ], [ 80.0064476, 7.0540273 ], [ 80.0063366, 7.0539239 ], [ 80.0062329, 7.0538325 ], [ 80.0061464, 7.0537653 ], [ 80.0060607, 7.0537054 ], [ 80.0059685, 7.0536439 ], [ 80.0058968, 7.053599 ], [ 80.0057914, 7.0535322 ], [ 80.0055769, 7.0533962 ], [ 80.0052414, 7.0531867 ], [ 80.0049108, 7.0529601 ], [ 80.0046291, 7.0527591 ], [ 80.0045076, 7.0526641 ], [ 80.0044486, 7.0526114 ], [ 80.0044008, 7.0525617 ], [ 80.0043567, 7.0525129 ], [ 80.0043211, 7.0524721 ], [ 80.004281, 7.0524228 ], [ 80.004237, 7.0523705 ], [ 80.004195, 7.0523197 ], [ 80.004102, 7.0521996 ], [ 80.004014, 7.0520811 ], [ 80.0038229, 7.0518195 ], [ 80.0036818, 7.0516202 ], [ 80.0036418, 7.0515637 ], [ 80.0035064, 7.0513776 ], [ 80.0034502, 7.0513095 ], [ 80.0033752, 7.0512265 ], [ 80.0032668, 7.0511161 ], [ 80.0031552, 7.0510056 ], [ 80.0029667, 7.050816 ], [ 80.0028431, 7.050688 ], [ 80.0027892, 7.0506304 ], [ 80.0027243, 7.0505608 ], [ 80.0026153, 7.0504385 ], [ 80.0024405, 7.0502377 ], [ 80.0023879, 7.0501777 ], [ 80.0023596, 7.0501487 ], [ 80.0023333, 7.0501217 ], [ 80.0022997, 7.0500896 ], [ 80.0022698, 7.0500644 ], [ 80.0022169, 7.0500196 ], [ 80.0021412, 7.0499566 ], [ 80.0020819, 7.0499119 ], [ 80.0020028, 7.0498523 ], [ 80.0018522, 7.049744 ], [ 80.0016935, 7.0496333 ], [ 80.0015748, 7.0495492 ], [ 80.0015426, 7.0495249 ], [ 80.0014675, 7.0494683 ], [ 80.0014081, 7.0494184 ], [ 80.0013447, 7.0493588 ], [ 80.0012674, 7.0492731 ], [ 80.001166, 7.0491372 ], [ 80.0010108, 7.0488849 ], [ 80.0008016, 7.0485523 ], [ 80.0006151, 7.0482492 ], [ 80.0004377, 7.0479811 ], [ 80.0002279, 7.0476515 ], [ 80.0000482, 7.0474027 ], [ 79.9997974, 7.0470812 ], [ 79.9996747, 7.0469501 ], [ 79.9995768, 7.0468576 ], [ 79.9994735, 7.0467698 ], [ 79.9993937, 7.0467145 ], [ 79.9993515, 7.0466879 ], [ 79.9993005, 7.0466553 ], [ 79.9992288, 7.0466154 ], [ 79.999153, 7.0465794 ], [ 79.9990799, 7.0465482 ], [ 79.9989948, 7.0465195 ], [ 79.9988767, 7.0464816 ], [ 79.9987621, 7.0464543 ], [ 79.9986461, 7.0464297 ], [ 79.9985167, 7.0463978 ], [ 79.9984308, 7.0463738 ], [ 79.9983631, 7.0463512 ], [ 79.9983034, 7.0463279 ], [ 79.9982424, 7.0463013 ], [ 79.9981727, 7.046268 ], [ 79.998123, 7.046242 ], [ 79.9980788, 7.0462181 ], [ 79.9980332, 7.0461921 ], [ 79.9980023, 7.0461744 ], [ 79.9979728, 7.0461575 ], [ 79.9979259, 7.0461289 ], [ 79.9978401, 7.0460683 ], [ 79.9977408, 7.0459892 ], [ 79.9976389, 7.045896 ], [ 79.9974619, 7.0457136 ], [ 79.9972728, 7.045526 ], [ 79.997081, 7.045317 ], [ 79.9969509, 7.0451653 ], [ 79.9968731, 7.0450601 ], [ 79.9968061, 7.044951 ], [ 79.9967591, 7.0448671 ], [ 79.9967276, 7.0448033 ], [ 79.9967028, 7.044746 ], [ 79.9966773, 7.0446841 ], [ 79.9966478, 7.044585 ], [ 79.996613, 7.0444645 ], [ 79.9965902, 7.0443587 ], [ 79.996564, 7.0442163 ], [ 79.9965426, 7.0441258 ], [ 79.9965271, 7.0440433 ], [ 79.996505, 7.0439754 ], [ 79.9964728, 7.0438815 ], [ 79.9964333, 7.0437884 ], [ 79.9964071, 7.0437305 ], [ 79.9963803, 7.0436839 ], [ 79.9963615, 7.043648 ], [ 79.996332, 7.0435974 ], [ 79.9962864, 7.0435328 ], [ 79.9962375, 7.043463 ], [ 79.9961386, 7.0433532 ], [ 79.9960893, 7.0432986 ], [ 79.9960088, 7.0432201 ], [ 79.9959263, 7.0431482 ], [ 79.9958512, 7.0430969 ], [ 79.9957466, 7.0430277 ], [ 79.9956527, 7.0429745 ], [ 79.9955729, 7.0429339 ], [ 79.9954878, 7.0428973 ], [ 79.9953631, 7.0428456 ], [ 79.9952235, 7.0427985 ], [ 79.9949815, 7.0427136 ], [ 79.9947924, 7.0426304 ], [ 79.9947026, 7.0425852 ], [ 79.9946404, 7.0425487 ], [ 79.9946335, 7.0425446 ], [ 79.9945879, 7.0425146 ], [ 79.9945383, 7.042476 ], [ 79.994498, 7.0424461 ], [ 79.9944538, 7.0424088 ], [ 79.9943961, 7.0423542 ], [ 79.9943284, 7.0422837 ], [ 79.9942707, 7.0422145 ], [ 79.9941936, 7.0421353 ], [ 79.9941453, 7.0420847 ], [ 79.994093, 7.0420395 ], [ 79.9940474, 7.0419982 ], [ 79.9939998, 7.0419536 ], [ 79.9939603, 7.041923 ], [ 79.9938966, 7.0418751 ], [ 79.9938087, 7.0418145 ], [ 79.993703, 7.0417514 ], [ 79.9935876, 7.0416924 ], [ 79.9934674, 7.0416295 ], [ 79.9932408, 7.0414991 ], [ 79.9931455, 7.0414299 ], [ 79.9930838, 7.0413753 ], [ 79.9930309, 7.0413281 ], [ 79.9929839, 7.0412761 ], [ 79.9929276, 7.0412156 ], [ 79.99288, 7.0411577 ], [ 79.992825, 7.0410885 ], [ 79.9927808, 7.0410312 ], [ 79.9927492, 7.040978 ], [ 79.9927258, 7.0409374 ], [ 79.992703, 7.0408968 ], [ 79.9926755, 7.0408422 ], [ 79.9926657, 7.0408208 ], [ 79.9926487, 7.0407837 ], [ 79.9926145, 7.0407045 ], [ 79.9925917, 7.0406293 ], [ 79.9925742, 7.0405667 ], [ 79.9925548, 7.0404869 ], [ 79.9925427, 7.040401 ], [ 79.9925352, 7.0403305 ], [ 79.9925289, 7.0402493 ], [ 79.9925239, 7.0401475 ], [ 79.9925255, 7.0398846 ], [ 79.9925207, 7.0392114 ], [ 79.9925199, 7.0390925 ], [ 79.992516, 7.038971 ], [ 79.992491, 7.0387672 ], [ 79.9924781, 7.0387005 ], [ 79.9924563, 7.0386213 ], [ 79.9924316, 7.038542 ], [ 79.992399, 7.0384608 ], [ 79.9923641, 7.0383825 ], [ 79.9923253, 7.0383042 ], [ 79.9922407, 7.0381457 ], [ 79.992181, 7.0380221 ], [ 79.992121, 7.0379 ], [ 79.992013, 7.0376579 ], [ 79.9919502, 7.0375015 ], [ 79.9918924, 7.037347 ], [ 79.9918412, 7.0371945 ], [ 79.9918031, 7.0370731 ], [ 79.9917679, 7.0369605 ], [ 79.9917487, 7.0368993 ], [ 79.9916855, 7.0366917 ], [ 79.9916145, 7.0364627 ], [ 79.9915507, 7.0362805 ], [ 79.9915167, 7.0361881 ], [ 79.9914811, 7.0361112 ], [ 79.9914515, 7.0360521 ], [ 79.9914286, 7.0360106 ], [ 79.9913974, 7.0359606 ], [ 79.9913295, 7.0358582 ], [ 79.9911932, 7.0356494 ], [ 79.9911246, 7.0355513 ], [ 79.9910184, 7.0353888 ], [ 79.9908814, 7.0351884 ], [ 79.9907537, 7.0350064 ], [ 79.9906985, 7.0349394 ], [ 79.9906701, 7.0349105 ], [ 79.9906425, 7.0348823 ] ] ] } },
{ "type": "Feature", "properties": { "osm_id": "441099716", "code": 5112, "fclass": "trunk", "name": "Colombo - Negombo Road", "ref": "AA003", "oneway": "F", "maxspeed": 60, "layer": 0, "bridge": "F", "tunnel": "F" }, "geometry": { "type": "MultiLineString", "coordinates": [ [ [ 79.8810701, 6.960072 ], [ 79.8810015, 6.9601706 ], [ 79.8809417, 6.960259 ], [ 79.8808644, 6.9603676 ], [ 79.8807958, 6.9604662 ], [ 79.8807272, 6.9605647 ] ] ] } },
{ "type": "Feature", "properties": { "osm_id": "1117027528", "code": 5112, "fclass": "trunk", "name": "Galle Road", "ref": "AA002", "oneway": "F", "maxspeed": 60, "layer": 0, "bridge": "F", "tunnel": "F" }, "geometry": { "type": "MultiLineString", "coordinates": [ [ [ 79.8599379, 6.8791771 ], [ 79.860005, 6.8789376 ], [ 79.8601117, 6.8785232 ], [ 79.8601853, 6.8782864 ], [ 79.8603121, 6.8778786 ], [ 79.8603702, 6.8777246 ], [ 79.8604268, 6.8775362 ], [ 79.8604564, 6.8774375 ], [ 79.8604756, 6.8773921 ], [ 79.8605098, 6.8772564 ], [ 79.8605404, 6.8771641 ], [ 79.8606402, 6.8768084 ], [ 79.8607178, 6.8765537 ], [ 79.8609865, 6.8756522 ], [ 79.8610076, 6.8755804 ] ] ] } },
{ "type": "Feature", "properties": { "osm_id": "1117027530", "code": 5112, "fclass": "trunk", "name": "Galle Road", "ref": "AA002", "oneway": "F", "maxspeed": 60, "layer": 0, "bridge": "F", "tunnel": "F" }, "geometry": { "type": "MultiLineString", "coordinates": [ [ [ 79.8610076, 6.8755804 ], [ 79.8610281, 6.8755177 ] ] ] } },
{ "type": "Feature", "properties": { "osm_id": "187034187", "code": 5113, "fclass": "primary", "name": "Maha Vidyala Mawatha", "ref": "AA001", "oneway": "F", "maxspeed": 60, "layer": 0, "bridge": "F", "tunnel": "F" }, "geometry": { "type": "MultiLineString", "coordinates": [ [ [ 79.8622258, 6.9425292 ], [ 79.8622834, 6.942606 ], [ 79.8640333, 6.9433191 ], [ 79.86404, 6.9433217 ], [ 79.864174, 6.9433827 ] ] ] } },
{ "type": "Feature", "properties": { "osm_id": "434965854", "code": 5112, "fclass": "trunk", "name": "Sirimavo Bandaranaike Mawatha (Prince of Wales Avenue)", "ref": "AA001", "oneway": "F", "maxspeed": 60, "layer": 0, "bridge": "F", "tunnel": "F" }, "geometry": { "type": "MultiLineString", "coordinates": [ [ [ 79.864267, 6.9434288 ], [ 79.8643228, 6.943457 ], [ 79.8643326, 6.9434619 ], [ 79.8643624, 6.9434759 ], [ 79.8644118, 6.9435088 ], [ 79.8645219, 6.9435674 ], [ 79.8646436, 6.9436158 ], [ 79.8655198, 6.9439679 ], [ 79.8663084, 6.9442921 ], [ 79.8663846, 6.9443234 ], [ 79.8664809, 6.9443817 ], [ 79.8665771, 6.9444478 ], [ 79.866666, 6.9445079 ], [ 79.8680764, 6.9457284 ], [ 79.8688156, 6.9464409 ], [ 79.8702417, 6.9476566 ], [ 79.8702668, 6.9476789 ], [ 79.871191, 6.9484838 ], [ 79.8712649, 6.9485467 ], [ 79.8722925, 6.9494201 ], [ 79.8728145, 6.9498794 ], [ 79.873082, 6.9501147 ], [ 79.8736497, 6.950603 ], [ 79.8737396, 6.9506735 ], [ 79.8738841, 6.9508047 ], [ 79.8739716, 6.9509024 ], [ 79.874028, 6.9509903 ], [ 79.8740802, 6.9511008 ], [ 79.8741111, 6.9511833 ] ] ] } },
{ "type": "Feature", "properties": { "osm_id": "190921397", "code": 5112, "fclass": "trunk", "name": "R. A. De Mel Mawatha", "ref": "AA002", "oneway": "F", "maxspeed": 60, "layer": 0, "bridge": "F", "tunnel": "F" }, "geometry": { "type": "MultiLineString", "coordinates": [ [ [ 79.855666, 6.8994803 ], [ 79.8558661, 6.8988578 ], [ 79.8558937, 6.898774 ], [ 79.855919, 6.8986973 ], [ 79.8561874, 6.8978839 ], [ 79.8564116, 6.8972411 ] ] ] } },
{ "type": "Feature", "properties": { "osm_id": "190918151", "code": 5112, "fclass": "trunk", "name": "High Level Road", "ref": "AA004", "oneway": "B", "maxspeed": 50, "layer": 0, "bridge": "F", "tunnel": "F" }, "geometry": { "type": "MultiLineString", "coordinates": [ [ [ 79.8993978, 6.8636621 ], [ 79.8995615, 6.8635864 ], [ 79.8996605, 6.8635429 ], [ 79.8998691, 6.8634655 ], [ 79.8999791, 6.86341 ], [ 79.9004438, 6.8632903 ], [ 79.9007428, 6.8632024 ], [ 79.9014385, 6.8629794 ], [ 79.9016067, 6.8629526 ] ] ] } },
{ "type": "Feature", "properties": { "osm_id": "1301754350", "code": 5112, "fclass": "trunk", "name": "R. A. De Mel Mawatha", "ref": "AA002", "oneway": "F", "maxspeed": 60, "layer": 0, "bridge": "F", "tunnel": "F" }, "geometry": { "type": "MultiLineString", "coordinates": [ [ [ 79.8612838, 6.8826719 ], [ 79.8613487, 6.8824439 ], [ 79.8614546, 6.8820716 ], [ 79.8616559, 6.8812194 ], [ 79.8617214, 6.8809411 ], [ 79.8619418, 6.8805825 ], [ 79.8619571, 6.8805575 ] ] ] } },
{ "type": "Feature", "properties": { "osm_id": "1107081457", "code": 5112, "fclass": "trunk", "name": "Colombo-Galle Main Rd", "ref": "AA002", "oneway": "F", "maxspeed": 60, "layer": 0, "bridge": "F", "tunnel": "F" }, "geometry": { "type": "MultiLineString", "coordinates": [ [ [ 79.9692223, 6.5592371 ], [ 79.9691539, 6.5593637 ], [ 79.9690345, 6.5605841 ], [ 79.968943, 6.5611121 ], [ 79.9689011, 6.5612844 ], [ 79.9688717, 6.5614202 ], [ 79.9687137, 6.5619701 ], [ 79.9685989, 6.5623613 ], [ 79.9682339, 6.5634659 ], [ 79.9679978, 6.564184 ], [ 79.9679495, 6.5643426 ], [ 79.9677373, 6.5650334 ], [ 79.9676119, 6.5654419 ], [ 79.967503, 6.5658054 ], [ 79.9673139, 6.5663517 ], [ 79.9672535, 6.5665249 ], [ 79.9672442, 6.5665609 ], [ 79.9671972, 6.5667047 ], [ 79.9669544, 6.5674135 ], [ 79.9668753, 6.567636 ], [ 79.9668035, 6.567834 ], [ 79.9667492, 6.5679638 ], [ 79.9666198, 6.5682702 ], [ 79.9665856, 6.5683501 ], [ 79.9665031, 6.568528 ], [ 79.9661586, 6.5693661 ], [ 79.9661175, 6.5694598 ], [ 79.9656788, 6.5703079 ], [ 79.9655933, 6.5704732 ], [ 79.9653773, 6.5708908 ], [ 79.9651882, 6.5712572 ], [ 79.9650963, 6.571451 ], [ 79.9648677, 6.5719327 ], [ 79.9644627, 6.5728732 ], [ 79.964228, 6.5734435 ], [ 79.963654, 6.5751089 ], [ 79.9632879, 6.576188 ], [ 79.9630347, 6.5770136 ], [ 79.9628735, 6.5775389 ], [ 79.9628577, 6.5775838 ], [ 79.9627216, 6.5780807 ], [ 79.962628, 6.5784342 ], [ 79.9625741, 6.5786955 ] ] ] } },
{ "type": "Feature", "properties": { "osm_id": "1107081455", "code": 5112, "fclass": "trunk", "name": null, "ref": "AA002", "oneway": "F", "maxspeed": 60, "layer": 0, "bridge": "F", "tunnel": "F" }, "geometry": { "type": "MultiLineString", "coordinates": [ [ [ 79.9625741, 6.5786955 ], [ 79.9627286, 6.5784609 ], [ 79.9628265, 6.5781345 ], [ 79.962917, 6.5778292 ], [ 79.9630037, 6.5775889 ], [ 79.9633511, 6.5762318 ], [ 79.9635413, 6.5756844 ], [ 79.9637341, 6.5751317 ], [ 79.9643047, 6.5734687 ], [ 79.964549, 6.5729117 ], [ 79.9649731, 6.5719535 ], [ 79.9651743, 6.5714834 ], [ 79.9653332, 6.5711471 ], [ 79.9654494, 6.570933 ], [ 79.9656625, 6.5705102 ], [ 79.9657489, 6.5703388 ], [ 79.9658964, 6.5700462 ], [ 79.966182, 6.5694795 ], [ 79.9662276, 6.569392 ], [ 79.9665843, 6.5685833 ], [ 79.9666756, 6.5683648 ], [ 79.966689, 6.5683366 ], [ 79.966823, 6.5680157 ], [ 79.9668693, 6.5679118 ], [ 79.9669665, 6.567652 ], [ 79.9670456, 6.5674255 ], [ 79.9671573, 6.5670971 ], [ 79.9672931, 6.5667114 ], [ 79.96734, 6.5665495 ], [ 79.9673979, 6.5663813 ], [ 79.9675867, 6.565829 ], [ 79.9676519, 6.5656092 ], [ 79.9676938, 6.565468 ], [ 79.9680219, 6.5643544 ], [ 79.9680698, 6.5642093 ], [ 79.9686908, 6.5623838 ], [ 79.9688026, 6.5619937 ], [ 79.9689567, 6.5614314 ], [ 79.9689929, 6.5613035 ], [ 79.9690278, 6.561137 ], [ 79.9691203, 6.5605894 ], [ 79.9692514, 6.5593801 ], [ 79.9692223, 6.5592371 ] ] ] } },
{ "type": "Feature", "properties": { "osm_id": "1107081456", "code": 5112, "fclass": "trunk", "name": null, "ref": "AA002", "oneway": "B", "maxspeed": 60, "layer": 0, "bridge": "F", "tunnel": "F" }, "geometry": { "type": "MultiLineString", "coordinates": [ [ [ 79.9596668, 6.587333 ], [ 79.9597292, 6.5868603 ], [ 79.9597608, 6.5866929 ], [ 79.9598125, 6.5865211 ], [ 79.9598735, 6.5864376 ], [ 79.9601982, 6.5860054 ], [ 79.9603602, 6.5857796 ], [ 79.9604836, 6.5856098 ], [ 79.9605747, 6.5854214 ], [ 79.9606295, 6.58529 ], [ 79.9607502, 6.5848536 ], [ 79.9607901, 6.584665 ], [ 79.9609266, 6.5841348 ], [ 79.9610163, 6.583825 ], [ 79.9610858, 6.5835367 ], [ 79.9612261, 6.5829928 ], [ 79.9613131, 6.5825588 ], [ 79.9613455, 6.582397 ], [ 79.9614091, 6.5821469 ], [ 79.9616624, 6.5811516 ], [ 79.9617384, 6.580907 ], [ 79.9617908, 6.5807596 ], [ 79.9620447, 6.5800143 ], [ 79.9625741, 6.5786955 ] ] ] } },
{ "type": "Feature", "properties": { "osm_id": "192096198", "code": 5112, "fclass": "trunk", "name": "Colombo - Negombo Road", "ref": "AA003", "oneway": "F", "maxspeed": 60, "layer": 0, "bridge": "F", "tunnel": "F" }, "geometry": { "type": "MultiLineString", "coordinates": [ [ [ 79.8908888, 7.0817335 ], [ 79.8909085, 7.0818291 ], [ 79.8910001, 7.0823279 ], [ 79.8910516, 7.0826661 ], [ 79.8910846, 7.0830941 ], [ 79.8910891, 7.0834894 ], [ 79.8910433, 7.0841062 ], [ 79.8909778, 7.0845174 ], [ 79.8909178, 7.0847613 ], [ 79.8909124, 7.0847834 ], [ 79.8908342, 7.0850879 ], [ 79.8904374, 7.0864346 ], [ 79.8903513, 7.0867301 ], [ 79.8903357, 7.0867754 ], [ 79.8903125, 7.0868324 ], [ 79.8903018, 7.086874 ], [ 79.8902314, 7.08709 ], [ 79.8901297, 7.0874869 ], [ 79.8899429, 7.0881526 ], [ 79.8897846, 7.0887167 ], [ 79.8896055, 7.08936 ], [ 79.8895144, 7.0896188 ], [ 79.8894869, 7.089687 ], [ 79.8894453, 7.0897802 ], [ 79.8893943, 7.089884 ], [ 79.8893286, 7.0900014 ], [ 79.8892133, 7.0901914 ], [ 79.8887306, 7.0909289 ], [ 79.8886642, 7.0910601 ], [ 79.8886091, 7.0911682 ], [ 79.8885903, 7.0912169 ], [ 79.8885564, 7.0913004 ], [ 79.8885186, 7.0914145 ], [ 79.8884971, 7.091485 ], [ 79.8884815, 7.0915531 ], [ 79.8884331, 7.0918598 ], [ 79.8883778, 7.0922875 ], [ 79.888363, 7.0923647 ], [ 79.8883362, 7.0924539 ], [ 79.8882962, 7.0925968 ] ] ] } },
{ "type": "Feature", "properties": { "osm_id": "522118304", "code": 5112, "fclass": "trunk", "name": "High Level Road", "ref": "AA004", "oneway": "B", "maxspeed": 60, "layer": 1, "bridge": "T", "tunnel": "F" }, "geometry": { "type": "MultiLineString", "coordinates": [ [ [ 80.127054, 6.9396081 ], [ 80.1275171, 6.939891 ] ] ] } },
{ "type": "Feature", "properties": { "osm_id": "522118305", "code": 5112, "fclass": "trunk", "name": "High Level Road", "ref": "AA004", "oneway": "B", "maxspeed": 60, "layer": 0, "bridge": "F", "tunnel": "F" }, "geometry": { "type": "MultiLineString", "coordinates": [ [ [ 80.1275171, 6.939891 ], [ 80.1277986, 6.9400681 ], [ 80.1279621, 6.9401653 ], [ 80.1286807, 6.940532 ], [ 80.1288973, 6.9406574 ], [ 80.1290955, 6.940834 ], [ 80.1293058, 6.9410055 ], [ 80.1294415, 6.9411598 ], [ 80.1295352, 6.9412555 ], [ 80.1296933, 6.9414576 ], [ 80.129866, 6.9416798 ], [ 80.1299909, 6.9418764 ], [ 80.1301229, 6.9422391 ], [ 80.1301995, 6.9425864 ], [ 80.1302845, 6.9426875 ], [ 80.1304213, 6.9427917 ], [ 80.1306463, 6.9428903 ], [ 80.1308999, 6.9429365 ], [ 80.1311155, 6.9429431 ], [ 80.1312633, 6.9429013 ], [ 80.1316683, 6.9427786 ], [ 80.132157, 6.9426811 ], [ 80.1324448, 6.9426432 ], [ 80.1325327, 6.9426116 ], [ 80.1327452, 6.9425352 ], [ 80.1328235, 6.9425082 ], [ 80.1328989, 6.9424382 ], [ 80.1331883, 6.9420376 ], [ 80.1335075, 6.9417793 ], [ 80.1336792, 6.9416036 ], [ 80.1337185, 6.941537 ], [ 80.1338248, 6.9412094 ], [ 80.1338884, 6.9411057 ], [ 80.1340004, 6.9409597 ], [ 80.1343685, 6.9406358 ], [ 80.1346164, 6.9405196 ], [ 80.1358262, 6.939979 ], [ 80.1362353, 6.9398303 ], [ 80.1363399, 6.9398437 ], [ 80.1365196, 6.9398942 ], [ 80.1366296, 6.9399555 ], [ 80.1368314, 6.9401731 ], [ 80.1369314, 6.9403283 ], [ 80.1370539, 6.9405235 ], [ 80.1371714, 6.940709 ], [ 80.1375696, 6.941585 ], [ 80.1378723, 6.9423456 ], [ 80.1380297, 6.942666 ], [ 80.1381618, 6.9427932 ], [ 80.1382631, 6.942839 ], [ 80.1386261, 6.942901 ], [ 80.1393601, 6.9429855 ], [ 80.1398496, 6.9431319 ], [ 80.1405215, 6.9433609 ], [ 80.1406864, 6.943383 ], [ 80.1408895, 6.9433411 ], [ 80.1425554, 6.9428385 ], [ 80.1427036, 6.9427703 ], [ 80.14304, 6.9425302 ], [ 80.1437098, 6.9416895 ] ] ] } },
{ "type": "Feature", "properties": { "osm_id": "522118757", "code": 5112, "fclass": "trunk", "name": "High Level Road", "ref": "AA004", "oneway": "B", "maxspeed": 60, "layer": 1, "bridge": "T", "tunnel": "F" }, "geometry": { "type": "MultiLineString", "coordinates": [ [ [ 80.1437098, 6.9416895 ], [ 80.1438528, 6.9415237 ] ] ] } },
{ "type": "Feature", "properties": { "osm_id": "522118758", "code": 5112, "fclass": "trunk", "name": "High Level Road", "ref": "AA004", "oneway": "B", "maxspeed": 60, "layer": 0, "bridge": "F", "tunnel": "F" }, "geometry": { "type": "MultiLineString", "coordinates": [ [ [ 80.1438528, 6.9415237 ], [ 80.1439688, 6.9414325 ], [ 80.1441921, 6.9413081 ], [ 80.144406, 6.9412755 ], [ 80.144571, 6.9412788 ], [ 80.145092, 6.9413473 ], [ 80.1457411, 6.9415157 ], [ 80.1461005, 6.9417048 ], [ 80.146468, 6.9419923 ], [ 80.1467094, 6.9420935 ], [ 80.1469696, 6.9421095 ], [ 80.1470661, 6.9420909 ], [ 80.147211, 6.9420137 ], [ 80.1480713, 6.9417101 ], [ 80.1481258, 6.9416858 ], [ 80.1488363, 6.9413906 ], [ 80.149559, 6.9412125 ], [ 80.1499233, 6.9411763 ], [ 80.1505637, 6.9411723 ], [ 80.1510357, 6.9412282 ], [ 80.1511993, 6.9412255 ], [ 80.1513503, 6.941196 ], [ 80.1518838, 6.9409735 ], [ 80.1530206, 6.9405279 ], [ 80.1539282, 6.9402559 ], [ 80.1544824, 6.9401152 ], [ 80.155338, 6.9399901 ], [ 80.1559334, 6.9398729 ], [ 80.1564197, 6.9397483 ], [ 80.157508, 6.9395337 ], [ 80.1577728, 6.9395195 ], [ 80.1581865, 6.9395454 ], [ 80.1590529, 6.9397505 ], [ 80.1600158, 6.940046 ], [ 80.1606139, 6.9402803 ], [ 80.1608527, 6.9403322 ], [ 80.1609465, 6.9403389 ], [ 80.1611289, 6.9402989 ], [ 80.1613638, 6.9401836 ], [ 80.1614808, 6.9401148 ], [ 80.1617525, 6.9399548 ], [ 80.1623654, 6.939596 ], [ 80.1629072, 6.9393165 ], [ 80.163836, 6.93903 ], [ 80.1643652, 6.9390037 ], [ 80.1649946, 6.9389418 ], [ 80.1655741, 6.9388408 ], [ 80.166092, 6.9387271 ], [ 80.1662305, 6.9386797 ], [ 80.1664718, 6.938507 ], [ 80.1669146, 6.938117 ], [ 80.1672691, 6.9378789 ], [ 80.1676264, 6.9376862 ], [ 80.1677018, 6.9376485 ], [ 80.1679538, 6.9375765 ], [ 80.1682784, 6.9375445 ], [ 80.1686995, 6.9374181 ], [ 80.1699185, 6.9370693 ], [ 80.1703577, 6.9370671 ], [ 80.1705934, 6.9370383 ], [ 80.1720712, 6.936431 ], [ 80.1722922, 6.936333 ], [ 80.1730808, 6.9360522 ], [ 80.173946, 6.9358368 ], [ 80.1743342, 6.9357756 ], [ 80.174513, 6.9357842 ], [ 80.1751947, 6.9359515 ], [ 80.175991, 6.9359403 ], [ 80.1766416, 6.9359214 ], [ 80.1771926, 6.9358015 ], [ 80.1773367, 6.9357774 ] ] ] } },
{ "type": "Feature", "properties": { "osm_id": "832443350", "code": 5112, "fclass": "trunk", "name": "Colombo - Kandy Road", "ref": "AA001", "oneway": "B", "maxspeed": 70, "layer": 0, "bridge": "F", "tunnel": "F" }, "geometry": { "type": "MultiLineString", "coordinates": [ [ [ 80.1241296, 7.1685206 ], [ 80.12412, 7.1686892 ], [ 80.1241393, 7.1688409 ], [ 80.124191, 7.1692461 ], [ 80.1245701, 7.1706285 ], [ 80.1252729, 7.1727882 ], [ 80.1257534, 7.1745167 ], [ 80.1258119, 7.1747273 ], [ 80.1259327, 7.1752076 ], [ 80.125993, 7.1754792 ], [ 80.1261073, 7.1756752 ], [ 80.1261878, 7.175805 ], [ 80.1262831, 7.1758961 ], [ 80.1271948, 7.1764587 ], [ 80.1278734, 7.1769923 ], [ 80.1284791, 7.1775332 ], [ 80.1288345, 7.1777697 ], [ 80.1288526, 7.1777818 ], [ 80.1293442, 7.1781089 ], [ 80.1301807, 7.1786137 ], [ 80.1302348, 7.1786395 ], [ 80.1304756, 7.1788797 ], [ 80.1305638, 7.1790905 ], [ 80.1305916, 7.179157 ], [ 80.1306268, 7.1794017 ], [ 80.1306563, 7.1802506 ], [ 80.1307585, 7.181187 ], [ 80.1307923, 7.1814968 ], [ 80.1309451, 7.1820293 ], [ 80.1311086, 7.1824367 ], [ 80.1312688, 7.1826543 ], [ 80.1316773, 7.1830806 ], [ 80.1323223, 7.1836333 ], [ 80.1325685, 7.1839016 ], [ 80.1330317, 7.1851913 ], [ 80.1331788, 7.1861516 ], [ 80.1332325, 7.1863028 ], [ 80.1332987, 7.1864587 ], [ 80.1334974, 7.1867048 ], [ 80.1337508, 7.186925 ], [ 80.1339272, 7.1869952 ], [ 80.1343266, 7.1870628 ], [ 80.1372196, 7.1874309 ], [ 80.1379887, 7.1874833 ], [ 80.1384374, 7.1874462 ], [ 80.1386091, 7.1874223 ], [ 80.1388505, 7.1873345 ], [ 80.1390865, 7.1872041 ], [ 80.1400414, 7.1861636 ], [ 80.1405215, 7.1857644 ], [ 80.1408058, 7.1854211 ], [ 80.1411116, 7.1844897 ], [ 80.1414346, 7.1839467 ], [ 80.1415526, 7.1836127 ], [ 80.1418386, 7.1823315 ], [ 80.1419029, 7.1821506 ], [ 80.1420102, 7.1819956 ], [ 80.1422075, 7.1818411 ], [ 80.1423026, 7.1817966 ], [ 80.1424706, 7.1817501 ], [ 80.1429704, 7.1817301 ], [ 80.1431188, 7.1817398 ], [ 80.1434881, 7.1817647 ], [ 80.1442767, 7.1819856 ], [ 80.1444832, 7.1820228 ], [ 80.1450653, 7.1819483 ], [ 80.1452328, 7.1819505 ], [ 80.1456335, 7.1820341 ], [ 80.1457969, 7.1820714 ], [ 80.146235, 7.1821753 ], [ 80.1464788, 7.1822331 ], [ 80.1467428, 7.1823189 ], [ 80.147297, 7.1824771 ], [ 80.1480567, 7.1827954 ], [ 80.1486387, 7.1829738 ], [ 80.1487041, 7.1830115 ], [ 80.1487754, 7.1831267 ], [ 80.1488052, 7.1832592 ], [ 80.1488005, 7.1835767 ], [ 80.1487431, 7.1840238 ], [ 80.1487277, 7.1841202 ], [ 80.1487017, 7.1842826 ], [ 80.1486924, 7.1845964 ], [ 80.1487288, 7.1848357 ], [ 80.14891164300326, 7.185695629025945 ] ], [ [ 80.152020116829974, 7.192677029318204 ], [ 80.1520048, 7.1927652 ], [ 80.1520278, 7.1929268 ], [ 80.1520749, 7.1930881 ], [ 80.1521463, 7.1932033 ], [ 80.1523493, 7.1935264 ], [ 80.1524013, 7.193686 ], [ 80.1524826, 7.1943448 ], [ 80.1525557, 7.1946273 ], [ 80.1530174, 7.1954177 ], [ 80.1531098, 7.1955685 ], [ 80.1531822, 7.1956868 ] ] ] } },
{ "type": "Feature", "properties": { "osm_id": "832443348", "code": 5112, "fclass": "trunk", "name": "Colombo - Kandy Road", "ref": "AA001", "oneway": "B", "maxspeed": 70, "layer": 0, "bridge": "F", "tunnel": "F" }, "geometry": { "type": "MultiLineString", "coordinates": [ [ [ 80.1234633, 7.1675345 ], [ 80.1235887, 7.1675856 ], [ 80.1238192, 7.1677429 ], [ 80.1238683, 7.1677886 ], [ 80.1239701, 7.1679199 ], [ 80.124087, 7.1682507 ], [ 80.1241296, 7.1685206 ] ] ] } },
{ "type": "Feature", "properties": { "osm_id": "832443349", "code": 5112, "fclass": "trunk", "name": "Colombo - Kandy Road", "ref": "AA001", "oneway": "B", "maxspeed": 70, "layer": 0, "bridge": "F", "tunnel": "F" }, "geometry": { "type": "MultiLineString", "coordinates": [ [ [ 80.0970024, 7.1465373 ], [ 80.0970783, 7.1466195 ], [ 80.0976241, 7.1471557 ], [ 80.0979408, 7.1474708 ], [ 80.0984653, 7.1479811 ], [ 80.0989877, 7.148563 ], [ 80.0998727, 7.1496511 ], [ 80.0999543, 7.1497497 ], [ 80.1002798, 7.1500482 ], [ 80.1010288, 7.1506491 ], [ 80.1018415, 7.1512639 ], [ 80.1025528, 7.1517464 ], [ 80.1025812, 7.1517657 ], [ 80.1032353, 7.1522182 ], [ 80.1034259, 7.1523305 ], [ 80.1037392, 7.1524863 ], [ 80.1038724, 7.1525284 ], [ 80.1047462, 7.1527782 ], [ 80.1049768, 7.1528953 ], [ 80.10639, 7.1538085 ], [ 80.1066049, 7.1539279 ], [ 80.106917, 7.1540337 ], [ 80.1073927, 7.1541638 ], [ 80.108157, 7.1543727 ], [ 80.1083327, 7.1544265 ], [ 80.1085192, 7.1545095 ], [ 80.1087259, 7.1546906 ], [ 80.1089008, 7.1548781 ], [ 80.1091702, 7.1552013 ], [ 80.1093341, 7.1553616 ], [ 80.1094401, 7.1554316 ], [ 80.1095044, 7.1554741 ], [ 80.1096208, 7.1555133 ], [ 80.1096724, 7.1555316 ], [ 80.1097108, 7.1555452 ], [ 80.1099374, 7.1555769 ], [ 80.1103734, 7.1555353 ], [ 80.1105531, 7.155538 ], [ 80.110808, 7.1555753 ], [ 80.1112398, 7.155695 ], [ 80.1116931, 7.1558041 ], [ 80.1120418, 7.155868 ], [ 80.1125085, 7.1559558 ], [ 80.1127204, 7.1559984 ], [ 80.1128867, 7.156041 ], [ 80.1133212, 7.156206 ], [ 80.1150069, 7.156895 ], [ 80.115067, 7.1569196 ], [ 80.1154321, 7.1570656 ], [ 80.1157335, 7.1571294 ], [ 80.1159789, 7.1571608 ], [ 80.116433, 7.1572523 ], [ 80.1167702, 7.1573492 ], [ 80.1172057, 7.1574849 ], [ 80.1174904, 7.1575834 ], [ 80.1179909, 7.1577895 ], [ 80.1181521, 7.1578762 ], [ 80.1182941, 7.1579759 ], [ 80.1184764, 7.1581328 ], [ 80.1185729, 7.1582419 ], [ 80.1186802, 7.1583936 ], [ 80.1187446, 7.1585293 ], [ 80.1187983, 7.1586837 ], [ 80.1188385, 7.158862 ], [ 80.1188438, 7.158995 ], [ 80.1188438, 7.159192 ], [ 80.1188278, 7.1594501 ], [ 80.1187875, 7.1596577 ], [ 80.1187339, 7.1599664 ], [ 80.1187178, 7.1600968 ], [ 80.11875, 7.1605146 ], [ 80.1188189, 7.1608675 ], [ 80.1188814, 7.1612678 ], [ 80.1189053, 7.1613877 ], [ 80.1189753, 7.1616297 ], [ 80.1190477, 7.1618479 ], [ 80.1191599, 7.1620762 ], [ 80.1192811, 7.1622591 ], [ 80.1194139, 7.1624424 ], [ 80.1196271, 7.1627129 ], [ 80.1198121, 7.1630003 ], [ 80.1198488, 7.163072 ], [ 80.1200669, 7.1634979 ], [ 80.1202011, 7.1637309 ], [ 80.1202976, 7.1638812 ], [ 80.1207187, 7.1644906 ], [ 80.1209306, 7.1648046 ], [ 80.121062, 7.1650149 ], [ 80.1211469, 7.1651429 ], [ 80.1212273, 7.1652642 ], [ 80.1212525, 7.1653023 ], [ 80.1213625, 7.1654954 ], [ 80.1216893, 7.1660564 ], [ 80.1217353, 7.1661353 ], [ 80.1219311, 7.1664253 ], [ 80.1219721, 7.1664793 ], [ 80.122039, 7.166561 ], [ 80.1220672, 7.1665965 ], [ 80.1221095, 7.1666503 ], [ 80.122142, 7.1666885 ], [ 80.1224407, 7.1670401 ], [ 80.1225534, 7.1671586 ], [ 80.1226047, 7.1672086 ], [ 80.1226588, 7.1672575 ], [ 80.1227652, 7.1673275 ], [ 80.1228833, 7.1673807 ], [ 80.1230734, 7.167433 ], [ 80.1234633, 7.1675345 ] ] ] } },
{ "type": "Feature", "properties": { "osm_id": "48859920", "code": 5112, "fclass": "trunk", "name": "High Level Road", "ref": "AA004", "oneway": "F", "maxspeed": 60, "layer": 0, "bridge": "F", "tunnel": "F" }, "geometry": { "type": "MultiLineString", "coordinates": [ [ [ 79.9308921, 6.844796 ], [ 79.931366, 6.8447961 ], [ 79.9317339, 6.8447773 ], [ 79.9319585, 6.8447739 ], [ 79.9320854, 6.844764 ], [ 79.9321739, 6.8447594 ], [ 79.9325343, 6.8447352 ], [ 79.9326484, 6.8447218 ], [ 79.9329945, 6.8446811 ], [ 79.9332784, 6.844649 ], [ 79.9335104, 6.8446455 ], [ 79.9337481, 6.8446503 ], [ 79.933876, 6.8446561 ], [ 79.934251, 6.8447297 ], [ 79.9343994, 6.8447738 ], [ 79.9346129, 6.8448502 ], [ 79.9350926, 6.845029 ], [ 79.9352584, 6.845099 ], [ 79.9354699, 6.8451734 ], [ 79.9357082, 6.8452719 ], [ 79.9359396, 6.8453621 ], [ 79.9361508, 6.8454309 ], [ 79.9363553, 6.8454742 ], [ 79.9365108, 6.845488 ], [ 79.936608, 6.8454984 ], [ 79.9370518, 6.8455483 ], [ 79.9374879, 6.8455836 ], [ 79.9376872, 6.8455835 ], [ 79.9378321, 6.8455617 ], [ 79.9380414, 6.8455375 ], [ 79.938146, 6.8455254 ], [ 79.9384315, 6.8454903 ], [ 79.9387354, 6.8454367 ], [ 79.9389823, 6.8453886 ], [ 79.9392735, 6.8453265 ], [ 79.9401217, 6.8451229 ], [ 79.9403123, 6.8450858 ], [ 79.9407046, 6.8450223 ], [ 79.9408098, 6.8450054 ], [ 79.9408901, 6.8449925 ], [ 79.9410358, 6.8449744 ], [ 79.9412258, 6.8449553 ], [ 79.9414451, 6.8449641 ], [ 79.9416796, 6.8449937 ], [ 79.9420374, 6.8450434 ], [ 79.9422091, 6.845068 ], [ 79.9424107, 6.8450969 ], [ 79.9428562, 6.8451716 ], [ 79.9432245, 6.8452484 ], [ 79.9433085, 6.8452659 ], [ 79.9438085, 6.8453784 ], [ 79.9445367, 6.8455707 ], [ 79.9455402, 6.8458213 ], [ 79.9461875, 6.845987 ], [ 79.9467306, 6.8461301 ], [ 79.9470036, 6.8462098 ], [ 79.9475407, 6.8463561 ], [ 79.9475834, 6.8463654 ] ] ] } },
{ "type": "Feature", "properties": { "osm_id": "48859919", "code": 5112, "fclass": "trunk", "name": "High Level Road", "ref": "AA004", "oneway": "B", "maxspeed": 50, "layer": 0, "bridge": "F", "tunnel": "F" }, "geometry": { "type": "MultiLineString", "coordinates": [ [ [ 79.9299152, 6.8451617 ], [ 79.9297996, 6.8452239 ], [ 79.9296039, 6.8453346 ], [ 79.9294712, 6.8454097 ], [ 79.9289744, 6.8457049 ], [ 79.927958, 6.8463124 ], [ 79.9276864, 6.8464737 ], [ 79.9276378, 6.8465057 ], [ 79.9275914, 6.8465352 ], [ 79.9268651, 6.8469973 ], [ 79.9268538, 6.8470045 ], [ 79.926654, 6.8471317 ], [ 79.9265804, 6.8471835 ], [ 79.9265478, 6.8472073 ], [ 79.9263968, 6.8473134 ], [ 79.9262676, 6.8474062 ], [ 79.9260011, 6.8476223 ], [ 79.9257726, 6.8478076 ], [ 79.9257199, 6.8478543 ], [ 79.9248562, 6.8486058 ], [ 79.9244796, 6.8490001 ] ] ] } },
{ "type": "Feature", "properties": { "osm_id": "390477974", "code": 5113, "fclass": "primary", "name": "Gampaha - Ja Ela Road", "ref": "AA033", "oneway": "B", "maxspeed": 50, "layer": 0, "bridge": "F", "tunnel": "F" }, "geometry": { "type": "MultiLineString", "coordinates": [ [ [ 79.9832978, 7.0935415 ], [ 79.983521, 7.0935225 ], [ 79.9846354, 7.0934179 ] ] ] } },
{ "type": "Feature", "properties": { "osm_id": "637093305", "code": 5112, "fclass": "trunk", "name": "Old Road", "ref": "AA004", "oneway": "F", "maxspeed": 50, "layer": 0, "bridge": "F", "tunnel": "F" }, "geometry": { "type": "MultiLineString", "coordinates": [ [ [ 79.9272323, 6.8472835 ], [ 79.927776, 6.8469247 ], [ 79.9278986, 6.8468396 ], [ 79.9279518, 6.8468098 ], [ 79.9280357, 6.846752 ], [ 79.9289779, 6.8461086 ], [ 79.9297437, 6.8454887 ], [ 79.9298976, 6.8453641 ], [ 79.9300863, 6.8451946 ] ] ] } },
{ "type": "Feature", "properties": { "osm_id": "390477973", "code": 5113, "fclass": "primary", "name": "Gampaha - Ja Ela Road", "ref": "AA033", "oneway": "B", "maxspeed": 50, "layer": 1, "bridge": "T", "tunnel": "F" }, "geometry": { "type": "MultiLineString", "coordinates": [ [ [ 79.9832206, 7.0935472 ], [ 79.9832669, 7.0935436 ] ] ] } },
{ "type": "Feature", "properties": { "osm_id": "48960694", "code": 5112, "fclass": "trunk", "name": "Colombo - Negombo Road", "ref": "AA003", "oneway": "F", "maxspeed": 60, "layer": 0, "bridge": "F", "tunnel": "F" }, "geometry": { "type": "MultiLineString", "coordinates": [ [ [ 79.8894417, 6.9863821 ], [ 79.8896196, 6.9866472 ], [ 79.8897715, 6.9868579 ], [ 79.8898957, 6.9870028 ], [ 79.8903011, 6.9874532 ], [ 79.8903488, 6.9875029 ], [ 79.8908187, 6.9879935 ], [ 79.8912292, 6.988422 ], [ 79.8914098, 6.9886263 ], [ 79.8916513, 6.9888904 ], [ 79.8920564, 6.9893333 ], [ 79.8921521, 6.989438 ], [ 79.8923918, 6.9897065 ], [ 79.8926938, 6.9900807 ], [ 79.8928154, 6.9902388 ], [ 79.8931669, 6.9906957 ], [ 79.8933898, 6.9909853 ], [ 79.8938227, 6.9915758 ], [ 79.8939724, 6.9917921 ], [ 79.8941181, 6.9920298 ], [ 79.8941791, 6.9921514 ], [ 79.8943311, 6.9924399 ], [ 79.8944116, 6.9926318 ], [ 79.8944781, 6.9928111 ], [ 79.8946194, 6.9931767 ], [ 79.8946614, 6.9932665 ], [ 79.8947923, 6.9935572 ], [ 79.8948214, 6.9936169 ], [ 79.8948538, 6.993674 ], [ 79.8949127, 6.9937703 ], [ 79.8949911, 6.9938732 ], [ 79.8950704, 6.9939666 ], [ 79.8951169, 6.9940151 ], [ 79.8951656, 6.9940599 ], [ 79.8952609, 6.9941456 ], [ 79.8954573, 6.9943134 ], [ 79.895716, 6.9945348 ], [ 79.8959774, 6.9947889 ] ] ] } },
{ "type": "Feature", "properties": { "osm_id": "1153265561", "code": 5112, "fclass": "trunk", "name": "Colombo - Kandy Road", "ref": "AA001", "oneway": "F", "maxspeed": 60, "layer": 0, "bridge": "F", "tunnel": "F" }, "geometry": { "type": "MultiLineString", "coordinates": [ [ [ 79.9011461, 6.967299 ], [ 79.9011192, 6.9672864 ], [ 79.9010821, 6.967272 ], [ 79.9010473, 6.9672573 ] ] ] } },
{ "type": "Feature", "properties": { "osm_id": "1153265562", "code": 5112, "fclass": "trunk", "name": "Colombo - Kandy Road", "ref": "AA001", "oneway": "F", "maxspeed": 60, "layer": 0, "bridge": "F", "tunnel": "F" }, "geometry": { "type": "MultiLineString", "coordinates": [ [ [ 79.9029906, 6.9678377 ], [ 79.9027537, 6.9678453 ], [ 79.9026624, 6.9678375 ], [ 79.9025715, 6.9678277 ], [ 79.9024867, 6.9678122 ], [ 79.902361, 6.9677753 ], [ 79.9023286, 6.9677658 ] ] ] } },
{ "type": "Feature", "properties": { "osm_id": "1153265563", "code": 5112, "fclass": "trunk", "name": "Colombo - Kandy Road", "ref": "AA001", "oneway": "F", "maxspeed": 60, "layer": 0, "bridge": "F", "tunnel": "F" }, "geometry": { "type": "MultiLineString", "coordinates": [ [ [ 79.9295162, 6.980549 ], [ 79.9291874, 6.9802025 ], [ 79.9290467, 6.9800542 ], [ 79.927819, 6.978721 ], [ 79.9275206, 6.9784057 ], [ 79.9273746, 6.9782617 ], [ 79.9273593, 6.9782466 ], [ 79.9273136, 6.9782016 ], [ 79.9272462, 6.9781352 ], [ 79.9270999, 6.977991 ], [ 79.9262872, 6.9772088 ], [ 79.9257864, 6.9767374 ] ] ] } },
{ "type": "Feature", "properties": { "osm_id": "625329104", "code": 5113, "fclass": "primary", "name": "Maha Vidyala Mawatha", "ref": "AA001", "oneway": "F", "maxspeed": 0, "layer": 0, "bridge": "F", "tunnel": "F" }, "geometry": { "type": "MultiLineString", "coordinates": [ [ [ 79.860338, 6.941813 ], [ 79.8600947, 6.9417242 ], [ 79.8598145, 6.9416423 ] ] ] } },
{ "type": "Feature", "properties": { "osm_id": "625329093", "code": 5113, "fclass": "primary", "name": "Maha Vidyala Mawatha", "ref": "AA001", "oneway": "B", "maxspeed": 60, "layer": 0, "bridge": "F", "tunnel": "F" }, "geometry": { "type": "MultiLineString", "coordinates": [ [ [ 79.8622258, 6.9425292 ], [ 79.8622014, 6.9425196 ], [ 79.8616069, 6.9422743 ], [ 79.8610191, 6.942041 ], [ 79.8604137, 6.9418385 ], [ 79.860338, 6.941813 ] ] ] } },
{ "type": "Feature", "properties": { "osm_id": "625329094", "code": 5113, "fclass": "primary", "name": "Maha Vidyala Mawatha", "ref": "AA001", "oneway": "F", "maxspeed": 0, "layer": 0, "bridge": "F", "tunnel": "F" }, "geometry": { "type": "MultiLineString", "coordinates": [ [ [ 79.8641937, 6.9432958 ], [ 79.8640592, 6.943242 ], [ 79.8623242, 6.9425347 ], [ 79.8622258, 6.9425292 ] ] ] } },
{ "type": "Feature", "properties": { "osm_id": "225052566", "code": 5112, "fclass": "trunk", "name": "Galle Road", "ref": "AA002", "oneway": "F", "maxspeed": 50, "layer": 0, "bridge": "F", "tunnel": "F" }, "geometry": { "type": "MultiLineString", "coordinates": [ [ [ 79.9270737, 6.6712669 ], [ 79.9271644, 6.6710938 ], [ 79.9274432, 6.6702967 ], [ 79.9275143, 6.6701441 ], [ 79.9275604, 6.6700507 ], [ 79.9279822, 6.6693626 ], [ 79.9282903, 6.6688567 ], [ 79.9284023, 6.6686728 ], [ 79.9286484, 6.6682172 ], [ 79.9287488, 6.668009 ], [ 79.9288907, 6.6676604 ], [ 79.9290644, 6.6671155 ], [ 79.9291809, 6.6667499 ], [ 79.9294108, 6.6662752 ] ] ] } },
{ "type": "Feature", "properties": { "osm_id": "225052570", "code": 5112, "fclass": "trunk", "name": "Galle Road", "ref": "AA002", "oneway": "B", "maxspeed": 50, "layer": 0, "bridge": "F", "tunnel": "F" }, "geometry": { "type": "MultiLineString", "coordinates": [ [ [ 79.9309242, 6.6630917 ], [ 79.9305924, 6.6638441 ], [ 79.9305544, 6.6639304 ], [ 79.9305171, 6.6640064 ], [ 79.9304667, 6.6640908 ], [ 79.9303073, 6.6644046 ] ] ] } },
{ "type": "Feature", "properties": { "osm_id": "224891953", "code": 5112, "fclass": "trunk", "name": "Galle Road", "ref": "AA002", "oneway": "B", "maxspeed": 70, "layer": 0, "bridge": "F", "tunnel": "F" }, "geometry": { "type": "MultiLineString", "coordinates": [ [ [ 79.9270737, 6.6712669 ], [ 79.9269055, 6.6718173 ], [ 79.9267862, 6.6720619 ], [ 79.926279, 6.6727832 ], [ 79.926014, 6.6731601 ], [ 79.9252983, 6.6739638 ], [ 79.9250726, 6.6743595 ], [ 79.9247253, 6.6749686 ], [ 79.9246383, 6.6751269 ], [ 79.9244479, 6.6754734 ], [ 79.9243394, 6.6756709 ], [ 79.9238776, 6.6765115 ], [ 79.9236087, 6.6770009 ], [ 79.9234371, 6.6773431 ], [ 79.9232197, 6.6778112 ], [ 79.9226393, 6.6791049 ], [ 79.9224116, 6.6795016 ], [ 79.9223097, 6.6796757 ], [ 79.9222841, 6.6797237 ] ] ] } },
{ "type": "Feature", "properties": { "osm_id": "452810081", "code": 5112, "fclass": "trunk", "name": "High Level Road", "ref": "AA004", "oneway": "B", "maxspeed": 60, "layer": 0, "bridge": "F", "tunnel": "F" }, "geometry": { "type": "MultiLineString", "coordinates": [ [ [ 80.1973737, 6.9440436 ], [ 80.1973991, 6.9441013 ], [ 80.1974367, 6.9442305 ], [ 80.1974807, 6.9445987 ], [ 80.197512, 6.9448135 ], [ 80.1976303, 6.9451632 ], [ 80.1979991, 6.9457292 ], [ 80.1994956, 6.9478937 ], [ 80.1998163, 6.9483798 ], [ 80.1999281, 6.9485499 ], [ 80.2002115, 6.9489313 ], [ 80.200224, 6.9489524 ], [ 80.2006042, 6.9495185 ], [ 80.2022821, 6.951861 ], [ 80.2026042, 6.9521774 ], [ 80.2028106, 6.9523364 ], [ 80.2035452, 6.9527958 ], [ 80.2037011, 6.9529354 ], [ 80.2038522, 6.9531099 ], [ 80.2039189, 6.9532378 ], [ 80.2042154, 6.9538061 ], [ 80.2045154, 6.9542037 ], [ 80.2045949, 6.9543007 ], [ 80.2047512, 6.9544283 ], [ 80.2049772, 6.9545969 ], [ 80.2051392, 6.9546808 ], [ 80.2053978, 6.9547879 ], [ 80.2055867, 6.9548351 ], [ 80.2062274, 6.9548307 ], [ 80.2063465, 6.9548487 ], [ 80.2068362, 6.9550024 ], [ 80.2070014, 6.9550273 ], [ 80.2073569, 6.9549844 ], [ 80.2076547, 6.9549035 ], [ 80.2083331, 6.9546632 ], [ 80.2092453, 6.9543905 ], [ 80.2100645, 6.9542524 ], [ 80.2101928, 6.9542228 ], [ 80.2103723, 6.9541452 ], [ 80.2106357, 6.953953 ] ] ] } },
{ "type": "Feature", "properties": { "osm_id": "452810082", "code": 5112, "fclass": "trunk", "name": "High Level Road", "ref": "AA004", "oneway": "B", "maxspeed": 60, "layer": 1, "bridge": "T", "tunnel": "F" }, "geometry": { "type": "MultiLineString", "coordinates": [ [ [ 80.1973097, 6.9438514 ], [ 80.1973737, 6.9440436 ] ] ] } },
{ "type": "Feature", "properties": { "osm_id": "225114190", "code": 5113, "fclass": "primary", "name": "Old Galle Road", "ref": "AA002", "oneway": "B", "maxspeed": 50, "layer": 0, "bridge": "F", "tunnel": "F" }, "geometry": { "type": "MultiLineString", "coordinates": [ [ [ 79.9053569, 6.7270083 ], [ 79.9053467, 6.7271479 ], [ 79.9052989, 6.727804 ], [ 79.9052697, 6.7280873 ], [ 79.9052207, 6.7286607 ], [ 79.9051827, 6.7290772 ], [ 79.9051582, 6.7293457 ], [ 79.9051185, 6.7296813 ], [ 79.9051086, 6.7297576 ], [ 79.9050701, 6.7300986 ], [ 79.9050015, 6.7305332 ], [ 79.9048934, 6.7311646 ], [ 79.9046522, 6.7325625 ], [ 79.9046391, 6.7326385 ], [ 79.9045836, 6.7330268 ], [ 79.9045414, 6.73341 ], [ 79.9044905, 6.7337706 ], [ 79.9044378, 6.7341441 ], [ 79.9043639, 6.7345476 ], [ 79.9043541, 6.7346845 ], [ 79.9042959, 6.7349997 ], [ 79.9041843, 6.7355043 ], [ 79.9041742, 6.7355496 ], [ 79.9039956, 6.7363028 ], [ 79.9039601, 6.7364267 ], [ 79.9039265, 6.7366457 ], [ 79.9039201, 6.7368018 ], [ 79.9038818, 6.7368401 ], [ 79.9037448, 6.7374918 ], [ 79.9037405, 6.7375121 ], [ 79.903628, 6.7380478 ], [ 79.9035285, 6.738424 ], [ 79.9034574, 6.7387084 ], [ 79.9034506, 6.7387358 ], [ 79.9034024, 6.7390439 ], [ 79.9033521, 6.7392923 ], [ 79.9032083, 6.7399496 ], [ 79.9032011, 6.7399882 ], [ 79.9030834, 6.740482 ], [ 79.9030565, 6.740621 ], [ 79.9028629, 6.7414131 ], [ 79.9028217, 6.7415665 ], [ 79.9027492, 6.7417446 ], [ 79.9027074, 6.7419977 ], [ 79.9026418, 6.7422512 ], [ 79.9025637, 6.742536 ], [ 79.9024666, 6.7429608 ], [ 79.9022111, 6.7438633 ], [ 79.9020645, 6.7443744 ], [ 79.9019838, 6.7446298 ], [ 79.9018306, 6.7451738 ], [ 79.9016905, 6.7456295 ], [ 79.9016601, 6.7457737 ], [ 79.9013221, 6.7469826 ], [ 79.9013127, 6.7470139 ], [ 79.9012055, 6.7473983 ], [ 79.9010189, 6.7480272 ], [ 79.9008497, 6.7485996 ], [ 79.9008413, 6.7486361 ], [ 79.9006548, 6.749258 ], [ 79.900606, 6.7494346 ], [ 79.9003839, 6.7501086 ], [ 79.9002137, 6.7507549 ], [ 79.9000328, 6.7514418 ], [ 79.8997683, 6.7524465 ], [ 79.8996349, 6.7529847 ], [ 79.8994925, 6.7535684 ], [ 79.8992627, 6.7545191 ], [ 79.8991523, 6.7549737 ], [ 79.8990859, 6.7552395 ], [ 79.8988394, 6.7563289 ], [ 79.8985969, 6.7573766 ], [ 79.8985789, 6.7574742 ], [ 79.8984838, 6.7578397 ], [ 79.8983822, 6.7582301 ], [ 79.8982443, 6.7586873 ], [ 79.8981032, 6.7591333 ] ] ] } },
{ "type": "Feature", "properties": { "osm_id": "225114147", "code": 5113, "fclass": "primary", "name": null, "ref": "AA002", "oneway": "F", "maxspeed": 60, "layer": 0, "bridge": "F", "tunnel": "F" }, "geometry": { "type": "MultiLineString", "coordinates": [ [ [ 79.9052671, 6.7268214 ], [ 79.9053569, 6.7270083 ] ] ] } },
{ "type": "Feature", "properties": { "osm_id": "225111260", "code": 5112, "fclass": "trunk", "name": "Galle Road", "ref": "AA002", "oneway": "F", "maxspeed": 50, "layer": 0, "bridge": "F", "tunnel": "F" }, "geometry": { "type": "MultiLineString", "coordinates": [ [ [ 79.9053695, 6.726644 ], [ 79.905449, 6.7265427 ], [ 79.9057028, 6.7262333 ], [ 79.9058822, 6.7260429 ], [ 79.906189, 6.7256894 ], [ 79.9063793, 6.7254805 ], [ 79.9065476, 6.7252674 ], [ 79.9066537, 6.7250986 ], [ 79.9068548, 6.7246155 ], [ 79.9069666, 6.7242487 ], [ 79.9070549, 6.723894 ], [ 79.9070989, 6.7237231 ], [ 79.9071376, 6.7235153 ], [ 79.9071566, 6.7234393 ], [ 79.9071954, 6.7232067 ], [ 79.9072312, 6.7229605 ], [ 79.9072574, 6.7226985 ], [ 79.9074081, 6.7213293 ], [ 79.9074194, 6.7211973 ], [ 79.9074455, 6.7208597 ], [ 79.9074953, 6.720286 ], [ 79.9075356, 6.719971 ], [ 79.9075557, 6.7198145 ], [ 79.9076993, 6.7191586 ], [ 79.9077584, 6.7184935 ], [ 79.9077775, 6.7183097 ], [ 79.9077911, 6.7181465 ], [ 79.9077725, 6.7174122 ], [ 79.9077343, 6.7169308 ], [ 79.9076594, 6.7161761 ], [ 79.9076181, 6.7157596 ], [ 79.9075988, 6.7155645 ], [ 79.9075986, 6.7143768 ], [ 79.9075876, 6.7141207 ], [ 79.9075746, 6.7133654 ], [ 79.9075711, 6.7129723 ], [ 79.9075364, 6.7125861 ], [ 79.9075384, 6.7125158 ], [ 79.9075375, 6.7124376 ] ] ] } },
{ "type": "Feature", "properties": { "osm_id": "225111262", "code": 5113, "fclass": "primary", "name": null, "ref": "AA002", "oneway": "F", "maxspeed": 60, "layer": 0, "bridge": "F", "tunnel": "F" }, "geometry": { "type": "MultiLineString", "coordinates": [ [ [ 79.9053569, 6.7270083 ], [ 79.9053539, 6.7267963 ] ] ] } },
{ "type": "Feature", "properties": { "osm_id": "225109134", "code": 5112, "fclass": "trunk", "name": "Horana Road", "ref": "AA008", "oneway": "F", "maxspeed": 50, "layer": 0, "bridge": "F", "tunnel": "F" }, "geometry": { "type": "MultiLineString", "coordinates": [ [ [ 79.9074265, 6.7124315 ], [ 79.9075375, 6.7124376 ], [ 79.9077125, 6.7124481 ], [ 79.9082103, 6.7124221 ], [ 79.9083631, 6.712387 ] ] ] } },
{ "type": "Feature", "properties": { "osm_id": "225107587", "code": 5112, "fclass": "trunk", "name": "Galle Road", "ref": "AA002", "oneway": "F", "maxspeed": 50, "layer": 0, "bridge": "F", "tunnel": "F" }, "geometry": { "type": "MultiLineString", "coordinates": [ [ [ 79.9074265, 6.7124315 ], [ 79.9074272, 6.7125194 ], [ 79.9074296, 6.7126025 ], [ 79.9074335, 6.7126651 ], [ 79.9074843, 6.7129774 ], [ 79.9074971, 6.7134851 ], [ 79.9075138, 6.7141152 ], [ 79.9075116, 6.7143757 ], [ 79.9075058, 6.7145137 ], [ 79.9075266, 6.7155723 ], [ 79.9075417, 6.7157482 ], [ 79.9076846, 6.7173853 ], [ 79.9076929, 6.718145 ], [ 79.9076967, 6.7183013 ], [ 79.9076862, 6.7184815 ], [ 79.9075991, 6.7192605 ], [ 79.9075221, 6.7196418 ], [ 79.9075006, 6.7198096 ], [ 79.9074711, 6.7199748 ], [ 79.9073772, 6.7208538 ], [ 79.907333, 6.7211881 ], [ 79.9073061, 6.7213639 ], [ 79.9071707, 6.7226958 ], [ 79.9071654, 6.7227572 ], [ 79.9071471, 6.7229548 ], [ 79.9071126, 6.7232078 ], [ 79.9070864, 6.7233721 ], [ 79.9070747, 6.7234277 ], [ 79.9070598, 6.7235267 ], [ 79.9070421, 6.7236544 ], [ 79.9069876, 6.7238608 ], [ 79.906901, 6.7241934 ], [ 79.9067883, 6.7245929 ], [ 79.9065741, 6.7250599 ], [ 79.9064734, 6.7252111 ], [ 79.9063202, 6.7254308 ], [ 79.9059497, 6.7258447 ], [ 79.9056362, 6.7261714 ], [ 79.9053943, 6.7264488 ], [ 79.9052666, 6.7266029 ] ] ] } },
{ "type": "Feature", "properties": { "osm_id": "225109124", "code": 5112, "fclass": "trunk", "name": "Galle Road", "ref": "AA002", "oneway": "F", "maxspeed": 50, "layer": 0, "bridge": "F", "tunnel": "F" }, "geometry": { "type": "MultiLineString", "coordinates": [ [ [ 79.9074313, 6.7115381 ], [ 79.9074356, 6.7123127 ], [ 79.9074265, 6.7124315 ] ] ] } },
{ "type": "Feature", "properties": { "osm_id": "225109130", "code": 5112, "fclass": "trunk", "name": "Horana Road", "ref": "AA008", "oneway": "F", "maxspeed": 50, "layer": 0, "bridge": "F", "tunnel": "F" }, "geometry": { "type": "MultiLineString", "coordinates": [ [ [ 79.9083631, 6.712387 ], [ 79.9082337, 6.7123353 ], [ 79.9080527, 6.7123373 ], [ 79.9078622, 6.7123368 ], [ 79.9077176, 6.7123325 ], [ 79.9075419, 6.7123243 ], [ 79.9074356, 6.7123127 ] ] ] } },
{ "type": "Feature", "properties": { "osm_id": "225191586", "code": 5112, "fclass": "trunk", "name": "Galle Road", "ref": "AA002", "oneway": "F", "maxspeed": 50, "layer": 0, "bridge": "F", "tunnel": "F" }, "geometry": { "type": "MultiLineString", "coordinates": [ [ [ 79.9077541, 6.709803 ], [ 79.907852, 6.7095339 ], [ 79.9079808, 6.7092979 ], [ 79.9080576, 6.7091094 ], [ 79.9080783, 6.7090472 ], [ 79.9081098, 6.7089644 ], [ 79.9082122, 6.708711 ], [ 79.9083144, 6.7083519 ], [ 79.908462, 6.7078708 ], [ 79.9086104, 6.7073941 ], [ 79.9087456, 6.7068626 ], [ 79.9090666, 6.7058341 ], [ 79.9093534, 6.7052062 ], [ 79.9095759, 6.7047247 ], [ 79.9096098, 6.7045928 ] ] ] } },
{ "type": "Feature", "properties": { "osm_id": "225192068", "code": 5112, "fclass": "trunk", "name": "Galle Road", "ref": "AA002", "oneway": "F", "maxspeed": 70, "layer": 0, "bridge": "F", "tunnel": "F" }, "geometry": { "type": "MultiLineString", "coordinates": [ [ [ 79.9198724, 6.6846436 ], [ 79.9197293, 6.6848202 ], [ 79.919226, 6.6858637 ], [ 79.9190023, 6.6863116 ], [ 79.9189348, 6.6864419 ], [ 79.9188128, 6.6866774 ], [ 79.9186053, 6.6870613 ], [ 79.9183314, 6.687568 ], [ 79.9180682, 6.6880749 ], [ 79.9177863, 6.688618 ], [ 79.9176066, 6.6889719 ], [ 79.9169347, 6.6904941 ], [ 79.9167124, 6.691016 ], [ 79.9165866, 6.6912573 ], [ 79.9163519, 6.691634 ], [ 79.9160247, 6.6921268 ], [ 79.9155698, 6.6929574 ], [ 79.9147198, 6.6942379 ], [ 79.9146768, 6.6943658 ], [ 79.9143442, 6.6947534 ], [ 79.9139741, 6.6955592 ], [ 79.9139041, 6.6957843 ], [ 79.9138105, 6.6959854 ], [ 79.9134095, 6.6968583 ], [ 79.9131348, 6.6977715 ], [ 79.9128859, 6.6985866 ], [ 79.9127933, 6.6988677 ], [ 79.9127481, 6.699005 ], [ 79.9125818, 6.6995099 ], [ 79.9125415, 6.6996117 ], [ 79.9122165, 6.700496 ], [ 79.9120233, 6.7008168 ], [ 79.9118215, 6.7010218 ], [ 79.9117348, 6.7010811 ], [ 79.9115551, 6.7012156 ], [ 79.9115428, 6.7012239 ], [ 79.9111035, 6.7015865 ], [ 79.910864, 6.7018552 ], [ 79.9107797, 6.7019641 ], [ 79.9104875, 6.7026232 ], [ 79.9103707, 6.7028866 ], [ 79.9103286, 6.7029816 ], [ 79.9101177, 6.7034964 ], [ 79.9098822, 6.7039958 ], [ 79.9095472, 6.7045545 ] ] ] } },
{ "type": "Feature", "properties": { "osm_id": "225129568", "code": 5112, "fclass": "trunk", "name": "Galle Road", "ref": "AA002", "oneway": "F", "maxspeed": 50, "layer": 0, "bridge": "F", "tunnel": "F" }, "geometry": { "type": "MultiLineString", "coordinates": [ [ [ 79.9303073, 6.6644046 ], [ 79.9300689, 6.6648004 ], [ 79.9296977, 6.6655275 ], [ 79.9294549, 6.6660074 ], [ 79.9294164, 6.6660815 ] ] ] } },
{ "type": "Feature", "properties": { "osm_id": "225129569", "code": 5112, "fclass": "trunk", "name": "Galle Road", "ref": "AA002", "oneway": "F", "maxspeed": 50, "layer": 0, "bridge": "F", "tunnel": "F" }, "geometry": { "type": "MultiLineString", "coordinates": [ [ [ 79.9294108, 6.6662752 ], [ 79.9294896, 6.6661256 ], [ 79.9295284, 6.666037 ], [ 79.9297621, 6.6655593 ], [ 79.9299234, 6.665247 ], [ 79.9300614, 6.6649752 ], [ 79.9301377, 6.6648248 ], [ 79.9303073, 6.6644046 ] ] ] } },
{ "type": "Feature", "properties": { "osm_id": "225129571", "code": 5112, "fclass": "trunk", "name": "Galle Road", "ref": "AA002", "oneway": "F", "maxspeed": 50, "layer": 0, "bridge": "F", "tunnel": "F" }, "geometry": { "type": "MultiLineString", "coordinates": [ [ [ 79.9294164, 6.6660815 ], [ 79.9293425, 6.6662244 ], [ 79.9292953, 6.6663183 ], [ 79.9291871, 6.6665492 ], [ 79.9290584, 6.6669116 ], [ 79.9287714, 6.6678093 ], [ 79.9285997, 6.668203 ], [ 79.9283616, 6.6686348 ], [ 79.9274948, 6.670024 ], [ 79.9274539, 6.6701233 ], [ 79.9273895, 6.670278 ], [ 79.9272641, 6.6706405 ], [ 79.9271141, 6.6710742 ], [ 79.9270737, 6.6712669 ] ] ] } },
{ "type": "Feature", "properties": { "osm_id": "1141512433", "code": 5112, "fclass": "trunk", "name": "Olcott Mawatha", "ref": "AA001", "oneway": "F", "maxspeed": 60, "layer": 0, "bridge": "F", "tunnel": "F" }, "geometry": { "type": "MultiLineString", "coordinates": [ [ [ 79.851246, 6.9344304 ], [ 79.8524264, 6.9348214 ], [ 79.8526052, 6.9348806 ], [ 79.8528721, 6.9349495 ], [ 79.8531389, 6.9350184 ], [ 79.853381, 6.9350344 ], [ 79.8536264, 6.9350111 ], [ 79.8536352, 6.9350086 ], [ 79.85378, 6.9349678 ], [ 79.8539355, 6.9349039 ] ] ] } },
{ "type": "Feature", "properties": { "osm_id": "1141512430", "code": 5112, "fclass": "trunk", "name": "Olcott Mawatha", "ref": "AA001", "oneway": "F", "maxspeed": 60, "layer": 0, "bridge": "F", "tunnel": "F" }, "geometry": { "type": "MultiLineString", "coordinates": [ [ [ 79.8512749, 6.9343286 ], [ 79.8511905, 6.934301 ], [ 79.8509457, 6.934221 ] ] ] } },
{ "type": "Feature", "properties": { "osm_id": "48678155", "code": 5112, "fclass": "trunk", "name": "High Level Road", "ref": "AA004", "oneway": "B", "maxspeed": 60, "layer": 0, "bridge": "F", "tunnel": "F" }, "geometry": { "type": "MultiLineString", "coordinates": [ [ [ 80.098348, 6.9176597 ], [ 80.0983957, 6.9178116 ], [ 80.098495, 6.9179782 ], [ 80.0986648, 6.9182394 ], [ 80.0987452, 6.9183601 ], [ 80.0990379, 6.9186862 ], [ 80.0992716, 6.9188795 ], [ 80.09944, 6.9189521 ], [ 80.0995272, 6.9189794 ], [ 80.0998213, 6.9190358 ], [ 80.10011, 6.9190069 ], [ 80.1004364, 6.9188226 ], [ 80.100898, 6.9184894 ], [ 80.1011544, 6.9183491 ], [ 80.1013626, 6.918331 ], [ 80.1019367, 6.9183484 ], [ 80.1022082, 6.9183846 ], [ 80.102887, 6.9186533 ], [ 80.1037701, 6.918999 ], [ 80.1044118, 6.9193372 ], [ 80.1049012, 6.919642 ], [ 80.1052699, 6.9199604 ], [ 80.1062346, 6.9209018 ], [ 80.1063158, 6.920989 ], [ 80.1066507, 6.9212909 ], [ 80.1071284, 6.9217407 ], [ 80.1080887, 6.9224838 ], [ 80.1081272, 6.9225096 ], [ 80.1093526, 6.9233334 ] ] ] } },
{ "type": "Feature", "properties": { "osm_id": "1145596370", "code": 5112, "fclass": "trunk", "name": "R. A. De Mel Mawatha", "ref": "AA002", "oneway": "F", "maxspeed": 60, "layer": 0, "bridge": "F", "tunnel": "F" }, "geometry": { "type": "MultiLineString", "coordinates": [ [ [ 79.8564116, 6.8972411 ], [ 79.8565407, 6.8968707 ], [ 79.8566766, 6.8964811 ], [ 79.8566987, 6.8964177 ], [ 79.8567681, 6.8961953 ], [ 79.85682, 6.8960291 ] ] ] } },
{ "type": "Feature", "properties": { "osm_id": "374662740", "code": 5112, "fclass": "trunk", "name": "Colombo - Kandy Road", "ref": "AA001", "oneway": "F", "maxspeed": 60, "layer": 0, "bridge": "F", "tunnel": "F" }, "geometry": { "type": "MultiLineString", "coordinates": [ [ [ 79.8998154, 6.9668556 ], [ 79.8996434, 6.9668028 ], [ 79.8995835, 6.9667844 ], [ 79.8993495, 6.9667071 ], [ 79.8992225, 6.9666545 ], [ 79.8990656, 6.966564 ], [ 79.898959, 6.9664865 ], [ 79.8987335, 6.966284 ], [ 79.8986218, 6.9661761 ], [ 79.8983433, 6.9659071 ] ] ] } },
{ "type": "Feature", "properties": { "osm_id": "374662403", "code": 5112, "fclass": "trunk", "name": "Colombo - Kandy Road", "ref": "AA001", "oneway": "F", "maxspeed": 60, "layer": 0, "bridge": "F", "tunnel": "F" }, "geometry": { "type": "MultiLineString", "coordinates": [ [ [ 79.9015551, 6.9679401 ], [ 79.9016228, 6.9679091 ], [ 79.9016754, 6.9678875 ], [ 79.9018008, 6.9678477 ], [ 79.9019536, 6.9678215 ], [ 79.9020486, 6.9678262 ], [ 79.9021644, 6.967832 ] ] ] } },
{ "type": "Feature", "properties": { "osm_id": "374662739", "code": 5112, "fclass": "trunk", "name": "Colombo - Kandy Road", "ref": "AA001", "oneway": "F", "maxspeed": 60, "layer": 0, "bridge": "F", "tunnel": "F" }, "geometry": { "type": "MultiLineString", "coordinates": [ [ [ 79.8997375, 6.966936 ], [ 79.8999979, 6.9670175 ], [ 79.9000605, 6.9670359 ], [ 79.9003202, 6.9671123 ], [ 79.9005241, 6.9671722 ], [ 79.9005626, 6.9671859 ], [ 79.9009991, 6.9673414 ], [ 79.9010278, 6.9673623 ], [ 79.9011185, 6.9674285 ], [ 79.9011721, 6.9674744 ], [ 79.9012527, 6.9675453 ], [ 79.9013195, 6.967602 ], [ 79.9013889, 6.9676705 ], [ 79.9014646, 6.9677684 ], [ 79.9014801, 6.9678042 ], [ 79.9015027, 6.9678565 ] ] ] } },
{ "type": "Feature", "properties": { "osm_id": "374662397", "code": 5112, "fclass": "trunk", "name": "Colombo - Kandy Road", "ref": "AA001", "oneway": "F", "maxspeed": 60, "layer": 0, "bridge": "F", "tunnel": "F" }, "geometry": { "type": "MultiLineString", "coordinates": [ [ [ 79.9016228, 6.9679091 ], [ 79.9015615, 6.9678265 ] ] ] } },
{ "type": "Feature", "properties": { "osm_id": "374662393", "code": 5112, "fclass": "trunk", "name": "Colombo - Kandy Road", "ref": "AA001", "oneway": "F", "maxspeed": 60, "layer": 0, "bridge": "F", "tunnel": "F" }, "geometry": { "type": "MultiLineString", "coordinates": [ [ [ 79.9010473, 6.9672573 ], [ 79.9007071, 6.9671302 ], [ 79.9005597, 6.9670752 ], [ 79.9000977, 6.9669394 ], [ 79.9000421, 6.9669231 ], [ 79.8998154, 6.9668556 ] ] ] } },
{ "type": "Feature", "properties": { "osm_id": "374662394", "code": 5112, "fclass": "trunk", "name": "Colombo - Kandy Road", "ref": "AA001", "oneway": "F", "maxspeed": 60, "layer": 0, "bridge": "F", "tunnel": "F" }, "geometry": { "type": "MultiLineString", "coordinates": [ [ [ 79.9021644, 6.967832 ], [ 79.902526, 6.9679099 ], [ 79.9026442, 6.9679285 ], [ 79.9027357, 6.9679323 ], [ 79.903022, 6.9679196 ] ] ] } },
{ "type": "Feature", "properties": { "osm_id": "48700239", "code": 5112, "fclass": "trunk", "name": null, "ref": "AA002", "oneway": "F", "maxspeed": 60, "layer": 0, "bridge": "F", "tunnel": "F" }, "geometry": { "type": "MultiLineString", "coordinates": [ [ [ 79.8509473, 6.9120473 ], [ 79.8512041, 6.9120675 ], [ 79.8513021, 6.9120513 ] ] ] } },
{ "type": "Feature", "properties": { "osm_id": "48701240", "code": 5112, "fclass": "trunk", "name": "Galle Road", "ref": "AA002", "oneway": "F", "maxspeed": 60, "layer": 0, "bridge": "F", "tunnel": "F" }, "geometry": { "type": "MultiLineString", "coordinates": [ [ [ 79.8692475, 6.8266974 ], [ 79.8692029, 6.8268071 ], [ 79.8690421, 6.8271946 ], [ 79.8690009, 6.8273031 ], [ 79.8689335, 6.8274688 ], [ 79.8689151, 6.8275184 ], [ 79.8688536, 6.8276844 ], [ 79.8687225, 6.8280307 ], [ 79.8686614, 6.8281841 ], [ 79.8684869, 6.8286227 ], [ 79.8684506, 6.8287075 ], [ 79.8681164, 6.8295393 ], [ 79.868051, 6.8297022 ], [ 79.8680088, 6.8298165 ], [ 79.8679025, 6.830104 ], [ 79.8678026, 6.8303742 ], [ 79.8677658, 6.8304817 ], [ 79.867697, 6.8306914 ], [ 79.8676676, 6.8308008 ], [ 79.8676598, 6.8308297 ], [ 79.8676245, 6.830961 ], [ 79.8675501, 6.8312386 ], [ 79.867499, 6.8314726 ], [ 79.867474, 6.8315998 ], [ 79.867439, 6.831778 ], [ 79.8673919, 6.8321057 ], [ 79.8673506, 6.8324035 ], [ 79.8673352, 6.8325615 ], [ 79.8673269, 6.8326457 ], [ 79.8673239, 6.8327924 ], [ 79.867322, 6.8328855 ], [ 79.8673075, 6.8331442 ], [ 79.8673081, 6.8331777 ], [ 79.8673126, 6.833433 ], [ 79.8673089, 6.833712 ], [ 79.8673107, 6.8339632 ], [ 79.8673133, 6.8342144 ], [ 79.8673092, 6.8345341 ], [ 79.8673192, 6.8350896 ], [ 79.8673183, 6.8351199 ], [ 79.8673105, 6.8356431 ], [ 79.8673283, 6.8360569 ], [ 79.867359, 6.8365714 ], [ 79.867395, 6.8371292 ], [ 79.8674111, 6.8373401 ], [ 79.867428, 6.8375622 ], [ 79.867438, 6.8376933 ], [ 79.8674589, 6.8380749 ], [ 79.8674671, 6.8382499 ], [ 79.8674751, 6.8384191 ], [ 79.8674851, 6.838669 ], [ 79.867489, 6.8388765 ], [ 79.8674851, 6.8389763 ], [ 79.8674808, 6.8390832 ], [ 79.8674793, 6.8391203 ], [ 79.867468, 6.8393073 ], [ 79.8674427, 6.8395742 ], [ 79.8674268, 6.8397466 ], [ 79.8673899, 6.8399792 ], [ 79.8673202, 6.8403626 ], [ 79.8672678, 6.8405826 ], [ 79.867214, 6.8407604 ], [ 79.8672044, 6.8407921 ], [ 79.8671631, 6.8409406 ], [ 79.8671287, 6.8410435 ], [ 79.86704, 6.8413086 ], [ 79.8669503, 6.8416541 ], [ 79.8668886, 6.8418436 ], [ 79.8668469, 6.8419713 ], [ 79.8668215, 6.8420649 ], [ 79.8668096, 6.8421019 ], [ 79.8665992, 6.8427545 ], [ 79.866483, 6.8431676 ], [ 79.8664274, 6.8433303 ], [ 79.8663799, 6.8436448 ], [ 79.8663407, 6.843972 ], [ 79.8663108, 6.8443201 ], [ 79.8662967, 6.8444843 ], [ 79.8662176, 6.8453306 ], [ 79.8661988, 6.8455321 ], [ 79.8661875, 6.8455768 ], [ 79.8660869, 6.8464235 ], [ 79.8660731, 6.846552 ], [ 79.8660419, 6.8468441 ], [ 79.8660277, 6.8470011 ], [ 79.86599, 6.8475171 ], [ 79.8659689, 6.8480744 ], [ 79.8659708, 6.8484964 ], [ 79.8659672, 6.8487417 ], [ 79.8659654, 6.8488504 ], [ 79.8659584, 6.8493938 ], [ 79.8659565, 6.8494796 ] ] ] } },
{ "type": "Feature", "properties": { "osm_id": "455043315", "code": 5112, "fclass": "trunk", "name": "Galle Road", "ref": "AA002", "oneway": "F", "maxspeed": 60, "layer": 0, "bridge": "F", "tunnel": "F" }, "geometry": { "type": "MultiLineString", "coordinates": [ [ [ 79.8476652, 6.9173793 ], [ 79.8475227, 6.91779 ], [ 79.8474375, 6.9180181 ], [ 79.847205, 6.918641 ] ] ] } },
{ "type": "Feature", "properties": { "osm_id": "455043325", "code": 5112, "fclass": "trunk", "name": "Galle Road", "ref": "AA002", "oneway": "F", "maxspeed": 60, "layer": 0, "bridge": "F", "tunnel": "F" }, "geometry": { "type": "MultiLineString", "coordinates": [ [ [ 79.847905, 6.9167035 ], [ 79.8478566, 6.9168453 ] ] ] } },
{ "type": "Feature", "properties": { "osm_id": "455043335", "code": 5112, "fclass": "trunk", "name": "Galle Road", "ref": "AA002", "oneway": "F", "maxspeed": 60, "layer": 0, "bridge": "F", "tunnel": "F" }, "geometry": { "type": "MultiLineString", "coordinates": [ [ [ 79.8479541, 6.9165611 ], [ 79.847905, 6.9167035 ] ] ] } },
{ "type": "Feature", "properties": { "osm_id": "23951718", "code": 5112, "fclass": "trunk", "name": "Dharmarama Road - AA0002", "ref": "AA002", "oneway": "F", "maxspeed": 60, "layer": 0, "bridge": "F", "tunnel": "F" }, "geometry": { "type": "MultiLineString", "coordinates": [ [ [ 79.8621184, 6.880272 ], [ 79.862179, 6.8801777 ], [ 79.8620999, 6.8801269 ], [ 79.8620096, 6.8800329 ], [ 79.8619965, 6.8800176 ], [ 79.8619272, 6.8799363 ], [ 79.8618754, 6.8798979 ], [ 79.8618216, 6.8798712 ], [ 79.861496, 6.8797833 ], [ 79.8611704, 6.8797013 ], [ 79.8605173, 6.8795566 ] ] ] } },
{ "type": "Feature", "properties": { "osm_id": "455043345", "code": 5112, "fclass": "trunk", "name": "Galle Road", "ref": "AA002", "oneway": "F", "maxspeed": 60, "layer": 0, "bridge": "F", "tunnel": "F" }, "geometry": { "type": "MultiLineString", "coordinates": [ [ [ 79.8481457, 6.9159674 ], [ 79.8481158, 6.9160572 ] ] ] } },
{ "type": "Feature", "properties": { "osm_id": "23825686", "code": 5112, "fclass": "trunk", "name": "Sri Sambuddhathva Jayanthi Mawatha", "ref": "AA004", "oneway": "B", "maxspeed": 50, "layer": 0, "bridge": "F", "tunnel": "F" }, "geometry": { "type": "MultiLineString", "coordinates": [ [ [ 79.8695284, 6.8822115 ], [ 79.8694743, 6.8822945 ], [ 79.8692391, 6.8825961 ], [ 79.8689615, 6.882892 ], [ 79.8686571, 6.8832489 ], [ 79.8685869, 6.8833312 ], [ 79.8685604, 6.8833623 ], [ 79.868268, 6.8837056 ], [ 79.868191, 6.8837984 ], [ 79.8681655, 6.883829 ] ] ] } },
{ "type": "Feature", "properties": { "osm_id": "455043276", "code": 5112, "fclass": "trunk", "name": "Galle Road", "ref": "AA002", "oneway": "F", "maxspeed": 60, "layer": 0, "bridge": "F", "tunnel": "F" }, "geometry": { "type": "MultiLineString", "coordinates": [ [ [ 79.8480364, 6.9165689 ], [ 79.8480857, 6.9164165 ], [ 79.8481496, 6.916229 ], [ 79.8481919, 6.9161129 ] ] ] } },
{ "type": "Feature", "properties": { "osm_id": "455043296", "code": 5112, "fclass": "trunk", "name": "Galle Road", "ref": "AA002", "oneway": "F", "maxspeed": 60, "layer": 0, "bridge": "F", "tunnel": "F" }, "geometry": { "type": "MultiLineString", "coordinates": [ [ [ 79.847985, 6.9167193 ], [ 79.8479897, 6.9167013 ], [ 79.8480364, 6.9165689 ] ] ] } },
{ "type": "Feature", "properties": { "osm_id": "455043305", "code": 5112, "fclass": "trunk", "name": "Galle Road", "ref": "AA002", "oneway": "F", "maxspeed": 60, "layer": 0, "bridge": "F", "tunnel": "F" }, "geometry": { "type": "MultiLineString", "coordinates": [ [ [ 79.8479362, 6.9168708 ], [ 79.847985, 6.9167193 ] ] ] } },
{ "type": "Feature", "properties": { "osm_id": "455043216", "code": 5112, "fclass": "trunk", "name": "Galle Road", "ref": "AA002", "oneway": "F", "maxspeed": 60, "layer": 0, "bridge": "F", "tunnel": "F" }, "geometry": { "type": "MultiLineString", "coordinates": [ [ [ 79.847837, 6.9171339 ], [ 79.8479285, 6.9168912 ], [ 79.8479362, 6.9168708 ] ] ] } },
{ "type": "Feature", "properties": { "osm_id": "455043231", "code": 5112, "fclass": "trunk", "name": "Galle Road", "ref": "AA002", "oneway": "F", "maxspeed": 60, "layer": 0, "bridge": "F", "tunnel": "F" }, "geometry": { "type": "MultiLineString", "coordinates": [ [ [ 79.8477798, 6.9172946 ], [ 79.847837, 6.9171339 ] ] ] } },
{ "type": "Feature", "properties": { "osm_id": "455043247", "code": 5112, "fclass": "trunk", "name": "Galle Road", "ref": "AA002", "oneway": "F", "maxspeed": 60, "layer": 0, "bridge": "F", "tunnel": "F" }, "geometry": { "type": "MultiLineString", "coordinates": [ [ [ 79.8475955, 6.9178083 ], [ 79.8477299, 6.9174392 ], [ 79.8477798, 6.9172946 ] ] ] } },
{ "type": "Feature", "properties": { "osm_id": "23825685", "code": 5112, "fclass": "trunk", "name": "H. Sri Nissanka Mawatha", "ref": "AA004", "oneway": "F", "maxspeed": 50, "layer": 0, "bridge": "F", "tunnel": "F" }, "geometry": { "type": "MultiLineString", "coordinates": [ [ [ 79.8716465, 6.8786303 ], [ 79.8718377, 6.8785905 ], [ 79.8719068, 6.8785634 ], [ 79.8720318, 6.8785304 ], [ 79.8724235, 6.8785383 ], [ 79.8726043, 6.8785695 ], [ 79.8727315, 6.8785914 ], [ 79.8728238, 6.8786078 ] ] ] } },
{ "type": "Feature", "properties": { "osm_id": "455043168", "code": 5112, "fclass": "trunk", "name": "Galle Road", "ref": "AA002", "oneway": "F", "maxspeed": 60, "layer": 0, "bridge": "F", "tunnel": "F" }, "geometry": { "type": "MultiLineString", "coordinates": [ [ [ 79.8477091, 6.9172719 ], [ 79.8476652, 6.9173793 ] ] ] } },
{ "type": "Feature", "properties": { "osm_id": "455043184", "code": 5112, "fclass": "trunk", "name": "Galle Road", "ref": "AA002", "oneway": "F", "maxspeed": 60, "layer": 0, "bridge": "F", "tunnel": "F" }, "geometry": { "type": "MultiLineString", "coordinates": [ [ [ 79.8477624, 6.9171234 ], [ 79.8477091, 6.9172719 ] ] ] } },
{ "type": "Feature", "properties": { "osm_id": "455043201", "code": 5112, "fclass": "trunk", "name": "Galle Road", "ref": "AA002", "oneway": "F", "maxspeed": 60, "layer": 0, "bridge": "F", "tunnel": "F" }, "geometry": { "type": "MultiLineString", "coordinates": [ [ [ 79.8478566, 6.9168453 ], [ 79.8478505, 6.9168633 ], [ 79.8477979, 6.9170186 ], [ 79.8477624, 6.9171234 ] ] ] } },
{ "type": "Feature", "properties": { "osm_id": "455043121", "code": 5112, "fclass": "trunk", "name": "Galle Road", "ref": "AA002", "oneway": "F", "maxspeed": 60, "layer": 0, "bridge": "F", "tunnel": "F" }, "geometry": { "type": "MultiLineString", "coordinates": [ [ [ 79.847264, 6.9187701 ], [ 79.8472976, 6.9186628 ] ] ] } },
{ "type": "Feature", "properties": { "osm_id": "455043132", "code": 5112, "fclass": "trunk", "name": "Galle Road", "ref": "AA002", "oneway": "F", "maxspeed": 60, "layer": 0, "bridge": "F", "tunnel": "F" }, "geometry": { "type": "MultiLineString", "coordinates": [ [ [ 79.8472422, 6.9188381 ], [ 79.847264, 6.9187701 ] ] ] } },
{ "type": "Feature", "properties": { "osm_id": "455043139", "code": 5112, "fclass": "trunk", "name": "Galle Road", "ref": "AA002", "oneway": "F", "maxspeed": 60, "layer": 0, "bridge": "F", "tunnel": "F" }, "geometry": { "type": "MultiLineString", "coordinates": [ [ [ 79.847172, 6.9187374 ], [ 79.8471512, 6.9188178 ] ] ] } },
{ "type": "Feature", "properties": { "osm_id": "455043149", "code": 5112, "fclass": "trunk", "name": "Galle Road", "ref": "AA002", "oneway": "F", "maxspeed": 60, "layer": 0, "bridge": "F", "tunnel": "F" }, "geometry": { "type": "MultiLineString", "coordinates": [ [ [ 79.847205, 6.918641 ], [ 79.847172, 6.9187374 ] ] ] } },
{ "type": "Feature", "properties": { "osm_id": "455043095", "code": 5112, "fclass": "trunk", "name": "Galle Road", "ref": "AA002", "oneway": "F", "maxspeed": 60, "layer": 0, "bridge": "F", "tunnel": "F" }, "geometry": { "type": "MultiLineString", "coordinates": [ [ [ 79.8491909, 6.9127027 ], [ 79.8491546, 6.9128148 ] ] ] } },
{ "type": "Feature", "properties": { "osm_id": "455043101", "code": 5112, "fclass": "trunk", "name": "Galle Road", "ref": "AA002", "oneway": "F", "maxspeed": 60, "layer": 0, "bridge": "F", "tunnel": "F" }, "geometry": { "type": "MultiLineString", "coordinates": [ [ [ 79.8492374, 6.912844 ], [ 79.849283, 6.9127006 ] ] ] } },
{ "type": "Feature", "properties": { "osm_id": "455043113", "code": 5112, "fclass": "trunk", "name": "Galle Road", "ref": "AA002", "oneway": "F", "maxspeed": 60, "layer": 0, "bridge": "F", "tunnel": "F" }, "geometry": { "type": "MultiLineString", "coordinates": [ [ [ 79.8472976, 6.9186628 ], [ 79.8473882, 6.9183992 ], [ 79.8475955, 6.9178083 ] ] ] } },
{ "type": "Feature", "properties": { "osm_id": "1148102166", "code": 5112, "fclass": "trunk", "name": "Galle Road", "ref": "AA002", "oneway": "F", "maxspeed": 70, "layer": 0, "bridge": "F", "tunnel": "F" }, "geometry": { "type": "MultiLineString", "coordinates": [ [ [ 79.8496592, 6.911246 ], [ 79.8496259, 6.9113485 ] ] ] } },
{ "type": "Feature", "properties": { "osm_id": "455043517", "code": 5112, "fclass": "trunk", "name": "Galle Road", "ref": "AA002", "oneway": "F", "maxspeed": 60, "layer": 0, "bridge": "F", "tunnel": "F" }, "geometry": { "type": "MultiLineString", "coordinates": [ [ [ 79.8492549, 6.9125037 ], [ 79.8492205, 6.9126091 ], [ 79.8491909, 6.9127027 ] ] ] } },
{ "type": "Feature", "properties": { "osm_id": "455043526", "code": 5112, "fclass": "trunk", "name": "Galle Road", "ref": "AA002", "oneway": "F", "maxspeed": 60, "layer": 0, "bridge": "F", "tunnel": "F" }, "geometry": { "type": "MultiLineString", "coordinates": [ [ [ 79.8496023, 6.911433 ], [ 79.8495349, 6.9116316 ], [ 79.8494608, 6.9118519 ], [ 79.849315, 6.9123138 ] ] ] } },
{ "type": "Feature", "properties": { "osm_id": "455043483", "code": 5112, "fclass": "trunk", "name": "Galle Road", "ref": "AA002", "oneway": "F", "maxspeed": 60, "layer": 0, "bridge": "F", "tunnel": "F" }, "geometry": { "type": "MultiLineString", "coordinates": [ [ [ 79.849283, 6.9127006 ], [ 79.8493027, 6.912636 ], [ 79.849336, 6.9125268 ] ] ] } },
{ "type": "Feature", "properties": { "osm_id": "455043491", "code": 5112, "fclass": "trunk", "name": "Galle Road", "ref": "AA002", "oneway": "F", "maxspeed": 60, "layer": 0, "bridge": "F", "tunnel": "F" }, "geometry": { "type": "MultiLineString", "coordinates": [ [ [ 79.8493909, 6.9123428 ], [ 79.849535, 6.9118769 ], [ 79.8495439, 6.9118516 ], [ 79.8495983, 6.911758 ], [ 79.8496678, 6.911706 ], [ 79.8497254, 6.9116968 ], [ 79.8497863, 6.9117027 ], [ 79.8497952, 6.9117045 ], [ 79.8500919, 6.9117641 ] ] ] } },
{ "type": "Feature", "properties": { "osm_id": "455043502", "code": 5112, "fclass": "trunk", "name": "Galle Road", "ref": "AA002", "oneway": "F", "maxspeed": 60, "layer": 0, "bridge": "F", "tunnel": "F" }, "geometry": { "type": "MultiLineString", "coordinates": [ [ [ 79.849336, 6.9125268 ], [ 79.8493909, 6.9123428 ] ] ] } },
{ "type": "Feature", "properties": { "osm_id": "455043509", "code": 5112, "fclass": "trunk", "name": "Galle Road", "ref": "AA002", "oneway": "F", "maxspeed": 60, "layer": 0, "bridge": "F", "tunnel": "F" }, "geometry": { "type": "MultiLineString", "coordinates": [ [ [ 79.849315, 6.9123138 ], [ 79.8492549, 6.9125037 ] ] ] } },
{ "type": "Feature", "properties": { "osm_id": "455043465", "code": 5112, "fclass": "trunk", "name": "Galle Road", "ref": "AA002", "oneway": "F", "maxspeed": 60, "layer": 0, "bridge": "F", "tunnel": "F" }, "geometry": { "type": "MultiLineString", "coordinates": [ [ [ 79.8491233, 6.9129113 ], [ 79.8490658, 6.9130899 ] ] ] } },
{ "type": "Feature", "properties": { "osm_id": "455043468", "code": 5112, "fclass": "trunk", "name": "Galle Road", "ref": "AA002", "oneway": "F", "maxspeed": 60, "layer": 0, "bridge": "F", "tunnel": "F" }, "geometry": { "type": "MultiLineString", "coordinates": [ [ [ 79.849141, 6.9131167 ], [ 79.8491896, 6.9129776 ] ] ] } },
{ "type": "Feature", "properties": { "osm_id": "455043472", "code": 5112, "fclass": "trunk", "name": "Galle Road", "ref": "AA002", "oneway": "F", "maxspeed": 60, "layer": 0, "bridge": "F", "tunnel": "F" }, "geometry": { "type": "MultiLineString", "coordinates": [ [ [ 79.8491546, 6.9128148 ], [ 79.8491461, 6.9128403 ], [ 79.8491233, 6.9129113 ] ] ] } },
{ "type": "Feature", "properties": { "osm_id": "455043478", "code": 5112, "fclass": "trunk", "name": "Galle Road", "ref": "AA002", "oneway": "F", "maxspeed": 60, "layer": 0, "bridge": "F", "tunnel": "F" }, "geometry": { "type": "MultiLineString", "coordinates": [ [ [ 79.8491896, 6.9129776 ], [ 79.8492192, 6.9128948 ], [ 79.8492374, 6.912844 ] ] ] } },
{ "type": "Feature", "properties": { "osm_id": "24791921", "code": 5112, "fclass": "trunk", "name": "Galle Road", "ref": "AA002", "oneway": "F", "maxspeed": 60, "layer": 0, "bridge": "F", "tunnel": "F" }, "geometry": { "type": "MultiLineString", "coordinates": [ [ [ 79.8610281, 6.8755177 ], [ 79.8610632, 6.8754089 ], [ 79.8612399, 6.8747948 ], [ 79.8613255, 6.8745612 ], [ 79.861376, 6.8744088 ], [ 79.8614342, 6.8741988 ], [ 79.8614589, 6.8741006 ], [ 79.8615292, 6.8737835 ], [ 79.8615541, 6.8736994 ], [ 79.8615657, 6.8736462 ], [ 79.8615858, 6.8735418 ], [ 79.8616307, 6.8733092 ], [ 79.8617031, 6.8729314 ], [ 79.8618099, 6.8723714 ], [ 79.8618305, 6.8722715 ], [ 79.8618977, 6.8719133 ], [ 79.8619495, 6.8715923 ], [ 79.8619967, 6.8713427 ], [ 79.8620216, 6.8712108 ], [ 79.8620496, 6.8710767 ], [ 79.8621013, 6.870771 ], [ 79.8621403, 6.8705311 ], [ 79.8621672, 6.8703491 ], [ 79.8621949, 6.8701886 ], [ 79.8622397, 6.8699317 ], [ 79.8622559, 6.8698349 ], [ 79.8622784, 6.8696941 ], [ 79.8622935, 6.869611 ], [ 79.8623526, 6.869308 ], [ 79.8623806, 6.8691648 ], [ 79.8624467, 6.868858 ], [ 79.8625044, 6.8685089 ], [ 79.8625509, 6.8682933 ], [ 79.8625735, 6.868206 ], [ 79.8626844, 6.8676731 ], [ 79.8628586, 6.8669272 ], [ 79.862919, 6.8666644 ], [ 79.8630055, 6.8663098 ], [ 79.863037, 6.8661643 ], [ 79.8630717, 6.8660044 ], [ 79.8631121, 6.865842 ], [ 79.8632283, 6.8653393 ], [ 79.8632453, 6.8652558 ], [ 79.8633987, 6.8645041 ], [ 79.8634302, 6.8643734 ], [ 79.8635598, 6.8637444 ], [ 79.8636298, 6.8634939 ] ] ] } },
{ "type": "Feature", "properties": { "osm_id": "455043449", "code": 5112, "fclass": "trunk", "name": "Galle Road", "ref": "AA002", "oneway": "F", "maxspeed": 60, "layer": 0, "bridge": "F", "tunnel": "F" }, "geometry": { "type": "MultiLineString", "coordinates": [ [ [ 79.8487391, 6.9141184 ], [ 79.8486607, 6.9143618 ] ] ] } },
{ "type": "Feature", "properties": { "osm_id": "455043456", "code": 5112, "fclass": "trunk", "name": "Galle Road", "ref": "AA002", "oneway": "F", "maxspeed": 60, "layer": 0, "bridge": "F", "tunnel": "F" }, "geometry": { "type": "MultiLineString", "coordinates": [ [ [ 79.8487886, 6.9139523 ], [ 79.8487391, 6.9141184 ] ] ] } },
{ "type": "Feature", "properties": { "osm_id": "455043461", "code": 5112, "fclass": "trunk", "name": "Galle Road", "ref": "AA002", "oneway": "F", "maxspeed": 60, "layer": 0, "bridge": "F", "tunnel": "F" }, "geometry": { "type": "MultiLineString", "coordinates": [ [ [ 79.8490658, 6.9130899 ], [ 79.8487886, 6.9139523 ] ] ] } },
{ "type": "Feature", "properties": { "osm_id": "455043409", "code": 5112, "fclass": "trunk", "name": "Galle Road", "ref": "AA002", "oneway": "F", "maxspeed": 60, "layer": 0, "bridge": "F", "tunnel": "F" }, "geometry": { "type": "MultiLineString", "coordinates": [ [ [ 79.8481919, 6.9161129 ], [ 79.84823, 6.9159941 ] ] ] } },
{ "type": "Feature", "properties": { "osm_id": "455043419", "code": 5112, "fclass": "trunk", "name": "Galle Road", "ref": "AA002", "oneway": "F", "maxspeed": 60, "layer": 0, "bridge": "F", "tunnel": "F" }, "geometry": { "type": "MultiLineString", "coordinates": [ [ [ 79.8488676, 6.9139882 ], [ 79.8489706, 6.9136399 ], [ 79.8490755, 6.9133187 ], [ 79.849141, 6.9131167 ] ] ] } },
{ "type": "Feature", "properties": { "osm_id": "24791907", "code": 5112, "fclass": "trunk", "name": "Galle Road", "ref": "AA002", "oneway": "F", "maxspeed": 60, "layer": 0, "bridge": "F", "tunnel": "F" }, "geometry": { "type": "MultiLineString", "coordinates": [ [ [ 79.8598221, 6.8793914 ], [ 79.8597879, 6.8795053 ] ] ] } },
{ "type": "Feature", "properties": { "osm_id": "455043430", "code": 5112, "fclass": "trunk", "name": "Galle Road", "ref": "AA002", "oneway": "F", "maxspeed": 60, "layer": 0, "bridge": "F", "tunnel": "F" }, "geometry": { "type": "MultiLineString", "coordinates": [ [ [ 79.8488147, 6.9141358 ], [ 79.8488676, 6.9139882 ] ] ] } },
{ "type": "Feature", "properties": { "osm_id": "24791916", "code": 5112, "fclass": "trunk", "name": "Galle Road", "ref": "AA002", "oneway": "F", "maxspeed": 60, "layer": 0, "bridge": "F", "tunnel": "F" }, "geometry": { "type": "MultiLineString", "coordinates": [ [ [ 79.8596806, 6.8798722 ], [ 79.8596043, 6.8801246 ], [ 79.8595617, 6.8802656 ], [ 79.859519, 6.8804065 ], [ 79.8594856, 6.880517 ], [ 79.8593996, 6.8808015 ], [ 79.8593906, 6.8808312 ], [ 79.8593411, 6.880995 ], [ 79.8593211, 6.8810613 ], [ 79.859222, 6.8813891 ], [ 79.8591831, 6.8815176 ], [ 79.8591626, 6.8815852 ], [ 79.8590912, 6.881822 ], [ 79.8589997, 6.8821241 ], [ 79.858977, 6.8821993 ], [ 79.8588402, 6.8826517 ], [ 79.8588074, 6.88276 ], [ 79.8586953, 6.8831308 ], [ 79.8585618, 6.8835836 ], [ 79.8585509, 6.8836373 ], [ 79.8585341, 6.8836995 ], [ 79.8584362, 6.8840616 ], [ 79.8583996, 6.8841912 ], [ 79.8583245, 6.8844302 ], [ 79.8582762, 6.8845839 ], [ 79.8582352, 6.8847093 ], [ 79.8582055, 6.8848089 ], [ 79.8581421, 6.8850107 ], [ 79.8580688, 6.8852735 ], [ 79.8578625, 6.8860165 ], [ 79.8578188, 6.8861708 ], [ 79.8578017, 6.8862313 ], [ 79.8577032, 6.8866202 ], [ 79.857647, 6.8868117 ], [ 79.8576107, 6.8869336 ] ] ] } },
{ "type": "Feature", "properties": { "osm_id": "455043440", "code": 5112, "fclass": "trunk", "name": "Galle Road", "ref": "AA002", "oneway": "F", "maxspeed": 60, "layer": 0, "bridge": "F", "tunnel": "F" }, "geometry": { "type": "MultiLineString", "coordinates": [ [ [ 79.8487327, 6.9143904 ], [ 79.8488147, 6.9141358 ] ] ] } },
{ "type": "Feature", "properties": { "osm_id": "455043356", "code": 5112, "fclass": "trunk", "name": "Galle Road", "ref": "AA002", "oneway": "F", "maxspeed": 60, "layer": 0, "bridge": "F", "tunnel": "F" }, "geometry": { "type": "MultiLineString", "coordinates": [ [ [ 79.8482162, 6.9157557 ], [ 79.8481457, 6.9159674 ] ] ] } },
{ "type": "Feature", "properties": { "osm_id": "455043369", "code": 5112, "fclass": "trunk", "name": "Galle Road", "ref": "AA002", "oneway": "F", "maxspeed": 60, "layer": 0, "bridge": "F", "tunnel": "F" }, "geometry": { "type": "MultiLineString", "coordinates": [ [ [ 79.8486607, 6.9143618 ], [ 79.8485938, 6.9145718 ], [ 79.8485399, 6.9147408 ], [ 79.8483129, 6.9154524 ], [ 79.8482162, 6.9157557 ] ] ] } },
{ "type": "Feature", "properties": { "osm_id": "455043385", "code": 5112, "fclass": "trunk", "name": "Galle Road", "ref": "AA002", "oneway": "F", "maxspeed": 60, "layer": 0, "bridge": "F", "tunnel": "F" }, "geometry": { "type": "MultiLineString", "coordinates": [ [ [ 79.8482905, 6.9157815 ], [ 79.8484458, 6.9152912 ], [ 79.8486026, 6.9148039 ], [ 79.8486711, 6.9145884 ], [ 79.8487327, 6.9143904 ] ] ] } },
{ "type": "Feature", "properties": { "osm_id": "455043397", "code": 5112, "fclass": "trunk", "name": "Galle Road", "ref": "AA002", "oneway": "F", "maxspeed": 60, "layer": 0, "bridge": "F", "tunnel": "F" }, "geometry": { "type": "MultiLineString", "coordinates": [ [ [ 79.84823, 6.9159941 ], [ 79.8482905, 6.9157815 ] ] ] } },
{ "type": "Feature", "properties": { "osm_id": "867023194", "code": 5112, "fclass": "trunk", "name": "Colombo - Chillaw Road", "ref": "AA003", "oneway": "F", "maxspeed": 60, "layer": 0, "bridge": "F", "tunnel": "F" }, "geometry": { "type": "MultiLineString", "coordinates": [ [ [ 79.8635526, 7.2697715 ], [ 79.8635023, 7.2696804 ], [ 79.863452, 7.2695986 ], [ 79.8633451, 7.2694563 ], [ 79.8632869, 7.2693863 ], [ 79.8632053, 7.2692979 ], [ 79.8628901, 7.2690248 ], [ 79.862335, 7.2685524 ], [ 79.8619767, 7.2682792 ], [ 79.8615941, 7.2679789 ], [ 79.8611722, 7.2676478 ], [ 79.8611144, 7.2676017 ], [ 79.8609701, 7.2674817 ], [ 79.8609092, 7.2674164 ], [ 79.8608642, 7.267361 ], [ 79.860835, 7.2673064 ], [ 79.8608123, 7.2672671 ], [ 79.8607882, 7.2672202 ], [ 79.8607708, 7.2671749 ], [ 79.8607567, 7.2671192 ], [ 79.8607299, 7.2669535 ], [ 79.8607139, 7.2668348 ], [ 79.8606931, 7.2667133 ], [ 79.8606791, 7.2666273 ], [ 79.8606633, 7.2665562 ], [ 79.8606408, 7.2664923 ], [ 79.8606274, 7.2664561 ], [ 79.8606141, 7.2664329 ], [ 79.8605857, 7.2663874 ], [ 79.8605479, 7.2663366 ], [ 79.8605076, 7.26629 ], [ 79.860435, 7.2662266 ], [ 79.8603584, 7.266179 ], [ 79.8599321, 7.2659484 ], [ 79.8598679, 7.2659139 ], [ 79.8598106, 7.2658634 ], [ 79.8597185, 7.2657663 ], [ 79.8596736, 7.265711 ], [ 79.8596192, 7.2656379 ], [ 79.8595716, 7.2655596 ], [ 79.8595354, 7.2654935 ], [ 79.8592952, 7.2650953 ], [ 79.8591206, 7.264806 ], [ 79.8590507, 7.2646622 ], [ 79.8590033, 7.2645446 ], [ 79.8589592, 7.2644397 ], [ 79.8588333, 7.2640108 ], [ 79.8587903, 7.2639024 ], [ 79.8587637, 7.2638484 ], [ 79.8587386, 7.2637977 ], [ 79.8586639, 7.2636859 ], [ 79.8585878, 7.2635763 ], [ 79.8583371, 7.2633354 ], [ 79.8578715, 7.2628779 ], [ 79.8576753, 7.2626553 ], [ 79.8576386, 7.2626052 ], [ 79.8575931, 7.2625296 ], [ 79.8575247, 7.2624179 ], [ 79.8574858, 7.2623287 ], [ 79.856884, 7.2609475 ], [ 79.8567228, 7.2605816 ], [ 79.8566398, 7.2603802 ], [ 79.8565923, 7.2602149 ], [ 79.8564434, 7.2597792 ], [ 79.8564048, 7.2596072 ], [ 79.856323, 7.2591777 ], [ 79.8561706, 7.2582552 ], [ 79.8561532, 7.2581451 ], [ 79.8561319, 7.2580433 ], [ 79.8560778, 7.2577994 ], [ 79.8559932, 7.2573034 ], [ 79.8559548, 7.2570876 ], [ 79.8557913, 7.2557816 ], [ 79.8557596, 7.255605 ], [ 79.8556452, 7.2548741 ], [ 79.8555802, 7.2545906 ], [ 79.8554842, 7.2542884 ], [ 79.8554133, 7.2541198 ], [ 79.8553316, 7.2539778 ], [ 79.8552667, 7.2538892 ], [ 79.8552168, 7.2538316 ], [ 79.8550799, 7.2537287 ], [ 79.8549748, 7.2536552 ], [ 79.8542073, 7.253322 ], [ 79.8541439, 7.2532945 ], [ 79.8540502, 7.2532481 ], [ 79.8539417, 7.2531944 ], [ 79.8538358, 7.2531324 ], [ 79.853751, 7.2530745 ], [ 79.8536969, 7.2530359 ], [ 79.8536769, 7.2530216 ], [ 79.853581, 7.252918 ], [ 79.8534323, 7.2527136 ], [ 79.8533342, 7.2525298 ], [ 79.8529826, 7.2518868 ], [ 79.8528295, 7.2515877 ], [ 79.8526366, 7.2511826 ], [ 79.8523269, 7.2504682 ], [ 79.8522612, 7.2503204 ], [ 79.8521847, 7.2501373 ], [ 79.8521013, 7.2499064 ], [ 79.8520647, 7.2497987 ], [ 79.8518606, 7.2491981 ], [ 79.8517446, 7.2489079 ], [ 79.8515336, 7.2484663 ], [ 79.8513287, 7.2480934 ], [ 79.8511315, 7.2477373 ], [ 79.8510622, 7.2476028 ], [ 79.850905, 7.2473858 ], [ 79.85056, 7.2469656 ], [ 79.8501533, 7.2465068 ], [ 79.8500728, 7.246415 ], [ 79.8496759, 7.2459361 ], [ 79.8495464, 7.2457915 ], [ 79.8494305, 7.2456579 ], [ 79.8493117, 7.2454737 ], [ 79.849203, 7.2453082 ], [ 79.8490023, 7.2449643 ], [ 79.8489427, 7.2448292 ], [ 79.8488405, 7.2445949 ], [ 79.848788, 7.244418 ], [ 79.8487586, 7.2442285 ], [ 79.8487428, 7.244122 ], [ 79.8487313, 7.2439614 ], [ 79.8487361, 7.2437812 ], [ 79.8487622, 7.2436329 ], [ 79.848821, 7.2433507 ], [ 79.8489479, 7.24289 ], [ 79.8490773, 7.2424193 ], [ 79.8494604, 7.2410877 ], [ 79.8496, 7.2405993 ], [ 79.8496203, 7.2404433 ], [ 79.8495899, 7.2402746 ], [ 79.8495264, 7.2401261 ], [ 79.8494119, 7.2399808 ], [ 79.8486489, 7.2393238 ], [ 79.8483084, 7.2390008 ], [ 79.8482686, 7.2389407 ], [ 79.8482297, 7.2388649 ], [ 79.8481841, 7.2387562 ], [ 79.8481621, 7.2386868 ], [ 79.848151, 7.2386273 ], [ 79.8481489, 7.238546 ], [ 79.8481597, 7.238444 ], [ 79.8481945, 7.2382201 ], [ 79.848397, 7.2372931 ], [ 79.8484333, 7.2371334 ], [ 79.8485647, 7.236627 ], [ 79.8487017, 7.2361915 ], [ 79.848854, 7.2357535 ], [ 79.8491185, 7.2349089 ], [ 79.8492135, 7.234533 ], [ 79.8492911, 7.2342257 ], [ 79.84946, 7.233546 ], [ 79.8497827, 7.2324428 ], [ 79.8500347, 7.2316442 ], [ 79.8501496, 7.2312869 ], [ 79.850288, 7.2309219 ], [ 79.8504188, 7.2305638 ], [ 79.8505218, 7.2302392 ], [ 79.8506501, 7.2298129 ], [ 79.850849, 7.2290891 ], [ 79.8509105, 7.2288764 ], [ 79.8509945, 7.2285828 ], [ 79.8510709, 7.2283187 ], [ 79.8510924, 7.2282309 ], [ 79.8511011, 7.228181 ], [ 79.8511071, 7.2281472 ], [ 79.8511193, 7.2280417 ], [ 79.8511292, 7.2278962 ], [ 79.8511317, 7.2277674 ], [ 79.8511214, 7.2276265 ], [ 79.8511082, 7.2275362 ], [ 79.8510857, 7.2274087 ], [ 79.8510512, 7.227258 ], [ 79.8510267, 7.2271885 ], [ 79.8510079, 7.2271273 ], [ 79.8509351, 7.226951 ], [ 79.8507806, 7.2265752 ], [ 79.8506574, 7.2262865 ], [ 79.8505477, 7.2260507 ], [ 79.8504809, 7.2259312 ], [ 79.8504304, 7.2258336 ], [ 79.8503474, 7.2257064 ], [ 79.8502573, 7.2255708 ], [ 79.8500621, 7.2252912 ], [ 79.8493454, 7.2244241 ], [ 79.8491891, 7.224251 ], [ 79.8489769, 7.2240095 ], [ 79.8487965, 7.2238075 ], [ 79.8481153, 7.2229963 ], [ 79.8475816, 7.2223609 ], [ 79.8475144, 7.2222809 ], [ 79.8470287, 7.2216996 ], [ 79.8467398, 7.221354 ], [ 79.8463531, 7.2209014 ], [ 79.846162, 7.2206711 ], [ 79.84599, 7.2204433 ], [ 79.8458701, 7.2202635 ], [ 79.8457609, 7.220086 ], [ 79.8456701, 7.2199184 ], [ 79.8456117, 7.2197963 ], [ 79.8455639, 7.2196777 ], [ 79.8455134, 7.2195498 ], [ 79.8454793, 7.2194548 ] ] ] } },
{ "type": "Feature", "properties": { "osm_id": "867013233", "code": 5112, "fclass": "trunk", "name": "Colombo - Negombo Road", "ref": "AA003", "oneway": "B", "maxspeed": 60, "layer": 0, "bridge": "F", "tunnel": "F" }, "geometry": { "type": "MultiLineString", "coordinates": [ [ [ 79.8810701, 6.960072 ], [ 79.8811414, 6.959889 ], [ 79.8813212, 6.9594856 ], [ 79.8814804, 6.9591423 ], [ 79.8816609, 6.9587756 ], [ 79.8818372, 6.9584133 ], [ 79.8821912, 6.9576758 ], [ 79.8825221, 6.9569983 ] ] ] } },
{ "type": "Feature", "properties": { "osm_id": "867013234", "code": 5112, "fclass": "trunk", "name": "Colombo - Negombo Road", "ref": "AA003", "oneway": "F", "maxspeed": 60, "layer": 0, "bridge": "F", "tunnel": "F" }, "geometry": { "type": "MultiLineString", "coordinates": [ [ [ 79.8825221, 6.9569983 ], [ 79.8825836, 6.9569319 ], [ 79.882645, 6.9568655 ], [ 79.8827065, 6.956799 ], [ 79.8827679, 6.9567326 ], [ 79.8828294, 6.9566662 ] ] ] } },
{ "type": "Feature", "properties": { "osm_id": "867013235", "code": 5112, "fclass": "trunk", "name": "Colombo - Negombo Road", "ref": "AA003", "oneway": "F", "maxspeed": 60, "layer": 0, "bridge": "F", "tunnel": "F" }, "geometry": { "type": "MultiLineString", "coordinates": [ [ [ 79.8827213, 6.9565248 ], [ 79.8826715, 6.9566432 ], [ 79.8826217, 6.9567615 ], [ 79.8825719, 6.9568799 ], [ 79.8825221, 6.9569983 ] ] ] } },
{ "type": "Feature", "properties": { "osm_id": "867023193", "code": 5112, "fclass": "trunk", "name": "Colombo - Negombo Road", "ref": "AA003", "oneway": "F", "maxspeed": 60, "layer": 0, "bridge": "F", "tunnel": "F" }, "geometry": { "type": "MultiLineString", "coordinates": [ [ [ 79.8471753, 7.2142597 ], [ 79.8466978, 7.2152748 ], [ 79.8464858, 7.2157195 ], [ 79.8460345, 7.2166704 ], [ 79.8456326, 7.2175572 ], [ 79.8455714, 7.2177207 ], [ 79.8453218, 7.2183875 ], [ 79.845272, 7.2186456 ], [ 79.8452647, 7.2188392 ], [ 79.8452881, 7.21907 ], [ 79.8453582, 7.2193748 ], [ 79.8453923, 7.219483 ] ] ] } },
{ "type": "Feature", "properties": { "osm_id": "28329869", "code": 5112, "fclass": "trunk", "name": null, "ref": "AA002", "oneway": "B", "maxspeed": 60, "layer": 0, "bridge": "F", "tunnel": "F" }, "geometry": { "type": "MultiLineString", "coordinates": [ [ [ 79.9692223, 6.5592371 ], [ 79.9692314, 6.5591395 ], [ 79.9692835, 6.5588613 ], [ 79.9694194, 6.5578926 ], [ 79.9696815, 6.5561523 ], [ 79.969703, 6.556016 ], [ 79.9698034, 6.5554646 ], [ 79.969849, 6.5552045 ], [ 79.9699374, 6.5547946 ], [ 79.9700351, 6.5543335 ], [ 79.9701697, 6.5539282 ], [ 79.9703789, 6.5532984 ], [ 79.9705258, 6.5529382 ], [ 79.97071, 6.5525374 ], [ 79.9711102, 6.5516708 ], [ 79.9713283, 6.5511552 ], [ 79.9713623, 6.5510993 ], [ 79.971521, 6.5507862 ], [ 79.9717808, 6.5502522 ], [ 79.9721799, 6.5493759 ], [ 79.9722852, 6.5491015 ], [ 79.9724188, 6.5487533 ], [ 79.972465, 6.548635 ], [ 79.9726558, 6.5480713 ], [ 79.972726, 6.5478641 ], [ 79.9728295, 6.5475582 ], [ 79.9729587, 6.5471932 ], [ 79.9733284, 6.54602 ], [ 79.9734661, 6.5455617 ], [ 79.973788, 6.5444743 ], [ 79.9739535, 6.5439139 ], [ 79.9742372, 6.5427357 ], [ 79.9742507, 6.5427083 ], [ 79.974318, 6.5422549 ], [ 79.974367, 6.5419602 ], [ 79.9744232, 6.5416101 ], [ 79.9745085, 6.5412733 ], [ 79.9746332, 6.5408855 ], [ 79.9747527, 6.5405328 ], [ 79.9748037, 6.5403824 ], [ 79.9749934, 6.539859 ], [ 79.9750144, 6.5398016 ], [ 79.9753062, 6.5389755 ], [ 79.9758128, 6.5373728 ], [ 79.9761435, 6.5363328 ], [ 79.9762438, 6.5360218 ], [ 79.9762658, 6.5359244 ], [ 79.9763217, 6.5356926 ], [ 79.9766308, 6.5347098 ], [ 79.9768706, 6.5338784 ], [ 79.9769509, 6.5335513 ], [ 79.9770462, 6.5333012 ], [ 79.9771678, 6.5328659 ], [ 79.9772394, 6.5326754 ], [ 79.9773783, 6.5320797 ], [ 79.9777154, 6.5309558 ], [ 79.9781227, 6.5295941 ], [ 79.9783671, 6.528745 ], [ 79.9784524, 6.5284545 ], [ 79.9785623, 6.5280806 ], [ 79.9786553, 6.5277064 ], [ 79.9787135, 6.5274491 ], [ 79.9788816, 6.5269571 ], [ 79.9789899, 6.5264308 ], [ 79.9792093, 6.525835 ], [ 79.9795467, 6.524767 ], [ 79.9796011, 6.5245181 ], [ 79.9796647, 6.5242752 ], [ 79.9797285, 6.5240051 ], [ 79.9797942, 6.5236481 ], [ 79.9798615, 6.5233109 ], [ 79.9799501, 6.5229532 ], [ 79.9799332, 6.522741 ], [ 79.9799047, 6.5225368 ], [ 79.9798508, 6.522329 ], [ 79.9798237, 6.5221038 ], [ 79.9797783, 6.5219126 ], [ 79.9796633, 6.5216267 ], [ 79.9795931, 6.5213936 ], [ 79.9795139, 6.5212296 ], [ 79.9793811, 6.5210405 ], [ 79.9792278, 6.5208837 ], [ 79.9791752, 6.5208297 ], [ 79.9791606, 6.5208103 ], [ 79.9790995, 6.5206674 ], [ 79.9790418, 6.5205422 ], [ 79.9790258, 6.5204409 ], [ 79.9790191, 6.5202996 ], [ 79.9790405, 6.5201997 ], [ 79.9790874, 6.5200131 ], [ 79.9792102, 6.5195727 ], [ 79.9794787, 6.5188589 ], [ 79.9796795, 6.5185094 ], [ 79.9801688, 6.5173774 ], [ 79.9804267, 6.5164518 ], [ 79.9805339, 6.5156189 ], [ 79.9805929, 6.5145962 ], [ 79.9808172, 6.5140161 ], [ 79.9811578, 6.5134154 ], [ 79.9816347, 6.5122457 ], [ 79.9820254, 6.5112412 ], [ 79.9820858, 6.5109694 ], [ 79.9821352, 6.5107227 ] ] ] } },
{ "type": "Feature", "properties": { "osm_id": "28483674", "code": 5112, "fclass": "trunk", "name": "Sirimavo Bandaranaike Mawatha (Prince of Wales Avenue)", "ref": "AA001", "oneway": "F", "maxspeed": 60, "layer": 0, "bridge": "F", "tunnel": "F" }, "geometry": { "type": "MultiLineString", "coordinates": [ [ [ 79.8742144, 6.9511128 ], [ 79.8741862, 6.9510262 ], [ 79.8741587, 6.9509644 ], [ 79.8741092, 6.9508848 ], [ 79.8740574, 6.9508199 ], [ 79.8740404, 6.9508007 ], [ 79.8739902, 6.9507442 ], [ 79.8739013, 6.9506594 ], [ 79.8723695, 6.9493411 ], [ 79.8704004, 6.9476467 ], [ 79.8703173, 6.9475752 ], [ 79.8689749, 6.9464093 ], [ 79.8684322, 6.945938 ], [ 79.8681443, 6.9456683 ], [ 79.8673992, 6.94501 ], [ 79.8667033, 6.9444504 ], [ 79.866635, 6.9443956 ], [ 79.8665433, 6.9443069 ], [ 79.8664961, 6.9442833 ], [ 79.8664429, 6.9442577 ], [ 79.8645506, 6.9435021 ], [ 79.8645196, 6.9434911 ], [ 79.8644505, 6.9434448 ], [ 79.8643854, 6.943407 ], [ 79.8643615, 6.9433894 ], [ 79.8642879, 6.9433354 ] ] ] } },
{ "type": "Feature", "properties": { "osm_id": "26699190", "code": 5112, "fclass": "trunk", "name": "Colombo - Negombo Road", "ref": "AA003", "oneway": "F", "maxspeed": 60, "layer": 0, "bridge": "F", "tunnel": "F" }, "geometry": { "type": "MultiLineString", "coordinates": [ [ [ 79.8808528, 6.9609214 ], [ 79.8809266, 6.9609826 ], [ 79.8809963, 6.9610425 ], [ 79.8810594, 6.9611011 ], [ 79.8811296, 6.961187 ], [ 79.8811747, 6.9612541 ], [ 79.881227, 6.961362 ], [ 79.8812672, 6.9614645 ], [ 79.8813048, 6.9615656 ], [ 79.8813544, 6.9617561 ], [ 79.8814041, 6.9619759 ], [ 79.8814601, 6.962337 ], [ 79.8814741, 6.9624498 ], [ 79.8815233, 6.9628462 ], [ 79.8815309, 6.9629079 ], [ 79.881569, 6.9632189 ], [ 79.8815777, 6.96329 ], [ 79.8816356, 6.9638034 ], [ 79.8816627, 6.9639891 ], [ 79.8817069, 6.9642617 ], [ 79.8817613, 6.9645167 ], [ 79.8818325, 6.9647243 ], [ 79.8818885, 6.964869 ], [ 79.8819826, 6.9650494 ] ] ] } },
{ "type": "Feature", "properties": { "osm_id": "28136835", "code": 5112, "fclass": "trunk", "name": "High Level Road", "ref": "AA004", "oneway": "B", "maxspeed": 60, "layer": 0, "bridge": "F", "tunnel": "F" }, "geometry": { "type": "MultiLineString", "coordinates": [ [ [ 80.0781874, 6.8545179 ], [ 80.078946, 6.8544447 ] ] ] } },
{ "type": "Feature", "properties": { "osm_id": "29477444", "code": 5112, "fclass": "trunk", "name": "High Level Road", "ref": "AA004", "oneway": "F", "maxspeed": 50, "layer": 1, "bridge": "T", "tunnel": "F" }, "geometry": { "type": "MultiLineString", "coordinates": [ [ [ 79.8728238, 6.8786078 ], [ 79.8728647, 6.8786139 ], [ 79.8731182, 6.8786516 ] ] ] } },
{ "type": "Feature", "properties": { "osm_id": "29476174", "code": 5112, "fclass": "trunk", "name": "High Level Road", "ref": "AA004", "oneway": "B", "maxspeed": 60, "layer": 0, "bridge": "F", "tunnel": "F" }, "geometry": { "type": "MultiLineString", "coordinates": [ [ [ 80.0781874, 6.8545179 ], [ 80.0776175, 6.8545892 ], [ 80.0772527, 6.8546543 ], [ 80.0769552, 6.8547343 ], [ 80.0762635, 6.8549785 ], [ 80.0760935, 6.8550323 ], [ 80.0759339, 6.8550686 ], [ 80.0756892, 6.8550533 ], [ 80.075455, 6.854999 ], [ 80.0752178, 6.8549177 ], [ 80.0750314, 6.8548458 ], [ 80.0746459, 6.8546858 ], [ 80.0745065, 6.8546464 ], [ 80.0744158, 6.8546102 ], [ 80.0743215, 6.8546232 ], [ 80.0740242, 6.8546608 ], [ 80.0737412, 6.8546847 ], [ 80.0731657, 6.8547533 ], [ 80.0729473, 6.8547407 ], [ 80.0727158, 6.8547919 ], [ 80.0717093, 6.8548383 ], [ 80.0714962, 6.8548618 ], [ 80.0713205, 6.8549177 ], [ 80.0711812, 6.8549599 ], [ 80.0709383, 6.8550389 ], [ 80.0707009, 6.8551335 ], [ 80.0702316, 6.855267 ], [ 80.0698864, 6.8554059 ], [ 80.0698145, 6.855445 ], [ 80.0697461, 6.855485 ], [ 80.0696692, 6.8555195 ], [ 80.069624, 6.8555529 ], [ 80.0695811, 6.8555795 ], [ 80.0695157, 6.8556169 ], [ 80.0694349, 6.8556567 ], [ 80.0693636, 6.8556936 ], [ 80.0692552, 6.8557433 ], [ 80.06916, 6.8557779 ], [ 80.0690594, 6.8558125 ], [ 80.0689627, 6.8558228 ], [ 80.0683584, 6.8559316 ], [ 80.0662649, 6.8561158 ], [ 80.0660725, 6.856111 ], [ 80.0658781, 6.8561125 ], [ 80.0647044, 6.8561026 ], [ 80.0618556, 6.8555295 ] ] ] } },
{ "type": "Feature", "properties": { "osm_id": "29483327", "code": 5112, "fclass": "trunk", "name": "Colombo - Negombo Road", "ref": "AA003", "oneway": "F", "maxspeed": 60, "layer": 0, "bridge": "F", "tunnel": "F" }, "geometry": { "type": "MultiLineString", "coordinates": [ [ [ 79.8811212, 6.9606086 ], [ 79.8811127, 6.9605192 ], [ 79.8811042, 6.9604297 ], [ 79.881093, 6.9603125 ], [ 79.8810871, 6.9602509 ], [ 79.8810786, 6.9601614 ], [ 79.8810701, 6.960072 ] ] ] } },
{ "type": "Feature", "properties": { "osm_id": "29483329", "code": 5112, "fclass": "trunk", "name": "Colombo - Kandy Road", "ref": "AA001", "oneway": "F", "maxspeed": 60, "layer": 0, "bridge": "F", "tunnel": "F" }, "geometry": { "type": "MultiLineString", "coordinates": [ [ [ 79.8829072, 6.9565684 ], [ 79.8830045, 6.9564702 ], [ 79.8830738, 6.956402 ], [ 79.8831415, 6.9563412 ], [ 79.8832028, 6.9562819 ], [ 79.8832999, 6.9561958 ] ] ] } },
{ "type": "Feature", "properties": { "osm_id": "452358360", "code": 5113, "fclass": "primary", "name": "Old Galle Road", "ref": "AA002", "oneway": "B", "maxspeed": 50, "layer": 0, "bridge": "F", "tunnel": "F" }, "geometry": { "type": "MultiLineString", "coordinates": [ [ [ 79.8981032, 6.7591333 ], [ 79.898052, 6.7593264 ], [ 79.8977844, 6.7600165 ], [ 79.8977592, 6.7600672 ], [ 79.8976958, 6.7601993 ], [ 79.8971848, 6.7613268 ], [ 79.897123, 6.7614416 ], [ 79.8968862, 6.7618819 ], [ 79.8965119, 6.7625781 ], [ 79.89626, 6.7630465 ], [ 79.8959714, 6.7635268 ], [ 79.8958519, 6.7637381 ], [ 79.8954034, 6.7645332 ], [ 79.8952978, 6.7647176 ], [ 79.8950881, 6.7650621 ], [ 79.8948314, 6.7655251 ], [ 79.8945197, 6.7660874 ], [ 79.89435, 6.7663705 ], [ 79.8942365, 6.7665598 ], [ 79.8939082, 6.7670146 ], [ 79.8933669, 6.7677365 ], [ 79.8930976, 6.7680114 ], [ 79.89294, 6.7681948 ], [ 79.892002, 6.7692791 ], [ 79.891718, 6.7695974 ], [ 79.891455, 6.7698616 ], [ 79.8909602, 6.770328 ], [ 79.8908469, 6.7704408 ], [ 79.8906885, 6.7705959 ], [ 79.8905988, 6.770713 ], [ 79.890375, 6.7709839 ], [ 79.8903122, 6.7710698 ], [ 79.890179, 6.7712395 ], [ 79.8901051, 6.7712965 ], [ 79.8899858, 6.7713763 ], [ 79.8898195, 6.7714743 ], [ 79.8892631, 6.7718116 ], [ 79.8890748, 6.7718761 ], [ 79.8889439, 6.7719167 ], [ 79.8888898, 6.7719335 ], [ 79.8888024, 6.7719471 ], [ 79.8886812, 6.7719615 ], [ 79.8885228, 6.7719645 ], [ 79.8880049, 6.7719174 ], [ 79.8876276, 6.7719732 ] ] ] } },
{ "type": "Feature", "properties": { "osm_id": "29483284", "code": 5112, "fclass": "trunk", "name": "Colombo - Negombo Road", "ref": "AA003", "oneway": "F", "maxspeed": 60, "layer": 0, "bridge": "F", "tunnel": "F" }, "geometry": { "type": "MultiLineString", "coordinates": [ [ [ 79.8906672, 7.0801815 ], [ 79.8906375, 7.0800543 ], [ 79.8906288, 7.0799056 ], [ 79.8906274, 7.0797891 ], [ 79.8906337, 7.0796808 ], [ 79.8906543, 7.0795335 ], [ 79.8906812, 7.0794145 ], [ 79.8907059, 7.0792994 ], [ 79.8908118, 7.0788643 ], [ 79.890919, 7.0784589 ], [ 79.8910139, 7.0781016 ], [ 79.8910473, 7.0779757 ], [ 79.8911436, 7.0775748 ], [ 79.8913691, 7.0767512 ], [ 79.891524, 7.0762133 ], [ 79.8917447, 7.075442 ], [ 79.8918811, 7.0749222 ], [ 79.8919207, 7.0748023 ], [ 79.8919567, 7.0746881 ], [ 79.8920109, 7.074567 ], [ 79.8920795, 7.0744406 ], [ 79.8925151, 7.0737055 ], [ 79.8926683, 7.073429 ], [ 79.8927354, 7.0733071 ], [ 79.8928045, 7.0731501 ], [ 79.8928883, 7.072913 ], [ 79.8929297, 7.0727672 ], [ 79.8929857, 7.0724919 ], [ 79.8929954, 7.0723896 ], [ 79.8930111, 7.0721581 ], [ 79.8930135, 7.0721406 ], [ 79.893058, 7.0717246 ], [ 79.8930753, 7.0715945 ], [ 79.8930983, 7.071411 ], [ 79.8931451, 7.0711447 ], [ 79.8931878, 7.0709525 ], [ 79.8932371, 7.0707933 ], [ 79.8932955, 7.0706074 ], [ 79.8933358, 7.0704998 ], [ 79.8933777, 7.0703999 ], [ 79.893445, 7.0702517 ], [ 79.8935472, 7.0700489 ], [ 79.893674, 7.0697854 ], [ 79.8938462, 7.0694354 ], [ 79.8939444, 7.0692332 ], [ 79.8940128, 7.0690603 ], [ 79.8940663, 7.0688551 ], [ 79.894082, 7.0687225 ], [ 79.8940854, 7.0685872 ], [ 79.8940706, 7.0683797 ], [ 79.8940461, 7.0682126 ], [ 79.8939991, 7.0680513 ], [ 79.8939632, 7.0679409 ], [ 79.8939126, 7.0678344 ], [ 79.8938084, 7.067648 ], [ 79.89347, 7.0671854 ], [ 79.8933736, 7.0670285 ], [ 79.8932912, 7.0668786 ], [ 79.8932411, 7.0667471 ], [ 79.893205, 7.066619 ], [ 79.8931722, 7.0664571 ], [ 79.8931585, 7.0663049 ], [ 79.8931609, 7.0661591 ], [ 79.8931839, 7.0658967 ], [ 79.8932203, 7.0656543 ], [ 79.8932353, 7.0655718 ], [ 79.8932735, 7.0651978 ], [ 79.8933091, 7.0647241 ], [ 79.8933143, 7.0646014 ], [ 79.8933294, 7.0641907 ], [ 79.8933313, 7.0641272 ], [ 79.893344, 7.063959 ], [ 79.8933809, 7.0637392 ], [ 79.8934282, 7.0635452 ], [ 79.8934506, 7.0634923 ], [ 79.8935085, 7.0633551 ], [ 79.893536, 7.063302 ], [ 79.8936563, 7.0631018 ], [ 79.8937815, 7.0629433 ], [ 79.8939243, 7.0627929 ], [ 79.8940633, 7.0626564 ], [ 79.8941956, 7.0625159 ], [ 79.8943153, 7.0623562 ], [ 79.8944, 7.0622369 ], [ 79.8944527, 7.0621414 ], [ 79.894499, 7.0620529 ], [ 79.8945889, 7.0618494 ], [ 79.8947026, 7.0615262 ], [ 79.8948657, 7.0610072 ], [ 79.8950169, 7.0605599 ], [ 79.8950669, 7.060423 ], [ 79.8950823, 7.0603874 ], [ 79.8951283, 7.0602815 ], [ 79.895223, 7.0600984 ], [ 79.8952659, 7.0600264 ], [ 79.8956201, 7.0595332 ], [ 79.8958062, 7.059274 ], [ 79.8958363, 7.0592269 ], [ 79.8959254, 7.0591055 ], [ 79.8961552, 7.058732 ], [ 79.8964589, 7.0581754 ], [ 79.8965885, 7.0579554 ], [ 79.896679, 7.0577867 ], [ 79.8967684, 7.0576037 ], [ 79.8968729, 7.0573462 ], [ 79.8969218, 7.0571861 ], [ 79.8969554, 7.0570207 ], [ 79.8969657, 7.0569435 ], [ 79.8969766, 7.0568271 ], [ 79.8969792, 7.0567988 ], [ 79.8969801, 7.0566755 ], [ 79.8969695, 7.0565449 ], [ 79.896949, 7.0564281 ], [ 79.8969241, 7.0563173 ], [ 79.8968693, 7.0561575 ], [ 79.8967809, 7.0559129 ], [ 79.8967353, 7.0557625 ], [ 79.8967141, 7.0556675 ], [ 79.8966822, 7.0554523 ], [ 79.8966694, 7.0552384 ], [ 79.8966761, 7.0551016 ], [ 79.8966788, 7.0550389 ], [ 79.8967279, 7.0548121 ], [ 79.8968191, 7.0544451 ], [ 79.8969262, 7.0541109 ], [ 79.8969761, 7.0539302 ], [ 79.8970404, 7.0536711 ], [ 79.8970752, 7.0534676 ], [ 79.8970907, 7.0532844 ], [ 79.8970914, 7.0530684 ], [ 79.8970687, 7.0527668 ], [ 79.8970317, 7.0525387 ], [ 79.8969833, 7.0523833 ], [ 79.8969705, 7.0523417 ], [ 79.8968841, 7.052119 ], [ 79.8968472, 7.0520471 ], [ 79.8967647, 7.0518865 ], [ 79.8966922, 7.051767 ], [ 79.8966653, 7.0517226 ], [ 79.8965358, 7.0515181 ], [ 79.8964521, 7.0513701 ], [ 79.8963898, 7.0512169 ], [ 79.8963472, 7.0510741 ], [ 79.8963166, 7.0509352 ], [ 79.8963029, 7.0508085 ], [ 79.8962986, 7.0507014 ], [ 79.8963088, 7.0505603 ], [ 79.8963291, 7.0504257 ], [ 79.8963583, 7.050276 ], [ 79.8964188, 7.0500602 ], [ 79.8965119, 7.0497831 ], [ 79.8965989, 7.0494912 ], [ 79.8967489, 7.0490174 ], [ 79.8968718, 7.0486034 ], [ 79.8970886, 7.0478085 ], [ 79.8971438, 7.047525 ], [ 79.8971827, 7.0473093 ], [ 79.8972093, 7.0470886 ], [ 79.8972237, 7.0469021 ], [ 79.8972303, 7.0466213 ], [ 79.8972335, 7.0464866 ], [ 79.8972354, 7.0461985 ], [ 79.8972452, 7.0457585 ], [ 79.8972697, 7.0454425 ], [ 79.8973144, 7.0451042 ], [ 79.8973846, 7.0446755 ], [ 79.8974674, 7.0441196 ], [ 79.8975087, 7.0438053 ], [ 79.8975457, 7.0435735 ], [ 79.8975912, 7.0433564 ], [ 79.8976326, 7.0432071 ], [ 79.8977001, 7.0429986 ], [ 79.8978103, 7.0426981 ], [ 79.8979321, 7.0423621 ], [ 79.8980112, 7.0421452 ], [ 79.8980988, 7.0418908 ], [ 79.8981541, 7.0416964 ], [ 79.8981987, 7.041458 ], [ 79.898211, 7.0413496 ], [ 79.8982186, 7.0412145 ], [ 79.8982133, 7.040931 ], [ 79.8982094, 7.0407211 ], [ 79.8981874, 7.0404446 ], [ 79.8981369, 7.0398729 ], [ 79.898139, 7.0397343 ], [ 79.8981438, 7.0395823 ], [ 79.8981679, 7.0394252 ], [ 79.8982403, 7.0390925 ], [ 79.8983436, 7.0386931 ], [ 79.8984682, 7.0382961 ], [ 79.8984978, 7.0381807 ], [ 79.8985302, 7.0380563 ], [ 79.8985758, 7.0378896 ], [ 79.8985944, 7.0378066 ], [ 79.8986442, 7.0376072 ], [ 79.8986717, 7.0374212 ], [ 79.8986905, 7.0372748 ], [ 79.8987332, 7.0365083 ], [ 79.8987448, 7.0362994 ], [ 79.8987779, 7.0356111 ], [ 79.8987876, 7.0353558 ], [ 79.8988034, 7.0350082 ], [ 79.8987983, 7.0347945 ], [ 79.8987953, 7.0346128 ], [ 79.8987571, 7.0343865 ], [ 79.8987041, 7.0341403 ], [ 79.8984923, 7.0331072 ], [ 79.8982954, 7.0322232 ], [ 79.8981911, 7.0317663 ], [ 79.8981042, 7.0314584 ], [ 79.8978845, 7.0307113 ], [ 79.8978279, 7.0305114 ], [ 79.8978072, 7.0304315 ], [ 79.8977683, 7.0302219 ], [ 79.8977412, 7.030006 ], [ 79.8977249, 7.0297384 ], [ 79.8977287, 7.0295171 ], [ 79.8979483, 7.0280887 ], [ 79.898033, 7.0275186 ], [ 79.8980382, 7.0274864 ], [ 79.8980659, 7.0273138 ], [ 79.8981059, 7.0271457 ], [ 79.8981568, 7.0269926 ], [ 79.8982021, 7.0268976 ], [ 79.8982165, 7.0268675 ], [ 79.8983315, 7.0266727 ], [ 79.8985113, 7.0264424 ], [ 79.8988389, 7.0260768 ], [ 79.8991673, 7.0257033 ], [ 79.8994472, 7.0253826 ], [ 79.8995449, 7.0252658 ], [ 79.899604, 7.0251705 ], [ 79.8996761, 7.0250283 ], [ 79.8997185, 7.0249207 ], [ 79.8997647, 7.0247978 ], [ 79.8997934, 7.0246629 ], [ 79.8998273, 7.0245102 ], [ 79.8998295, 7.0243976 ], [ 79.8998294, 7.0242445 ], [ 79.8998088, 7.0237681 ], [ 79.8997978, 7.02358 ] ] ] } },
{ "type": "Feature", "properties": { "osm_id": "29483316", "code": 5112, "fclass": "trunk", "name": "Colombo - Negombo Road", "ref": "AA003", "oneway": "F", "maxspeed": 60, "layer": 0, "bridge": "F", "tunnel": "F" }, "geometry": { "type": "MultiLineString", "coordinates": [ [ [ 79.8829374, 6.9555836 ], [ 79.8829479, 6.9557299 ], [ 79.8829514, 6.9557747 ], [ 79.8829581, 6.9558862 ], [ 79.8829547, 6.9559708 ], [ 79.8829445, 6.9560385 ], [ 79.8829234, 6.9561063 ], [ 79.8828963, 6.9561648 ], [ 79.882866, 6.9562252 ], [ 79.8828333, 6.9562979 ], [ 79.8828047, 6.9563606 ], [ 79.8827371, 6.9565067 ] ] ] } },
{ "type": "Feature", "properties": { "osm_id": "29481710", "code": 5112, "fclass": "trunk", "name": "Colombo - Kandy Road", "ref": "AA001", "oneway": "F", "maxspeed": 60, "layer": 0, "bridge": "F", "tunnel": "F" }, "geometry": { "type": "MultiLineString", "coordinates": [ [ [ 79.93504, 6.9863024 ], [ 79.9345529, 6.9857119 ], [ 79.9345336, 6.9856877 ] ] ] } },
{ "type": "Feature", "properties": { "osm_id": "29481937", "code": 5112, "fclass": "trunk", "name": "New Kelani Bridge Road", "ref": "AA001", "oneway": "F", "maxspeed": 60, "layer": 0, "bridge": "F", "tunnel": "F" }, "geometry": { "type": "MultiLineString", "coordinates": [ [ [ 79.8811835, 6.9534446 ], [ 79.881122, 6.9533707 ], [ 79.8809719, 6.9531945 ], [ 79.8803955, 6.9525392 ], [ 79.8802932, 6.9524203 ] ] ] } },
{ "type": "Feature", "properties": { "osm_id": "29482053", "code": 5112, "fclass": "trunk", "name": "Colombo - Kandy Road", "ref": "AA001", "oneway": "F", "maxspeed": 60, "layer": 0, "bridge": "F", "tunnel": "F" }, "geometry": { "type": "MultiLineString", "coordinates": [ [ [ 79.9111202, 6.9686543 ], [ 79.9107705, 6.9684779 ], [ 79.9104777, 6.9683367 ], [ 79.9103985, 6.9682985 ], [ 79.9095425, 6.9678534 ], [ 79.9093758, 6.9677667 ], [ 79.908945, 6.9675375 ], [ 79.9086263, 6.9673799 ], [ 79.9082133, 6.9671774 ], [ 79.9080625, 6.9671248 ], [ 79.9078455, 6.9670611 ], [ 79.9076494, 6.9670263 ], [ 79.9074605, 6.9670095 ], [ 79.9072739, 6.967005 ], [ 79.9070802, 6.9670179 ], [ 79.9068702, 6.9670529 ], [ 79.9068508, 6.9670586 ], [ 79.9066637, 6.9671141 ], [ 79.9065752, 6.9671461 ], [ 79.9063338, 6.9672473 ], [ 79.9060186, 6.9673844 ], [ 79.9056995, 6.9675174 ], [ 79.9056002, 6.9675547 ], [ 79.9054379, 6.9676066 ], [ 79.9052127, 6.9676546 ], [ 79.9049633, 6.9676905 ], [ 79.9044267, 6.9677374 ], [ 79.9042191, 6.9677556 ], [ 79.9041867, 6.9677584 ], [ 79.9039667, 6.9677709 ], [ 79.9039507, 6.9677718 ], [ 79.9035993, 6.9677971 ], [ 79.9032376, 6.9678278 ] ] ] } },
{ "type": "Feature", "properties": { "osm_id": "29480722", "code": 5112, "fclass": "trunk", "name": "Colombo - Kandy Road", "ref": "AA001", "oneway": "F", "maxspeed": 60, "layer": 0, "bridge": "F", "tunnel": "F" }, "geometry": { "type": "MultiLineString", "coordinates": [ [ [ 79.9125215, 6.9693933 ], [ 79.9132157, 6.9697074 ], [ 79.9133202, 6.9697547 ], [ 79.9134181, 6.9697929 ], [ 79.9135856, 6.9698693 ], [ 79.9138695, 6.9699988 ], [ 79.9142748, 6.9702207 ], [ 79.9144831, 6.970342 ], [ 79.9146408, 6.9704289 ], [ 79.9149182, 6.9705766 ], [ 79.9151642, 6.9707223 ], [ 79.9155524, 6.9709909 ], [ 79.9161346, 6.9714112 ], [ 79.9164002, 6.9716029 ], [ 79.9166067, 6.9717773 ], [ 79.9167451, 6.9719164 ], [ 79.9169117, 6.9720946 ], [ 79.9169306, 6.9721156 ], [ 79.9170166, 6.9722115 ] ] ] } },
{ "type": "Feature", "properties": { "osm_id": "29480030", "code": 5113, "fclass": "primary", "name": "Gampaha-Yakkala Road", "ref": "AA033", "oneway": "B", "maxspeed": 60, "layer": 0, "bridge": "F", "tunnel": "F" }, "geometry": { "type": "MultiLineString", "coordinates": [ [ [ 80.0324604, 7.0866322 ], [ 80.0323176, 7.086728 ], [ 80.0320339, 7.0869291 ], [ 80.0314777, 7.0873096 ], [ 80.0313656, 7.0874043 ], [ 80.0310551, 7.0876439 ], [ 80.0308528, 7.0878064 ], [ 80.0306993, 7.0879265 ], [ 80.0304915, 7.0880803 ], [ 80.0303318, 7.0882018 ], [ 80.0301915, 7.0882923 ], [ 80.0299645, 7.0884172 ], [ 80.0297855, 7.0885018 ], [ 80.0295455, 7.088603 ], [ 80.0290368, 7.0888051 ], [ 80.0289489, 7.0888357 ], [ 80.0288369, 7.0888867 ], [ 80.0287474, 7.0889323 ], [ 80.0286727, 7.0889684 ], [ 80.0286164, 7.0890003 ], [ 80.0285459, 7.0890513 ], [ 80.0284803, 7.0891108 ], [ 80.028436, 7.0891527 ], [ 80.0283877, 7.0892085 ], [ 80.0283461, 7.0892639 ], [ 80.0282276, 7.0894352 ], [ 80.0281214, 7.0895857 ], [ 80.0280232, 7.0897156 ], [ 80.0279475, 7.0897915 ], [ 80.0277562, 7.089951 ], [ 80.0271545, 7.0904328 ], [ 80.0270893, 7.0904639 ], [ 80.0269762, 7.0905115 ], [ 80.0268401, 7.0905361 ], [ 80.0267272, 7.090533 ], [ 80.0265945, 7.0904971 ], [ 80.026438, 7.0904288 ], [ 80.0260736, 7.0902689 ], [ 80.0256685, 7.0900875 ], [ 80.0253566, 7.0899287 ], [ 80.0252714, 7.0898853 ], [ 80.0250444, 7.0897693 ], [ 80.0247744, 7.0896313 ], [ 80.024683, 7.0895815 ], [ 80.0243794, 7.0894211 ], [ 80.0243703, 7.0894163 ], [ 80.0240059, 7.0892258 ], [ 80.0237647, 7.0890985 ], [ 80.0236376, 7.089064 ], [ 80.0233897, 7.0890244 ], [ 80.0232162, 7.0890232 ], [ 80.0230957, 7.0890508 ], [ 80.0229468, 7.0890792 ], [ 80.0228278, 7.0891234 ], [ 80.0227179, 7.0891768 ], [ 80.0223636, 7.0893948 ], [ 80.0221574, 7.0895192 ], [ 80.0219953, 7.0896206 ], [ 80.0217528, 7.0897704 ], [ 80.0216188, 7.0898524 ], [ 80.021541, 7.0899213 ], [ 80.0214967, 7.0899666 ], [ 80.0214615, 7.0900332 ], [ 80.0212935, 7.0903775 ], [ 80.0211408, 7.0906912 ], [ 80.0209855, 7.0910018 ], [ 80.0208965, 7.0911673 ], [ 80.0208465, 7.0912297 ], [ 80.0208168, 7.0912506 ], [ 80.0207589, 7.0912786 ], [ 80.0206799, 7.0913083 ], [ 80.0205055, 7.091352 ], [ 80.019907, 7.0914559 ], [ 80.0194829, 7.0915207 ], [ 80.019033, 7.0915819 ], [ 80.0189151, 7.0915979 ], [ 80.01871, 7.0916175 ], [ 80.0185424, 7.0916445 ], [ 80.0180939, 7.0916811 ], [ 80.0175803, 7.0917149 ], [ 80.0174575, 7.0917233 ], [ 80.0171226, 7.0917592 ], [ 80.0170409, 7.0917608 ], [ 80.0161292, 7.091827 ], [ 80.015785, 7.0918355 ], [ 80.0151245, 7.09186 ], [ 80.0150682, 7.0918621 ], [ 80.0150234, 7.0918672 ], [ 80.0146225, 7.091913 ], [ 80.0144161, 7.0919366 ], [ 80.014219, 7.0919654 ], [ 80.0140864, 7.091991 ], [ 80.0137273, 7.0920811 ], [ 80.0133688, 7.0921865 ], [ 80.013325, 7.0921997 ], [ 80.0132112, 7.0922347 ], [ 80.0128104, 7.0923233 ], [ 80.0124795, 7.0923775 ], [ 80.0123581, 7.0923789 ], [ 80.0120241, 7.0923425 ], [ 80.0117083, 7.0922894 ], [ 80.0114516, 7.0922823 ], [ 80.0109899, 7.0922777 ], [ 80.0109661, 7.0922775 ], [ 80.0108948, 7.0922744 ], [ 80.0105828, 7.0922607 ], [ 80.0105183, 7.09226 ], [ 80.009918, 7.0922337 ], [ 80.0094319, 7.0922067 ], [ 80.0093266, 7.0922078 ], [ 80.0086155, 7.092183 ], [ 80.0085679, 7.0921835 ], [ 80.0085248, 7.0921814 ], [ 80.0084244, 7.0921741 ], [ 80.0080883, 7.0921431 ], [ 80.0078773, 7.0921515 ], [ 80.0076788, 7.0921887 ], [ 80.0074652, 7.0922379 ], [ 80.0073945, 7.0922632 ], [ 80.0073078, 7.0923029 ], [ 80.0071048, 7.0924137 ], [ 80.0070191, 7.0924668 ], [ 80.0069478, 7.0925188 ], [ 80.0066984, 7.0927291 ], [ 80.0064799, 7.0929046 ], [ 80.0062751, 7.0930357 ], [ 80.006119, 7.0931004 ], [ 80.0059107, 7.0931649 ], [ 80.005655, 7.0932353 ], [ 80.0053787, 7.0932676 ], [ 80.0051581, 7.0932735 ], [ 80.0050089, 7.0932601 ], [ 80.00484, 7.0932449 ], [ 80.0046378, 7.093197 ], [ 80.0043213, 7.0931077 ], [ 80.0038965, 7.0929905 ], [ 80.0035487, 7.0929127 ], [ 80.0032726, 7.0928529 ], [ 80.0027204, 7.092733 ], [ 80.0024002, 7.0926683 ], [ 80.0015072, 7.092488 ], [ 80.0013293, 7.0924276 ], [ 80.0011088, 7.0923737 ], [ 80.0010079, 7.0923243 ], [ 80.0008739, 7.092253 ], [ 80.0005156, 7.0919812 ], [ 80.0003648, 7.0918669 ], [ 79.9998088, 7.091441 ] ] ] } },
{ "type": "Feature", "properties": { "osm_id": "34695096", "code": 5112, "fclass": "trunk", "name": "New Kelani Bridge Road", "ref": "AA001", "oneway": "F", "maxspeed": 60, "layer": 0, "bridge": "F", "tunnel": "F" }, "geometry": { "type": "MultiLineString", "coordinates": [ [ [ 79.874638, 6.9508764 ], [ 79.8744558, 6.9509011 ], [ 79.874387, 6.9509201 ], [ 79.8743341, 6.9509381 ], [ 79.8742697, 6.9509724 ], [ 79.8741862, 6.9510262 ], [ 79.8740802, 6.9511008 ] ] ] } },
{ "type": "Feature", "properties": { "osm_id": "10548282", "code": 5112, "fclass": "trunk", "name": "Galle Road", "ref": "AA002", "oneway": "B", "maxspeed": 60, "layer": 0, "bridge": "F", "tunnel": "F" }, "geometry": { "type": "MultiLineString", "coordinates": [ [ [ 79.9431006, 6.6291784 ], [ 79.9430009, 6.6293884 ], [ 79.9428244, 6.6298357 ], [ 79.9427673, 6.6299621 ], [ 79.9426751, 6.6302476 ], [ 79.9423058, 6.6311342 ], [ 79.9422162, 6.6313494 ], [ 79.9418321, 6.6324317 ], [ 79.9414949, 6.6334396 ], [ 79.9412619, 6.6340203 ], [ 79.9412367, 6.6340947 ], [ 79.941096, 6.6344807 ], [ 79.9410254, 6.6346951 ], [ 79.9409196, 6.6349781 ], [ 79.940536, 6.6359233 ], [ 79.9404218, 6.6362053 ], [ 79.9400956, 6.6370083 ], [ 79.9399768, 6.6372767 ], [ 79.9391922, 6.6393061 ], [ 79.9390057, 6.6397759 ], [ 79.9389768, 6.6398959 ], [ 79.9389747, 6.639912 ], [ 79.9389632, 6.6400009 ], [ 79.9389485, 6.6401244 ], [ 79.9389499, 6.6402348 ], [ 79.9389875, 6.640367 ], [ 79.939037, 6.6405041 ], [ 79.9392599, 6.640948 ], [ 79.9393224, 6.6411833 ], [ 79.939336, 6.6413235 ], [ 79.9393422, 6.6414765 ], [ 79.9393358, 6.6416072 ], [ 79.9393086, 6.6417748 ], [ 79.9392978, 6.6419412 ], [ 79.9392436, 6.6421269 ], [ 79.9391713, 6.6422712 ], [ 79.9391098, 6.6423927 ], [ 79.9390151, 6.6425336 ], [ 79.9386612, 6.6430754 ], [ 79.9386109, 6.6431752 ], [ 79.938551, 6.6433386 ], [ 79.9384074, 6.6438863 ], [ 79.9383127, 6.6441146 ], [ 79.9381874, 6.6443182 ], [ 79.9378537, 6.6448724 ], [ 79.9376991, 6.6450968 ], [ 79.9373415, 6.6455556 ], [ 79.9370807, 6.6459201 ], [ 79.936854, 6.6463483 ], [ 79.9366339, 6.646852 ], [ 79.9365878, 6.6470407 ], [ 79.9365723, 6.6471909 ], [ 79.936561, 6.6474262 ], [ 79.9365612, 6.6476286 ], [ 79.936587, 6.6478147 ], [ 79.9366314, 6.6481422 ], [ 79.9366329, 6.6482018 ], [ 79.9366382, 6.6484067 ], [ 79.9365996, 6.648561 ], [ 79.9365464, 6.6487215 ], [ 79.936397, 6.6491716 ], [ 79.9363497, 6.6493102 ], [ 79.9362604, 6.6495718 ], [ 79.9362433, 6.6496202 ], [ 79.9361932, 6.6497616 ], [ 79.9361102, 6.6499097 ], [ 79.9357649, 6.6503979 ], [ 79.9356941, 6.6504928 ], [ 79.9356517, 6.6505842 ], [ 79.9356304, 6.6506545 ], [ 79.9356217, 6.6506925 ], [ 79.9356117, 6.6507362 ], [ 79.9353519, 6.6518234 ], [ 79.9351282, 6.6527083 ], [ 79.9350455, 6.6530205 ], [ 79.9349768, 6.6532652 ], [ 79.9348265, 6.6538199 ], [ 79.9347965, 6.6539234 ], [ 79.9346612, 6.6544578 ], [ 79.9345337, 6.6549615 ], [ 79.9344211, 6.6552732 ], [ 79.9343327, 6.655521 ], [ 79.934292, 6.6557434 ], [ 79.9342955, 6.6564485 ], [ 79.9342764, 6.6566239 ], [ 79.93422, 6.6567997 ], [ 79.9340913, 6.6571117 ], [ 79.933923, 6.6574398 ], [ 79.9338996, 6.6574799 ], [ 79.9338537, 6.6575586 ], [ 79.9336927, 6.6578351 ], [ 79.9333729, 6.6583843 ], [ 79.9330326, 6.659 ], [ 79.93298, 6.659102 ], [ 79.9328923, 6.6592733 ], [ 79.932593, 6.659916 ], [ 79.9322637, 6.6605726 ], [ 79.9321998, 6.6606999 ], [ 79.9321189, 6.660868 ], [ 79.9320081, 6.6611 ], [ 79.9316666, 6.6618279 ], [ 79.9315572, 6.662005 ], [ 79.9310432, 6.6628369 ], [ 79.9309242, 6.6630917 ] ] ] } },
{ "type": "Feature", "properties": { "osm_id": "8111663", "code": 5112, "fclass": "trunk", "name": "Galle Road", "ref": "AA002", "oneway": "F", "maxspeed": 60, "layer": 0, "bridge": "F", "tunnel": "F" }, "geometry": { "type": "MultiLineString", "coordinates": [ [ [ 79.8423024, 6.9312888 ], [ 79.8422982, 6.9312566 ], [ 79.8422774, 6.9311676 ], [ 79.8423046, 6.93097 ], [ 79.8425306, 6.9302739 ] ] ] } },
{ "type": "Feature", "properties": { "osm_id": "13858419", "code": 5112, "fclass": "trunk", "name": "Galle Road", "ref": "AA002", "oneway": "F", "maxspeed": 60, "layer": 0, "bridge": "F", "tunnel": "F" }, "geometry": { "type": "MultiLineString", "coordinates": [ [ [ 79.8465685, 6.9209509 ], [ 79.8466377, 6.9207285 ], [ 79.8467068, 6.920506 ], [ 79.8468512, 6.9200288 ], [ 79.8469433, 6.9197386 ], [ 79.8471459, 6.9191084 ] ] ] } },
{ "type": "Feature", "properties": { "osm_id": "10586778", "code": 5115, "fclass": "tertiary", "name": "Bodhiraja Road", "ref": "AA001", "oneway": "F", "maxspeed": 40, "layer": 0, "bridge": "F", "tunnel": "F" }, "geometry": { "type": "MultiLineString", "coordinates": [ [ [ 79.8543124, 6.9390487 ], [ 79.8544105, 6.9389008 ], [ 79.8544546, 6.9387367 ], [ 79.8544515, 6.9385219 ], [ 79.8544061, 6.9379304 ], [ 79.8543887, 6.9378097 ], [ 79.8543339, 6.9374434 ], [ 79.8541838, 6.9364408 ] ] ] } },
{ "type": "Feature", "properties": { "osm_id": "18598833", "code": 5112, "fclass": "trunk", "name": "Galle Road", "ref": "AA002", "oneway": "F", "maxspeed": 60, "layer": 0, "bridge": "F", "tunnel": "F" }, "geometry": { "type": "MultiLineString", "coordinates": [ [ [ 79.8463863, 6.9210788 ], [ 79.8463222, 6.9213298 ], [ 79.8462837, 6.9214806 ], [ 79.8462389, 6.9216063 ], [ 79.8456215, 6.923277 ], [ 79.8454738, 6.9236226 ], [ 79.8450287, 6.9247176 ], [ 79.8448563, 6.9252258 ], [ 79.844735, 6.9255832 ], [ 79.8445639, 6.9260803 ], [ 79.8443416, 6.9267264 ], [ 79.8441522, 6.9272143 ], [ 79.8440715, 6.9273633 ], [ 79.8438868, 6.9276173 ], [ 79.84331, 6.9281935 ], [ 79.8430591, 6.9285224 ], [ 79.8428818, 6.9288788 ], [ 79.8427576, 6.9292642 ], [ 79.8426649, 6.9295518 ], [ 79.842625, 6.9296772 ] ] ] } },
{ "type": "Feature", "properties": { "osm_id": "205583333", "code": 5112, "fclass": "trunk", "name": "Colombo - Negombo Road", "ref": "AA003", "oneway": "F", "maxspeed": 60, "layer": 0, "bridge": "F", "tunnel": "F" }, "geometry": { "type": "MultiLineString", "coordinates": [ [ [ 79.8454793, 7.2194548 ], [ 79.8454455, 7.2193479 ], [ 79.8454114, 7.219195 ], [ 79.8453866, 7.2190641 ], [ 79.8453692, 7.2189277 ], [ 79.8453605, 7.2188405 ], [ 79.8453597, 7.2187346 ], [ 79.8453667, 7.2185672 ], [ 79.8453739, 7.2184826 ], [ 79.8453878, 7.2183994 ], [ 79.8454162, 7.2182884 ], [ 79.8455047, 7.2180549 ], [ 79.8457137, 7.217583 ], [ 79.8461072, 7.2167109 ], [ 79.8463689, 7.2161623 ], [ 79.8465435, 7.2157752 ], [ 79.8472497, 7.2142952 ], [ 79.8475787, 7.2135805 ], [ 79.8477101, 7.2133037 ], [ 79.8478879, 7.2129152 ], [ 79.8480523, 7.2125992 ], [ 79.8481268, 7.212431 ], [ 79.8486983, 7.2111974 ], [ 79.8491248, 7.2102807 ], [ 79.8493943, 7.2096622 ], [ 79.8498639, 7.2085844 ], [ 79.849895, 7.208518 ], [ 79.8500869, 7.2081081 ], [ 79.8502694, 7.207706 ], [ 79.8504663, 7.2072721 ], [ 79.8505531, 7.2070809 ], [ 79.8508711, 7.2064065 ], [ 79.8512711, 7.2055001 ], [ 79.8517291, 7.2045144 ], [ 79.8521897, 7.2035216 ], [ 79.8524939, 7.2028513 ], [ 79.8527905, 7.202243 ], [ 79.8529498, 7.201872 ], [ 79.8531305, 7.2014808 ], [ 79.8534127, 7.2008805 ], [ 79.8540737, 7.1995196 ], [ 79.8544103, 7.1988038 ], [ 79.8544773, 7.1986628 ], [ 79.8545296, 7.1985616 ], [ 79.8545431, 7.1985231 ], [ 79.8545712, 7.1984698 ], [ 79.8546101, 7.1983913 ], [ 79.8549347, 7.1976968 ], [ 79.8551157, 7.197275 ], [ 79.8553211, 7.1967611 ], [ 79.855684, 7.1959613 ], [ 79.8559159, 7.1954628 ], [ 79.8562333, 7.194757 ], [ 79.8566691, 7.1937945 ], [ 79.856789, 7.1935335 ], [ 79.8569139, 7.193279 ], [ 79.8572092, 7.1926149 ], [ 79.8575991, 7.1917505 ], [ 79.8579295, 7.1910063 ], [ 79.8581509, 7.1904927 ], [ 79.858308, 7.1901373 ], [ 79.858483, 7.1897454 ], [ 79.8586982, 7.1892051 ], [ 79.8588705, 7.1887846 ], [ 79.8591754, 7.1880859 ], [ 79.8592879, 7.1878334 ], [ 79.8593475, 7.1876842 ], [ 79.8593831, 7.1875806 ], [ 79.8594157, 7.1874653 ], [ 79.8594448, 7.1873611 ], [ 79.8594716, 7.187248 ], [ 79.8594928, 7.1871282 ], [ 79.8595011, 7.1870311 ], [ 79.8595075, 7.1868984 ], [ 79.8595075, 7.1867595 ], [ 79.8595047, 7.1867003 ], [ 79.85949, 7.186383 ], [ 79.8594939, 7.1859383 ], [ 79.8594998, 7.185799 ], [ 79.8595132, 7.1857032 ], [ 79.8595445, 7.1855086 ], [ 79.8595786, 7.1853373 ], [ 79.8596097, 7.1852115 ], [ 79.8596406, 7.1851031 ], [ 79.8597248, 7.1848342 ], [ 79.8598534, 7.1844361 ], [ 79.8601288, 7.183612 ], [ 79.860228, 7.1833097 ], [ 79.8602998, 7.1831372 ], [ 79.8603631, 7.1829873 ], [ 79.860436, 7.1828063 ], [ 79.8605767, 7.1825034 ], [ 79.8609483, 7.181739 ], [ 79.861303, 7.181 ], [ 79.8614124, 7.1807708 ], [ 79.8615789, 7.1804052 ], [ 79.8617529, 7.1799925 ], [ 79.8619057, 7.1795971 ], [ 79.861992, 7.1793424 ], [ 79.8620784, 7.1790929 ], [ 79.8621914, 7.1787735 ], [ 79.862256, 7.1785248 ], [ 79.8623101, 7.1783065 ], [ 79.8623403, 7.1781479 ], [ 79.8623592, 7.177986 ], [ 79.8623848, 7.1777717 ], [ 79.8624206, 7.1774529 ], [ 79.862464, 7.1771965 ], [ 79.8625021, 7.176997 ], [ 79.8625562, 7.1768255 ], [ 79.8626153, 7.1766601 ], [ 79.862694, 7.1764702 ], [ 79.8628204, 7.1762015 ], [ 79.8632147, 7.1754377 ], [ 79.8634798, 7.1749157 ], [ 79.8636785, 7.1745154 ], [ 79.8638482, 7.1741891 ], [ 79.864018, 7.1738037 ], [ 79.8640779, 7.173653 ], [ 79.8642299, 7.1733034 ], [ 79.8643859, 7.1729339 ], [ 79.8645581, 7.1725594 ], [ 79.8647879, 7.1719916 ], [ 79.8649406, 7.1716508 ], [ 79.8650197, 7.1715246 ], [ 79.8651096, 7.1713594 ], [ 79.865182, 7.1712503 ], [ 79.8652675, 7.1711483 ], [ 79.865355, 7.1710307 ], [ 79.8654416, 7.1709326 ], [ 79.8655602, 7.1708152 ], [ 79.8656883, 7.1706951 ], [ 79.8659263, 7.1704969 ], [ 79.8662375, 7.1702377 ], [ 79.8666873, 7.1698722 ], [ 79.8667811, 7.1697959 ], [ 79.8669377, 7.169644 ], [ 79.8671186, 7.1694227 ], [ 79.867214, 7.1692853 ], [ 79.867308, 7.1691403 ], [ 79.8674114, 7.1689611 ], [ 79.8674894, 7.1687961 ], [ 79.8675357, 7.1686862 ], [ 79.8675752, 7.168573 ], [ 79.8676759, 7.1682519 ], [ 79.8678, 7.1678559 ], [ 79.8679456, 7.1674083 ], [ 79.8681223, 7.1668829 ], [ 79.8681729, 7.1667136 ], [ 79.8683108, 7.1662711 ], [ 79.8683457, 7.1661383 ], [ 79.8683722, 7.1660404 ], [ 79.8684222, 7.1658006 ], [ 79.8684605, 7.1654958 ], [ 79.8684905, 7.1652841 ], [ 79.8685315, 7.1650745 ], [ 79.8685545, 7.1649572 ], [ 79.8686032, 7.1647422 ], [ 79.8686611, 7.1645532 ], [ 79.8687079, 7.1644067 ], [ 79.8687703, 7.1642359 ], [ 79.8688408, 7.1640796 ], [ 79.868998, 7.1637801 ], [ 79.8690573, 7.1636646 ], [ 79.8691161, 7.1635541 ], [ 79.8691563, 7.1634535 ], [ 79.8691984, 7.1633503 ], [ 79.8692228, 7.1632798 ], [ 79.8692534, 7.1631852 ], [ 79.8692874, 7.1630469 ], [ 79.8693739, 7.1626444 ], [ 79.8694285, 7.1623871 ], [ 79.8695262, 7.162014 ], [ 79.8696527, 7.1615967 ], [ 79.8698155, 7.1611099 ], [ 79.8702755, 7.1599696 ], [ 79.8704515, 7.1594628 ], [ 79.8705385, 7.1591772 ], [ 79.8706599, 7.1588053 ], [ 79.8708616, 7.15822 ], [ 79.8711571, 7.1573344 ], [ 79.8712654, 7.1570982 ], [ 79.8713514, 7.1567387 ], [ 79.8713793, 7.1566333 ], [ 79.8714669, 7.1564162 ], [ 79.8716374, 7.1557727 ], [ 79.8717886, 7.1552315 ], [ 79.8719171, 7.1547409 ], [ 79.8720996, 7.1541074 ], [ 79.8722312, 7.1536221 ], [ 79.8724477, 7.1528247 ], [ 79.8726099, 7.1521379 ], [ 79.8727203, 7.1516316 ], [ 79.8728048, 7.1511317 ], [ 79.8728526, 7.1509172 ], [ 79.8729604, 7.149948 ], [ 79.8731065, 7.1492412 ], [ 79.8732268, 7.1485476 ], [ 79.8732839, 7.1482543 ], [ 79.8733846, 7.1477306 ], [ 79.8734956, 7.1471131 ], [ 79.8735432, 7.1468176 ], [ 79.8735841, 7.1465747 ], [ 79.8736772, 7.1460542 ], [ 79.8738031, 7.1452849 ], [ 79.8739629, 7.1443539 ], [ 79.8741128, 7.1433929 ], [ 79.8742285, 7.142714 ], [ 79.8743707, 7.1419861 ], [ 79.8744735, 7.141388 ], [ 79.874605, 7.140671 ], [ 79.8747815, 7.1396479 ], [ 79.8747961, 7.1395517 ], [ 79.8749191, 7.1388346 ], [ 79.875115, 7.1377337 ], [ 79.8751642, 7.1374638 ], [ 79.8752687, 7.1368129 ], [ 79.8754767, 7.1356577 ], [ 79.8755242, 7.1354036 ], [ 79.8755955, 7.1349677 ], [ 79.8756963, 7.1344327 ], [ 79.8757879, 7.133802 ], [ 79.875879, 7.1333286 ], [ 79.8760719, 7.1322112 ], [ 79.8762619, 7.1311824 ], [ 79.876409, 7.130371 ], [ 79.8765211, 7.1298584 ], [ 79.8766398, 7.1293349 ], [ 79.8767323, 7.1289612 ], [ 79.8768386, 7.1285743 ], [ 79.877089, 7.1276329 ], [ 79.8773177, 7.1267497 ], [ 79.8774349, 7.1263121 ], [ 79.8775706, 7.1257549 ], [ 79.8776786, 7.1252842 ], [ 79.8778017, 7.124828 ], [ 79.8778217, 7.1247533 ], [ 79.8780379, 7.1241588 ], [ 79.8783103, 7.1235064 ], [ 79.8784629, 7.1231734 ], [ 79.8785988, 7.1228452 ], [ 79.8786683, 7.1226762 ], [ 79.8787984, 7.1223163 ], [ 79.879092, 7.1214108 ], [ 79.8793148, 7.1206685 ], [ 79.8794585, 7.1201456 ], [ 79.8795723, 7.1197228 ], [ 79.8797059, 7.1192582 ], [ 79.8797424, 7.1191311 ], [ 79.879792, 7.1189707 ], [ 79.880118, 7.1180658 ], [ 79.8801724, 7.1179147 ], [ 79.8802137, 7.1178101 ], [ 79.8804488, 7.1172155 ], [ 79.8805767, 7.1169087 ], [ 79.8807355, 7.1165228 ], [ 79.8810996, 7.1155727 ], [ 79.8813127, 7.1150545 ], [ 79.8814899, 7.1146012 ], [ 79.881564, 7.1144206 ], [ 79.8816782, 7.1141534 ], [ 79.88175, 7.1139781 ], [ 79.8818051, 7.1138019 ], [ 79.8818526, 7.1136411 ], [ 79.8818721, 7.1135526 ], [ 79.8818918, 7.1134516 ], [ 79.8819097, 7.1133111 ], [ 79.8819345, 7.112904 ], [ 79.8819563, 7.1123203 ], [ 79.8819667, 7.1119964 ], [ 79.881989, 7.1117558 ], [ 79.8820209, 7.1115591 ], [ 79.8820464, 7.1114446 ], [ 79.8820773, 7.1113115 ], [ 79.8821108, 7.1111771 ], [ 79.8821712, 7.1110254 ], [ 79.8822242, 7.1108963 ], [ 79.8823447, 7.1106444 ], [ 79.8825221, 7.1103495 ] ] ] } },
{ "type": "Feature", "properties": { "osm_id": "205583330", "code": 5112, "fclass": "trunk", "name": "Colombo - Negombo Road", "ref": "AA003", "oneway": "F", "maxspeed": 60, "layer": 0, "bridge": "F", "tunnel": "F" }, "geometry": { "type": "MultiLineString", "coordinates": [ [ [ 79.8829247, 7.1097396 ], [ 79.8833769, 7.109034 ], [ 79.8835579, 7.108765 ], [ 79.8836571, 7.1085901 ], [ 79.883706, 7.1085036 ], [ 79.8837554, 7.108403 ], [ 79.8837888, 7.1083266 ], [ 79.8838293, 7.1081979 ], [ 79.8838502, 7.1081236 ], [ 79.883871, 7.1080404 ], [ 79.8838927, 7.1079422 ], [ 79.8839059, 7.1078541 ], [ 79.8839186, 7.1077417 ], [ 79.8839392, 7.1075607 ], [ 79.8839505, 7.1070554 ], [ 79.88395, 7.1063684 ], [ 79.8839426, 7.1060006 ], [ 79.8839343, 7.1055741 ], [ 79.8839287, 7.1051246 ], [ 79.8839292, 7.1048813 ], [ 79.8839323, 7.1046432 ], [ 79.883948, 7.1044143 ], [ 79.8839889, 7.1041256 ], [ 79.8840131, 7.1039608 ], [ 79.8840442, 7.1037532 ], [ 79.8840762, 7.1035355 ], [ 79.8841155, 7.1032901 ], [ 79.884178, 7.1028339 ], [ 79.8842283, 7.1024435 ], [ 79.8842617, 7.1021811 ], [ 79.8842913, 7.1019283 ], [ 79.8843355, 7.101656 ], [ 79.8843486, 7.1015663 ], [ 79.8843712, 7.1014539 ], [ 79.8844236, 7.1012709 ], [ 79.8844711, 7.1011422 ], [ 79.8845402, 7.1009827 ], [ 79.8847609, 7.1005259 ], [ 79.8848523, 7.1003154 ], [ 79.8849396, 7.1000999 ], [ 79.8849968, 7.0999482 ], [ 79.8850919, 7.0996704 ], [ 79.885123, 7.0995672 ], [ 79.8851511, 7.0994737 ], [ 79.8852322, 7.099236 ], [ 79.8852743, 7.0991126 ], [ 79.8853287, 7.0989465 ], [ 79.8854135, 7.0987259 ], [ 79.8854936, 7.0985746 ], [ 79.8855612, 7.098451 ], [ 79.8856597, 7.0982766 ], [ 79.8859534, 7.0977563 ], [ 79.8862542, 7.097217 ] ] ] } },
{ "type": "Feature", "properties": { "osm_id": "205583331", "code": 5112, "fclass": "trunk", "name": "Colombo - Negombo Road", "ref": "AA003", "oneway": "F", "maxspeed": 60, "layer": 1, "bridge": "T", "tunnel": "F" }, "geometry": { "type": "MultiLineString", "coordinates": [ [ [ 79.8907516, 7.0806965 ], [ 79.8907391, 7.0806306 ], [ 79.8906672, 7.0801815 ] ] ] } },
{ "type": "Feature", "properties": { "osm_id": "205583332", "code": 5112, "fclass": "trunk", "name": "Colombo - Negombo Road", "ref": "AA003", "oneway": "F", "maxspeed": 60, "layer": 1, "bridge": "T", "tunnel": "F" }, "geometry": { "type": "MultiLineString", "coordinates": [ [ [ 79.8825221, 7.1103495 ], [ 79.8829247, 7.1097396 ] ] ] } },
{ "type": "Feature", "properties": { "osm_id": "19315522", "code": 5112, "fclass": "trunk", "name": null, "ref": "AA002", "oneway": "B", "maxspeed": 60, "layer": 1, "bridge": "T", "tunnel": "F" }, "geometry": { "type": "MultiLineString", "coordinates": [ [ [ 79.9596668, 6.587333 ], [ 79.9595097, 6.5891074 ] ] ] } },
{ "type": "Feature", "properties": { "osm_id": "19315523", "code": 5112, "fclass": "trunk", "name": "Colombo - Galle Main Road", "ref": "AA002", "oneway": "B", "maxspeed": 60, "layer": 0, "bridge": "F", "tunnel": "F" }, "geometry": { "type": "MultiLineString", "coordinates": [ [ [ 79.9516819, 6.6098909 ], [ 79.951389, 6.6104527 ], [ 79.9508498, 6.611174 ], [ 79.9506421, 6.6116017 ], [ 79.9500237, 6.6123461 ], [ 79.949644, 6.6129042 ], [ 79.9494252, 6.6132484 ], [ 79.9494148, 6.6132661 ], [ 79.9492188, 6.6135987 ], [ 79.9490738, 6.6139146 ], [ 79.9489683, 6.6141475 ], [ 79.9489173, 6.6142601 ], [ 79.9488176, 6.6145097 ], [ 79.9486818, 6.6148496 ], [ 79.9484533, 6.6154521 ], [ 79.9482949, 6.6158875 ], [ 79.9482716, 6.6159515 ], [ 79.9481471, 6.6163398 ], [ 79.9479432, 6.6169758 ], [ 79.9478067, 6.6174442 ], [ 79.9476569, 6.6179585 ], [ 79.9476237, 6.6180576 ], [ 79.9475748, 6.6182038 ], [ 79.9471335, 6.6193693 ], [ 79.9468963, 6.6199644 ], [ 79.9465279, 6.6206782 ], [ 79.9462271, 6.6212667 ], [ 79.946011, 6.6216825 ], [ 79.9459117, 6.6218596 ], [ 79.9455609, 6.6224773 ], [ 79.9455451, 6.6225038 ], [ 79.9453041, 6.6229075 ], [ 79.9448166, 6.623829 ], [ 79.9445356, 6.6243659 ], [ 79.9443938, 6.6247347 ], [ 79.9443715, 6.6247905 ], [ 79.9441946, 6.6252745 ], [ 79.9440589, 6.6257831 ], [ 79.9440363, 6.6258716 ], [ 79.9439267, 6.6263521 ], [ 79.9438848, 6.6265357 ], [ 79.9436849, 6.6273531 ], [ 79.9435851, 6.6277085 ], [ 79.9435472, 6.6279155 ], [ 79.9431006, 6.6291784 ] ] ] } },
{ "type": "Feature", "properties": { "osm_id": "23194251", "code": 5112, "fclass": "trunk", "name": "Olcott Mawatha", "ref": "AA001", "oneway": "F", "maxspeed": 60, "layer": 0, "bridge": "F", "tunnel": "F" }, "geometry": { "type": "MultiLineString", "coordinates": [ [ [ 79.8481281, 6.9342299 ], [ 79.8481832, 6.9342352 ], [ 79.8483008, 6.9342475 ], [ 79.8496029, 6.9341886 ], [ 79.8498938, 6.9341755 ], [ 79.8503659, 6.9341745 ], [ 79.8509465, 6.9343399 ], [ 79.8511656, 6.9344036 ], [ 79.851246, 6.9344304 ] ] ] } },
{ "type": "Feature", "properties": { "osm_id": "23570028", "code": 5112, "fclass": "trunk", "name": "Olcott Mawatha", "ref": "AA001", "oneway": "F", "maxspeed": 60, "layer": 1, "bridge": "T", "tunnel": "F" }, "geometry": { "type": "MultiLineString", "coordinates": [ [ [ 79.8475176, 6.9341303 ], [ 79.8475582, 6.9341369 ], [ 79.8481281, 6.9342299 ] ] ] } },
{ "type": "Feature", "properties": { "osm_id": "1122816959", "code": 5112, "fclass": "trunk", "name": "Olcott Mawatha", "ref": "AA001", "oneway": "F", "maxspeed": 60, "layer": 0, "bridge": "F", "tunnel": "F" }, "geometry": { "type": "MultiLineString", "coordinates": [ [ [ 79.8464104, 6.9340069 ], [ 79.8466964, 6.9339923 ], [ 79.8468636, 6.9339837 ] ] ] } },
{ "type": "Feature", "properties": { "osm_id": "1122816960", "code": 5112, "fclass": "trunk", "name": "Olcott Mawatha", "ref": "AA001", "oneway": "F", "maxspeed": 60, "layer": 0, "bridge": "F", "tunnel": "F" }, "geometry": { "type": "MultiLineString", "coordinates": [ [ [ 79.8471886, 6.9340723 ], [ 79.8474612, 6.9341219 ], [ 79.8475176, 6.9341303 ] ] ] } },
{ "type": "Feature", "properties": { "osm_id": "1122816979", "code": 5113, "fclass": "primary", "name": "Central Road", "ref": "AA001", "oneway": "F", "maxspeed": 60, "layer": 0, "bridge": "F", "tunnel": "F" }, "geometry": { "type": "MultiLineString", "coordinates": [ [ [ 79.8597386, 6.9416074 ], [ 79.8596652, 6.9415788 ] ] ] } },
{ "type": "Feature", "properties": { "osm_id": "376986475", "code": 5112, "fclass": "trunk", "name": "Galle Road", "ref": "AA002", "oneway": "F", "maxspeed": 70, "layer": 0, "bridge": "F", "tunnel": "F" }, "geometry": { "type": "MultiLineString", "coordinates": [ [ [ 79.9096098, 6.7045928 ], [ 79.909969, 6.7039768 ], [ 79.9101734, 6.7035526 ], [ 79.910187, 6.7035196 ], [ 79.9103835, 6.7030242 ], [ 79.9105106, 6.702726 ], [ 79.910733, 6.7022045 ], [ 79.9108456, 6.7020124 ], [ 79.9109275, 6.7018977 ], [ 79.911158, 6.7016368 ], [ 79.9115934, 6.7012779 ], [ 79.9117958, 6.7011199 ], [ 79.9118654, 6.7010553 ], [ 79.9120984, 6.7008216 ], [ 79.912198, 6.7006785 ], [ 79.9122419, 6.7006032 ], [ 79.9123429, 6.7004166 ], [ 79.9124814, 6.7000148 ], [ 79.9125901, 6.6996365 ], [ 79.9126313, 6.6995264 ], [ 79.9128545, 6.6988866 ], [ 79.9129517, 6.698608 ], [ 79.9132001, 6.6977911 ], [ 79.9133496, 6.6972994 ], [ 79.9134725, 6.6968953 ], [ 79.9134875, 6.6968623 ], [ 79.9138731, 6.6960136 ], [ 79.9139648, 6.6958118 ], [ 79.9143751, 6.6948666 ], [ 79.9146098, 6.6944617 ], [ 79.9146768, 6.6943658 ], [ 79.914764, 6.6942646 ], [ 79.9152669, 6.6935893 ], [ 79.9153813, 6.6934051 ], [ 79.9156344, 6.6929979 ], [ 79.9157162, 6.6928594 ], [ 79.9161078, 6.6921601 ], [ 79.916195, 6.6920016 ], [ 79.9164055, 6.6916593 ], [ 79.916648, 6.6912871 ], [ 79.916727, 6.691124 ], [ 79.9169809, 6.6905178 ], [ 79.9172606, 6.6898974 ], [ 79.9173992, 6.6895669 ], [ 79.9176706, 6.6890193 ], [ 79.9179062, 6.6885439 ], [ 79.9183815, 6.6875748 ], [ 79.9188754, 6.6867108 ], [ 79.918999, 6.6864691 ], [ 79.9190729, 6.6863301 ], [ 79.919489, 6.6855031 ], [ 79.9197844, 6.6849161 ], [ 79.9198291, 6.6847778 ], [ 79.9198724, 6.6846436 ] ] ] } },
{ "type": "Feature", "properties": { "osm_id": "52705392", "code": 5112, "fclass": "trunk", "name": "New Kelani Bridge Road", "ref": "AA001", "oneway": "F", "maxspeed": 60, "layer": 0, "bridge": "F", "tunnel": "F" }, "geometry": { "type": "MultiLineString", "coordinates": [ [ [ 79.883004, 6.9555584 ], [ 79.8828126, 6.955329 ] ] ] } },
{ "type": "Feature", "properties": { "osm_id": "376986476", "code": 5112, "fclass": "trunk", "name": "Galle Road", "ref": "AA002", "oneway": "F", "maxspeed": 50, "layer": 0, "bridge": "F", "tunnel": "F" }, "geometry": { "type": "MultiLineString", "coordinates": [ [ [ 79.9095472, 6.7045545 ], [ 79.9094762, 6.7046888 ], [ 79.9092791, 6.7051717 ], [ 79.9092129, 6.7053149 ], [ 79.9089765, 6.7058358 ], [ 79.9088693, 6.7061548 ], [ 79.9088474, 6.7062239 ], [ 79.9086989, 6.7066915 ], [ 79.9086542, 6.706834 ], [ 79.9083865, 6.7078579 ], [ 79.9080136, 6.7089109 ], [ 79.9079688, 6.7090219 ], [ 79.9078242, 6.7093984 ], [ 79.9077115, 6.7097045 ] ] ] } },
{ "type": "Feature", "properties": { "osm_id": "1199643544", "code": 5112, "fclass": "trunk", "name": "Panadura - Horana Road", "ref": "AA008", "oneway": "B", "maxspeed": 70, "layer": 0, "bridge": "F", "tunnel": "F" }, "geometry": { "type": "MultiLineString", "coordinates": [ [ [ 80.0029784, 6.7190515 ], [ 80.0028358, 6.7190255 ], [ 80.0024581, 6.7190714 ] ] ] } },
{ "type": "Feature", "properties": { "osm_id": "51982426", "code": 5113, "fclass": "primary", "name": "Dudley Senanayake Mawatha", "ref": "A000", "oneway": "F", "maxspeed": 60, "layer": 0, "bridge": "F", "tunnel": "F" }, "geometry": { "type": "MultiLineString", "coordinates": [ [ [ 79.8775348, 6.9112148 ], [ 79.8774302, 6.911216 ] ] ] } },
{ "type": "Feature", "properties": { "osm_id": "52322536", "code": 5112, "fclass": "trunk", "name": "Galle Road", "ref": "AA002", "oneway": "F", "maxspeed": 70, "layer": 0, "bridge": "F", "tunnel": "F" }, "geometry": { "type": "MultiLineString", "coordinates": [ [ [ 79.8548133, 6.8956276 ], [ 79.8547185, 6.8959013 ], [ 79.8546868, 6.8960011 ], [ 79.8546142, 6.8962202 ], [ 79.8545805, 6.8963205 ], [ 79.8545001, 6.8965596 ], [ 79.8543722, 6.8969611 ], [ 79.8543228, 6.8971163 ], [ 79.8542969, 6.8971975 ], [ 79.8542371, 6.8973852 ], [ 79.8540751, 6.897894 ], [ 79.8539689, 6.8982274 ], [ 79.8539314, 6.8983453 ], [ 79.85374, 6.8989462 ], [ 79.8536879, 6.8991097 ], [ 79.8535184, 6.8996333 ], [ 79.853364, 6.9001343 ], [ 79.8532751, 6.9004392 ], [ 79.8532474, 6.9005204 ], [ 79.8532054, 6.9006474 ], [ 79.853096, 6.9009786 ], [ 79.853016, 6.9012066 ], [ 79.852978, 6.9013192 ], [ 79.8529116, 6.9015438 ], [ 79.8528202, 6.9018684 ], [ 79.8526886, 6.9022731 ], [ 79.8526266, 6.9024663 ], [ 79.852548, 6.9026903 ], [ 79.8525133, 6.9027987 ], [ 79.8524985, 6.9028446 ], [ 79.852404, 6.9031233 ], [ 79.8523516, 6.9032763 ], [ 79.8523333, 6.9033301 ], [ 79.8522914, 6.9034546 ], [ 79.8521962, 6.9037363 ], [ 79.8521251, 6.9039468 ], [ 79.8519997, 6.9043181 ], [ 79.8519167, 6.904564 ], [ 79.8518128, 6.9048742 ], [ 79.8517494, 6.9050586 ], [ 79.8517288, 6.9051245 ], [ 79.8516728, 6.9053035 ], [ 79.8516464, 6.9053837 ], [ 79.8515902, 6.9055544 ], [ 79.8515422, 6.905702 ] ] ] } },
{ "type": "Feature", "properties": { "osm_id": "376621107", "code": 5113, "fclass": "primary", "name": "Gampaha - Ja Ela Road", "ref": "AA033", "oneway": "B", "maxspeed": 60, "layer": 0, "bridge": "F", "tunnel": "F" }, "geometry": { "type": "MultiLineString", "coordinates": [ [ [ 79.9455746, 7.0998048 ], [ 79.9453828, 7.0997963 ], [ 79.9449736, 7.0997818 ], [ 79.9446641, 7.0998092 ], [ 79.9446382, 7.0998115 ], [ 79.9443282, 7.0998684 ], [ 79.9433562, 7.1000467 ], [ 79.9432262, 7.1000729 ], [ 79.9427439, 7.1001916 ], [ 79.9424834, 7.1002547 ], [ 79.9422394, 7.1003281 ], [ 79.9421212, 7.1003637 ], [ 79.9419204, 7.1004239 ], [ 79.9417334, 7.1004805 ], [ 79.9413385, 7.1005999 ], [ 79.9410361, 7.1007201 ], [ 79.940764, 7.1008282 ], [ 79.9404717, 7.1009455 ], [ 79.9404606, 7.1009499 ], [ 79.9400617, 7.1011988 ], [ 79.939745, 7.1014089 ], [ 79.9396733, 7.1014627 ], [ 79.9393734, 7.1016924 ], [ 79.9391336, 7.1018702 ] ] ] } },
{ "type": "Feature", "properties": { "osm_id": "376621108", "code": 5113, "fclass": "primary", "name": "Gampaha - Ja Ela Road", "ref": "AA033", "oneway": "B", "maxspeed": 60, "layer": 0, "bridge": "F", "tunnel": "F" }, "geometry": { "type": "MultiLineString", "coordinates": [ [ [ 79.9348377, 7.1043627 ], [ 79.9346556, 7.1043534 ], [ 79.9344754, 7.1043352 ], [ 79.9342926, 7.1042978 ], [ 79.9340488, 7.1042091 ], [ 79.933917, 7.1041591 ], [ 79.9337053, 7.1040528 ], [ 79.9336922, 7.1040467 ], [ 79.9335504, 7.1039803 ], [ 79.9334101, 7.1039239 ], [ 79.9332615, 7.1038684 ], [ 79.9330256, 7.1038502 ], [ 79.9328917, 7.1038476 ], [ 79.9326098, 7.103842 ], [ 79.9324074, 7.1038346 ], [ 79.9320507, 7.1038226 ], [ 79.9319196, 7.103825 ], [ 79.9317558, 7.103828 ], [ 79.9317131, 7.1038268 ], [ 79.931636, 7.1038285 ], [ 79.9314708, 7.1038322 ], [ 79.9312086, 7.1038292 ], [ 79.9310778, 7.1038229 ], [ 79.9310056, 7.1038101 ], [ 79.9309788, 7.1038054 ], [ 79.9305624, 7.1037127 ], [ 79.9305025, 7.1036987 ], [ 79.9302818, 7.1036473 ], [ 79.9301798, 7.1036268 ], [ 79.9300846, 7.1036086 ], [ 79.9300514, 7.1036006 ], [ 79.9299505, 7.1035763 ], [ 79.929768, 7.1035373 ], [ 79.9296246, 7.1035067 ], [ 79.9295015, 7.1034847 ], [ 79.9294494, 7.1034717 ], [ 79.9293128, 7.1034373 ], [ 79.9291657, 7.1033947 ], [ 79.9290911, 7.1033796 ], [ 79.9289045, 7.1033242 ], [ 79.9288165, 7.1033073 ], [ 79.9287473, 7.1033043 ], [ 79.9285742, 7.1033029 ], [ 79.9284812, 7.1033169 ], [ 79.9283361, 7.1033591 ], [ 79.9282597, 7.1033875 ], [ 79.9281785, 7.1034176 ], [ 79.9279982, 7.1034975 ], [ 79.9276711, 7.1036668 ], [ 79.9276013, 7.1036996 ], [ 79.9275289, 7.1037336 ], [ 79.9270792, 7.1039405 ], [ 79.9267697, 7.1040761 ], [ 79.9266042, 7.1041951 ], [ 79.926509, 7.1042577 ], [ 79.9260705, 7.1045507 ], [ 79.9258783, 7.1046588 ], [ 79.925666, 7.1047333 ], [ 79.9253258, 7.1047949 ], [ 79.9250009, 7.1048585 ], [ 79.9246259, 7.1049486 ], [ 79.9242376, 7.1050658 ] ] ] } },
{ "type": "Feature", "properties": { "osm_id": "669189459", "code": 5112, "fclass": "trunk", "name": "Galle Road", "ref": "AA002", "oneway": "F", "maxspeed": 50, "layer": 0, "bridge": "F", "tunnel": "F" }, "geometry": { "type": "MultiLineString", "coordinates": [ [ [ 79.8834135, 6.7803595 ], [ 79.8832863, 6.780101 ], [ 79.8831515, 6.7798273 ], [ 79.8831169, 6.7797571 ] ] ] } },
{ "type": "Feature", "properties": { "osm_id": "668566608", "code": 5112, "fclass": "trunk", "name": null, "ref": "AA001", "oneway": "F", "maxspeed": 30, "layer": 0, "bridge": "F", "tunnel": "F" }, "geometry": { "type": "MultiLineString", "coordinates": [ [ [ 79.8827858, 6.9564785 ], [ 79.882768, 6.956487 ], [ 79.8827525, 6.9564963 ], [ 79.8827371, 6.9565067 ] ] ] } },
{ "type": "Feature", "properties": { "osm_id": "539026662", "code": 5112, "fclass": "trunk", "name": "Colombo - Negombo Road", "ref": "AA003", "oneway": "F", "maxspeed": 60, "layer": 0, "bridge": "F", "tunnel": "F" }, "geometry": { "type": "MultiLineString", "coordinates": [ [ [ 79.8858694, 6.9720996 ], [ 79.8857348, 6.9719427 ], [ 79.8856181, 6.9717969 ], [ 79.8855805, 6.97175 ], [ 79.8854897, 6.971628 ], [ 79.8853724, 6.9714489 ], [ 79.8853033, 6.9713078 ], [ 79.8849624, 6.9705236 ], [ 79.8844993, 6.9694489 ], [ 79.8842889, 6.9689546 ], [ 79.8841574, 6.9686917 ], [ 79.8840315, 6.9684456 ], [ 79.8837763, 6.9679934 ], [ 79.8835097, 6.9675304 ], [ 79.883215, 6.9670275 ], [ 79.8829781, 6.9666135 ], [ 79.8827492, 6.9662028 ], [ 79.882647, 6.9660305 ], [ 79.8824914, 6.9657885 ], [ 79.8823682, 6.9655787 ], [ 79.8821859, 6.9652725 ], [ 79.8821159, 6.9651498 ], [ 79.8821037, 6.9651264 ] ] ] } },
{ "type": "Feature", "properties": { "osm_id": "539026663", "code": 5112, "fclass": "trunk", "name": "Colombo - Negombo Road", "ref": "AA003", "oneway": "F", "maxspeed": 60, "layer": 0, "bridge": "F", "tunnel": "F" }, "geometry": { "type": "MultiLineString", "coordinates": [ [ [ 79.8859166, 6.9721466 ], [ 79.8858694, 6.9720996 ] ] ] } },
{ "type": "Feature", "properties": { "osm_id": "376923067", "code": 5112, "fclass": "trunk", "name": "R. A. De Mel Mawatha", "ref": "AA002", "oneway": "F", "maxspeed": 60, "layer": 0, "bridge": "F", "tunnel": "F" }, "geometry": { "type": "MultiLineString", "coordinates": [ [ [ 79.85682, 6.8960291 ], [ 79.8568688, 6.8958733 ], [ 79.8571059, 6.8951159 ], [ 79.8572011, 6.8948172 ], [ 79.857274, 6.8945883 ], [ 79.8574036, 6.8941813 ], [ 79.8574265, 6.8941195 ], [ 79.8575803, 6.8936526 ], [ 79.8576871, 6.8933558 ], [ 79.8579726, 6.892547 ], [ 79.8579862, 6.8925156 ], [ 79.8579927, 6.8924975 ] ] ] } },
{ "type": "Feature", "properties": { "osm_id": "259787604", "code": 5112, "fclass": "trunk", "name": "Old Road", "ref": "AA004", "oneway": "F", "maxspeed": 50, "layer": 0, "bridge": "F", "tunnel": "F" }, "geometry": { "type": "MultiLineString", "coordinates": [ [ [ 79.9244796, 6.8490001 ], [ 79.924933, 6.8487765 ], [ 79.925141, 6.8486685 ], [ 79.9258735, 6.8481872 ], [ 79.9266673, 6.8476544 ], [ 79.9267365, 6.847608 ], [ 79.9269037, 6.8475015 ], [ 79.9272323, 6.8472835 ] ] ] } },
{ "type": "Feature", "properties": { "osm_id": "259798301", "code": 5112, "fclass": "trunk", "name": "Galle Road", "ref": "AA002", "oneway": "F", "maxspeed": 60, "layer": 0, "bridge": "F", "tunnel": "F" }, "geometry": { "type": "MultiLineString", "coordinates": [ [ [ 79.8498537, 6.9108387 ], [ 79.8498067, 6.911032 ], [ 79.8497817, 6.9111384 ], [ 79.8497236, 6.9113631 ], [ 79.849722, 6.9114454 ], [ 79.8497506, 6.9115211 ], [ 79.8497928, 6.9115924 ], [ 79.8498295, 6.9116135 ], [ 79.8500919, 6.9117641 ] ] ] } },
{ "type": "Feature", "properties": { "osm_id": "50537944", "code": 5112, "fclass": "trunk", "name": "Sri Sambuddhathva Jayanthi Mawatha", "ref": "AA004", "oneway": "F", "maxspeed": 50, "layer": 0, "bridge": "F", "tunnel": "F" }, "geometry": { "type": "MultiLineString", "coordinates": [ [ [ 79.8668302, 6.8851181 ], [ 79.8667424, 6.8851582 ], [ 79.8663388, 6.8854147 ], [ 79.8661074, 6.8855644 ], [ 79.8658932, 6.8857104 ], [ 79.8655438, 6.8859935 ], [ 79.865344, 6.8862136 ] ] ] } },
{ "type": "Feature", "properties": { "osm_id": "920870624", "code": 5112, "fclass": "trunk", "name": "Galle Road", "ref": "AA002", "oneway": "F", "maxspeed": 50, "layer": 0, "bridge": "F", "tunnel": "F" }, "geometry": { "type": "MultiLineString", "coordinates": [ [ [ 79.8841042, 6.7823443 ], [ 79.8840258, 6.7820546 ], [ 79.88391, 6.781657 ], [ 79.8834135, 6.7803595 ] ] ] } },
{ "type": "Feature", "properties": { "osm_id": "920870625", "code": 5112, "fclass": "trunk", "name": "Galle Road", "ref": "AA002", "oneway": "F", "maxspeed": 50, "layer": 0, "bridge": "F", "tunnel": "F" }, "geometry": { "type": "MultiLineString", "coordinates": [ [ [ 79.8843367, 6.7834017 ], [ 79.8842146, 6.7828654 ], [ 79.8842104, 6.7828455 ], [ 79.8841481, 6.7825516 ], [ 79.8841042, 6.7823443 ] ] ] } },
{ "type": "Feature", "properties": { "osm_id": "50664011", "code": 5112, "fclass": "trunk", "name": "High Level Road", "ref": "AA004", "oneway": "B", "maxspeed": 60, "layer": 0, "bridge": "F", "tunnel": "F" }, "geometry": { "type": "MultiLineString", "coordinates": [ [ [ 79.9942797, 6.8398041 ], [ 79.9945854, 6.8398616 ], [ 79.9952133, 6.8400202 ], [ 79.9963224, 6.84029 ], [ 79.9972435, 6.8404883 ], [ 79.9975154, 6.8405454 ], [ 79.9985302, 6.8407943 ], [ 79.9990186, 6.8408808 ], [ 80.0000078, 6.8409834 ], [ 80.0001574, 6.8410223 ], [ 80.0015957, 6.8411396 ], [ 80.001966, 6.8411534 ], [ 80.0031135, 6.841196 ] ] ] } },
{ "type": "Feature", "properties": { "osm_id": "242466546", "code": 5112, "fclass": "trunk", "name": "Colombo - Kandy Road", "ref": "AA001", "oneway": "F", "maxspeed": 60, "layer": 0, "bridge": "F", "tunnel": "F" }, "geometry": { "type": "MultiLineString", "coordinates": [ [ [ 79.9023286, 6.9677658 ], [ 79.9022574, 6.967759 ], [ 79.9022195, 6.9677588 ], [ 79.9020227, 6.9677427 ], [ 79.9018885, 6.9677496 ], [ 79.9016805, 6.9677829 ], [ 79.9015901, 6.9678126 ], [ 79.9015615, 6.9678265 ] ] ] } },
{ "type": "Feature", "properties": { "osm_id": "536510643", "code": 5112, "fclass": "trunk", "name": "Colombo - Kandy Road", "ref": "AA001", "oneway": "F", "maxspeed": 60, "layer": 0, "bridge": "F", "tunnel": "F" }, "geometry": { "type": "MultiLineString", "coordinates": [ [ [ 79.9015615, 6.9678265 ], [ 79.9015027, 6.9678565 ] ] ] } },
{ "type": "Feature", "properties": { "osm_id": "51080325", "code": 5112, "fclass": "trunk", "name": "Colombo - Negombo Road", "ref": "AA003", "oneway": "F", "maxspeed": 60, "layer": 0, "bridge": "F", "tunnel": "F" }, "geometry": { "type": "MultiLineString", "coordinates": [ [ [ 79.8837307, 7.108298 ], [ 79.883696, 7.1083785 ], [ 79.8835036, 7.1087151 ], [ 79.8828756, 7.109714 ] ] ] } },
{ "type": "Feature", "properties": { "osm_id": "536510644", "code": 5112, "fclass": "trunk", "name": "Colombo - Kandy Road", "ref": "AA001", "oneway": "F", "maxspeed": 60, "layer": 0, "bridge": "F", "tunnel": "F" }, "geometry": { "type": "MultiLineString", "coordinates": [ [ [ 79.9015615, 6.9678265 ], [ 79.9015321, 6.9677763 ], [ 79.9015158, 6.9677486 ], [ 79.9014615, 6.9676698 ], [ 79.9013631, 6.9675444 ], [ 79.9012598, 6.9674292 ], [ 79.9011571, 6.9673208 ], [ 79.9011461, 6.967299 ] ] ] } },
{ "type": "Feature", "properties": { "osm_id": "536512127", "code": 5112, "fclass": "trunk", "name": "Colombo - Kandy Road", "ref": "AA001", "oneway": "F", "maxspeed": 60, "layer": 0, "bridge": "F", "tunnel": "F" }, "geometry": { "type": "MultiLineString", "coordinates": [ [ [ 79.9015027, 6.9678565 ], [ 79.9015551, 6.9679401 ] ] ] } },
{ "type": "Feature", "properties": { "osm_id": "536510639", "code": 5112, "fclass": "trunk", "name": "Colombo - Kandy Road", "ref": "AA001", "oneway": "F", "maxspeed": 60, "layer": 0, "bridge": "F", "tunnel": "F" }, "geometry": { "type": "MultiLineString", "coordinates": [ [ [ 79.9032347, 6.9679061 ], [ 79.9039492, 6.9678532 ], [ 79.9039686, 6.967852 ], [ 79.9041791, 6.9678386 ], [ 79.9049699, 6.9677664 ], [ 79.9051805, 6.9677371 ], [ 79.9054205, 6.9676839 ], [ 79.9056459, 6.9676173 ], [ 79.9058993, 6.9675214 ], [ 79.9063633, 6.9673258 ], [ 79.9066932, 6.9672006 ], [ 79.9068622, 6.9671447 ], [ 79.9068703, 6.9671434 ], [ 79.9070949, 6.9671075 ], [ 79.9074336, 6.9670889 ], [ 79.9076226, 6.9671022 ], [ 79.9078386, 6.9671381 ], [ 79.9080625, 6.967198 ], [ 79.9082825, 6.9672872 ], [ 79.9086016, 6.9674456 ], [ 79.9095082, 6.9679165 ], [ 79.9096651, 6.967998 ], [ 79.9103408, 6.9683616 ], [ 79.9104395, 6.9684115 ], [ 79.9107133, 6.9685501 ], [ 79.9110921, 6.9687275 ] ] ] } },
{ "type": "Feature", "properties": { "osm_id": "51064306", "code": 5112, "fclass": "trunk", "name": "High Level Road", "ref": "AA004", "oneway": "B", "maxspeed": 50, "layer": 0, "bridge": "F", "tunnel": "F" }, "geometry": { "type": "MultiLineString", "coordinates": [ [ [ 79.8936986, 6.8660648 ], [ 79.8937704, 6.8659892 ], [ 79.8939836, 6.8657921 ], [ 79.8941521, 6.8656971 ], [ 79.8944023, 6.8656026 ], [ 79.8945544, 6.8655697 ], [ 79.8946549, 6.8655468 ], [ 79.8950949, 6.8654933 ], [ 79.8956962, 6.8654225 ], [ 79.8962922, 6.8652355 ], [ 79.8965721, 6.8651204 ], [ 79.8967741, 6.8650231 ], [ 79.8973964, 6.8647227 ], [ 79.8979352, 6.8644234 ], [ 79.8980586, 6.8643527 ], [ 79.8982242, 6.864265 ], [ 79.8988024, 6.8639275 ], [ 79.8993978, 6.8636621 ] ] ] } },
{ "type": "Feature", "properties": { "osm_id": "536510640", "code": 5112, "fclass": "trunk", "name": "Colombo - Kandy Road", "ref": "AA001", "oneway": "F", "maxspeed": 60, "layer": 1, "bridge": "T", "tunnel": "F" }, "geometry": { "type": "MultiLineString", "coordinates": [ [ [ 79.903022, 6.9679196 ], [ 79.9032347, 6.9679061 ] ] ] } },
{ "type": "Feature", "properties": { "osm_id": "536510641", "code": 5112, "fclass": "trunk", "name": "Colombo - Kandy Road", "ref": "AA001", "oneway": "F", "maxspeed": 60, "layer": 1, "bridge": "T", "tunnel": "F" }, "geometry": { "type": "MultiLineString", "coordinates": [ [ [ 79.9032376, 6.9678278 ], [ 79.9029906, 6.9678377 ] ] ] } },
{ "type": "Feature", "properties": { "osm_id": "51133226", "code": 5112, "fclass": "trunk", "name": "Galle Road", "ref": "AA002", "oneway": "B", "maxspeed": 70, "layer": 0, "bridge": "F", "tunnel": "F" }, "geometry": { "type": "MultiLineString", "coordinates": [ [ [ 79.9222841, 6.6797237 ], [ 79.9220539, 6.6801499 ], [ 79.9217626, 6.6806895 ], [ 79.9213863, 6.6813865 ], [ 79.9212452, 6.6816558 ], [ 79.9211679, 6.6817295 ], [ 79.9205186, 6.6831453 ] ] ] } },
{ "type": "Feature", "properties": { "osm_id": "51086286", "code": 5112, "fclass": "trunk", "name": "Galle Road", "ref": "AA002", "oneway": "F", "maxspeed": 50, "layer": 0, "bridge": "F", "tunnel": "F" }, "geometry": { "type": "MultiLineString", "coordinates": [ [ [ 79.8847411, 6.7869022 ], [ 79.8846729, 6.786077 ], [ 79.8846593, 6.785916 ], [ 79.8846312, 6.7855849 ], [ 79.8845505, 6.7846374 ], [ 79.8845162, 6.7844376 ], [ 79.8843812, 6.783651 ], [ 79.8843367, 6.7834017 ] ] ] } },
{ "type": "Feature", "properties": { "osm_id": "51086283", "code": 5113, "fclass": "primary", "name": "Galle Road", "ref": "AA002", "oneway": "B", "maxspeed": 50, "layer": 0, "bridge": "F", "tunnel": "F" }, "geometry": { "type": "MultiLineString", "coordinates": [ [ [ 79.8854283, 6.7715667 ], [ 79.8852123, 6.7720495 ], [ 79.8851083, 6.7722669 ], [ 79.8850428, 6.7724118 ], [ 79.8845928, 6.7734416 ], [ 79.8844791, 6.7737131 ], [ 79.8841056, 6.7746909 ], [ 79.8839049, 6.775156 ], [ 79.8838123, 6.7754132 ], [ 79.8835654, 6.7759713 ], [ 79.8835224, 6.7760662 ], [ 79.8833024, 6.7766706 ], [ 79.8832605, 6.7769414 ], [ 79.8832557, 6.7769726 ], [ 79.8831505, 6.7775562 ], [ 79.8831436, 6.7776269 ], [ 79.883097, 6.7785637 ], [ 79.8830957, 6.7785905 ], [ 79.8830841, 6.7791146 ], [ 79.8831094, 6.7792363 ], [ 79.8831278, 6.77937 ] ] ] } },
{ "type": "Feature", "properties": { "osm_id": "51149923", "code": 5114, "fclass": "secondary", "name": "Janadhipathi Mawatha", "ref": "AA002", "oneway": "F", "maxspeed": 60, "layer": 0, "bridge": "F", "tunnel": "F" }, "geometry": { "type": "MultiLineString", "coordinates": [ [ [ 79.8421931, 6.9319237 ], [ 79.842336, 6.9325242 ], [ 79.8424105, 6.9328619 ], [ 79.8424401, 6.9329959 ], [ 79.8427222, 6.9344544 ], [ 79.8427581, 6.93464 ] ] ] } },
{ "type": "Feature", "properties": { "osm_id": "51133939", "code": 5112, "fclass": "trunk", "name": "Galle Road", "ref": "AA002", "oneway": "F", "maxspeed": 60, "layer": 0, "bridge": "F", "tunnel": "F" }, "geometry": { "type": "MultiLineString", "coordinates": [ [ [ 79.8884032, 6.8005582 ], [ 79.8884528, 6.8001696 ], [ 79.8884932, 6.799845 ], [ 79.8885131, 6.7995894 ], [ 79.8885323, 6.7993504 ], [ 79.888541, 6.799166 ], [ 79.8885984, 6.7982214 ], [ 79.8885942, 6.797838 ], [ 79.8885772, 6.7974916 ], [ 79.8885734, 6.7974283 ], [ 79.8885567, 6.7972786 ], [ 79.8885048, 6.7968125 ], [ 79.8884753, 6.7966461 ], [ 79.8883369, 6.7961052 ], [ 79.8880578, 6.7954364 ], [ 79.8878711, 6.7949889 ], [ 79.8878381, 6.7949099 ], [ 79.8877846, 6.7947816 ], [ 79.8876226, 6.7943879 ], [ 79.8875559, 6.7942173 ], [ 79.8875447, 6.7941888 ], [ 79.8874662, 6.7939909 ], [ 79.8871845, 6.7932807 ], [ 79.8871058, 6.7930824 ], [ 79.8870457, 6.7929233 ], [ 79.8866707, 6.7919316 ], [ 79.8866377, 6.7918425 ], [ 79.8865631, 6.79163 ], [ 79.8864445, 6.7912922 ], [ 79.8861211, 6.790485 ], [ 79.8859404, 6.7900263 ], [ 79.8858857, 6.7899052 ], [ 79.8858458, 6.7897889 ], [ 79.8857058, 6.7894374 ], [ 79.885613, 6.7892044 ], [ 79.8851689, 6.7881034 ], [ 79.8851783, 6.7880764 ], [ 79.8851809, 6.7880461 ], [ 79.8851763, 6.7880182 ], [ 79.8851677, 6.7879969 ], [ 79.8851552, 6.7879775 ], [ 79.8851371, 6.7879593 ], [ 79.8851156, 6.7879453 ], [ 79.88496, 6.7875949 ], [ 79.8848902, 6.7873741 ], [ 79.8847411, 6.7869022 ] ] ] } },
{ "type": "Feature", "properties": { "osm_id": "392996015", "code": 5113, "fclass": "primary", "name": "Gampaha - Ja Ela Road", "ref": "AA033", "oneway": "B", "maxspeed": 50, "layer": 0, "bridge": "F", "tunnel": "F" }, "geometry": { "type": "MultiLineString", "coordinates": [ [ [ 79.9832669, 7.0935436 ], [ 79.9832978, 7.0935415 ] ] ] } },
{ "type": "Feature", "properties": { "osm_id": "392996018", "code": 5113, "fclass": "primary", "name": "Gampaha - Ja Ela Road", "ref": "AA033", "oneway": "B", "maxspeed": 70, "layer": 0, "bridge": "F", "tunnel": "F" }, "geometry": { "type": "MultiLineString", "coordinates": [ [ [ 79.9896582, 7.0928057 ], [ 79.989677, 7.0928032 ], [ 79.9896949, 7.0928009 ], [ 79.9897704, 7.0927942 ], [ 79.9898812, 7.0927865 ], [ 79.989979, 7.09278 ] ] ] } },
{ "type": "Feature", "properties": { "osm_id": "392996019", "code": 5113, "fclass": "primary", "name": "Gampaha - Ja Ela Road", "ref": "AA033", "oneway": "B", "maxspeed": 70, "layer": 1, "bridge": "T", "tunnel": "F" }, "geometry": { "type": "MultiLineString", "coordinates": [ [ [ 79.9857172, 7.0933207 ], [ 79.9857974, 7.0933146 ] ] ] } },
{ "type": "Feature", "properties": { "osm_id": "51270649", "code": 5113, "fclass": "primary", "name": "Central Road", "ref": "AA001", "oneway": "F", "maxspeed": 60, "layer": 0, "bridge": "F", "tunnel": "F" }, "geometry": { "type": "MultiLineString", "coordinates": [ [ [ 79.8596652, 6.9415788 ], [ 79.8595544, 6.9415365 ], [ 79.8589418, 6.9412789 ], [ 79.8583756, 6.9410562 ], [ 79.8576095, 6.9407331 ], [ 79.8566159, 6.9403035 ], [ 79.855751, 6.9400378 ], [ 79.8553811, 6.9399242 ], [ 79.8551809, 6.9398924 ], [ 79.8549739, 6.9398862 ], [ 79.8548241, 6.9398914 ], [ 79.8546308, 6.9398465 ], [ 79.8545086, 6.9397901 ], [ 79.8543361, 6.9396557 ] ] ] } },
{ "type": "Feature", "properties": { "osm_id": "392995652", "code": 5113, "fclass": "primary", "name": "Gampaha - Ja Ela Road", "ref": "AA033", "oneway": "B", "maxspeed": 50, "layer": 0, "bridge": "F", "tunnel": "F" }, "geometry": { "type": "MultiLineString", "coordinates": [ [ [ 79.9719068, 7.092396 ], [ 79.9728737, 7.0927792 ] ] ] } },
{ "type": "Feature", "properties": { "osm_id": "392995653", "code": 5113, "fclass": "primary", "name": "Gampaha - Ja Ela Road", "ref": "AA033", "oneway": "B", "maxspeed": 50, "layer": 1, "bridge": "T", "tunnel": "F" }, "geometry": { "type": "MultiLineString", "coordinates": [ [ [ 79.9717563, 7.0923373 ], [ 79.9719068, 7.092396 ] ] ] } },
{ "type": "Feature", "properties": { "osm_id": "392995756", "code": 5113, "fclass": "primary", "name": "Gampaha - Ja Ela Road", "ref": "AA033", "oneway": "B", "maxspeed": 50, "layer": 0, "bridge": "F", "tunnel": "F" }, "geometry": { "type": "MultiLineString", "coordinates": [ [ [ 79.9744799, 7.0934129 ], [ 79.9754917, 7.0938103 ], [ 79.9756352, 7.0938637 ], [ 79.975708, 7.09389 ], [ 79.9758855, 7.0939615 ], [ 79.9758878, 7.0939624 ] ] ] } },
{ "type": "Feature", "properties": { "osm_id": "392995757", "code": 5113, "fclass": "primary", "name": "Gampaha - Ja Ela Road", "ref": "AA033", "oneway": "B", "maxspeed": 50, "layer": 0, "bridge": "F", "tunnel": "F" }, "geometry": { "type": "MultiLineString", "coordinates": [ [ [ 79.9744443, 7.0933985 ], [ 79.9744799, 7.0934129 ] ] ] } },
{ "type": "Feature", "properties": { "osm_id": "392995426", "code": 5113, "fclass": "primary", "name": "Gampaha - Ja Ela Road", "ref": "AA033", "oneway": "B", "maxspeed": 50, "layer": 0, "bridge": "F", "tunnel": "F" }, "geometry": { "type": "MultiLineString", "coordinates": [ [ [ 79.9548193, 7.0932345 ], [ 79.9548396, 7.093215 ], [ 79.9549501, 7.0931126 ], [ 79.9552747, 7.0928917 ], [ 79.9554973, 7.0927852 ], [ 79.955828, 7.0926932 ], [ 79.9563208, 7.0925966 ], [ 79.9567062, 7.0925211 ], [ 79.9572487, 7.0924367 ] ] ] } },
{ "type": "Feature", "properties": { "osm_id": "392995427", "code": 5113, "fclass": "primary", "name": "Gampaha - Ja Ela Road", "ref": "AA033", "oneway": "B", "maxspeed": 50, "layer": 1, "bridge": "T", "tunnel": "F" }, "geometry": { "type": "MultiLineString", "coordinates": [ [ [ 79.9547222, 7.0933252 ], [ 79.9548193, 7.0932345 ] ] ] } },
{ "type": "Feature", "properties": { "osm_id": "50071262", "code": 5112, "fclass": "trunk", "name": "Galle Road", "ref": "AA002", "oneway": "F", "maxspeed": 60, "layer": 1, "bridge": "T", "tunnel": "F" }, "geometry": { "type": "MultiLineString", "coordinates": [ [ [ 79.8658387, 6.8528395 ], [ 79.8659854, 6.8516782 ], [ 79.8660195, 6.8513458 ], [ 79.8660244, 6.8498286 ] ] ] } },
{ "type": "Feature", "properties": { "osm_id": "50071266", "code": 5112, "fclass": "trunk", "name": "Galle Road", "ref": "AA002", "oneway": "F", "maxspeed": 50, "layer": 0, "bridge": "F", "tunnel": "F" }, "geometry": { "type": "MultiLineString", "coordinates": [ [ [ 79.8657584, 6.8530956 ], [ 79.8657427, 6.8531898 ], [ 79.8656926, 6.853496 ], [ 79.8656079, 6.8539237 ], [ 79.8655693, 6.8541187 ], [ 79.8654976, 6.8545507 ], [ 79.8654466, 6.85486 ], [ 79.8654306, 6.8549573 ], [ 79.8653101, 6.8555358 ], [ 79.8652016, 6.8560429 ], [ 79.8651167, 6.8564526 ], [ 79.8650264, 6.8568163 ], [ 79.8649019, 6.8573289 ], [ 79.8648843, 6.857402 ], [ 79.8648665, 6.8575069 ], [ 79.8648615, 6.8575395 ], [ 79.8648254, 6.8576758 ], [ 79.8648159, 6.8577117 ], [ 79.8647064, 6.8581602 ], [ 79.8646251, 6.858542 ], [ 79.8645131, 6.8589912 ], [ 79.8643869, 6.8595323 ], [ 79.8643005, 6.8598815 ], [ 79.8642429, 6.8601514 ], [ 79.8642156, 6.8602793 ], [ 79.8641387, 6.8606225 ], [ 79.864085, 6.8608625 ], [ 79.8639986, 6.86126 ], [ 79.8639612, 6.8614321 ], [ 79.8639381, 6.8615382 ], [ 79.8638506, 6.8619729 ], [ 79.8637933, 6.8622356 ], [ 79.8637742, 6.862331 ], [ 79.8637095, 6.8626418 ], [ 79.8636517, 6.8629275 ], [ 79.8636439, 6.8629659 ], [ 79.8636158, 6.8631029 ] ] ] } },
{ "type": "Feature", "properties": { "osm_id": "50071268", "code": 5112, "fclass": "trunk", "name": "Galle Road", "ref": "AA002", "oneway": "F", "maxspeed": 60, "layer": 1, "bridge": "T", "tunnel": "F" }, "geometry": { "type": "MultiLineString", "coordinates": [ [ [ 79.865969, 6.8498223 ], [ 79.8659541, 6.8513443 ], [ 79.8659149, 6.851818 ], [ 79.8658079, 6.8528343 ] ] ] } },
{ "type": "Feature", "properties": { "osm_id": "50070021", "code": 5112, "fclass": "trunk", "name": "High Level Road", "ref": "AA004", "oneway": "B", "maxspeed": 50, "layer": 0, "bridge": "F", "tunnel": "F" }, "geometry": { "type": "MultiLineString", "coordinates": [ [ [ 79.8896095, 6.869331 ], [ 79.8900027, 6.8691777 ], [ 79.8902997, 6.8690599 ], [ 79.8905421, 6.8689702 ], [ 79.8908627, 6.868856 ], [ 79.8908884, 6.8688468 ], [ 79.8915842, 6.8685494 ], [ 79.8920467, 6.8682939 ], [ 79.8922899, 6.8681223 ], [ 79.8923212, 6.8680952 ], [ 79.8927458, 6.8677281 ], [ 79.8930047, 6.8674099 ], [ 79.89323, 6.8670199 ], [ 79.8936495, 6.8662042 ], [ 79.8936986, 6.8660648 ] ] ] } },
{ "type": "Feature", "properties": { "osm_id": "50133381", "code": 5112, "fclass": "trunk", "name": "Galle Road", "ref": "AA002", "oneway": "F", "maxspeed": 60, "layer": 0, "bridge": "F", "tunnel": "F" }, "geometry": { "type": "MultiLineString", "coordinates": [ [ [ 79.8660244, 6.8498286 ], [ 79.8660385, 6.8494834 ], [ 79.8660508, 6.8489573 ], [ 79.8660549, 6.8486575 ], [ 79.8660563, 6.8484982 ], [ 79.866065, 6.8475213 ], [ 79.8661167, 6.846841 ], [ 79.8661441, 6.8465573 ], [ 79.8661745, 6.8462418 ], [ 79.866253, 6.8455803 ], [ 79.8663491, 6.8446499 ], [ 79.866376, 6.8443728 ], [ 79.8663795, 6.8443264 ], [ 79.8663888, 6.8442042 ], [ 79.8664032, 6.8439828 ], [ 79.8664482, 6.8435812 ], [ 79.8664919, 6.843358 ], [ 79.8665713, 6.8430627 ], [ 79.8666602, 6.84277 ], [ 79.866677, 6.8427175 ], [ 79.8667519, 6.8425006 ], [ 79.8668339, 6.84226 ], [ 79.8668796, 6.8421261 ], [ 79.8669328, 6.8419509 ], [ 79.8671242, 6.8413361 ], [ 79.8672004, 6.8410648 ], [ 79.867229, 6.8409641 ], [ 79.8672826, 6.8407913 ], [ 79.8672913, 6.8407632 ], [ 79.867336, 6.8405898 ], [ 79.8673652, 6.8404766 ], [ 79.8673902, 6.840362 ], [ 79.8674241, 6.8401736 ], [ 79.8674671, 6.8399085 ], [ 79.8675131, 6.8395909 ], [ 79.8675398, 6.8393354 ], [ 79.8675518, 6.8390858 ], [ 79.8675536, 6.8390483 ], [ 79.8675541, 6.8389586 ], [ 79.8675585, 6.8388049 ], [ 79.8675501, 6.8384586 ], [ 79.8675455, 6.8382467 ], [ 79.8675424, 6.8381029 ], [ 79.8675139, 6.8375983 ], [ 79.8674931, 6.837333 ], [ 79.8674788, 6.8371514 ], [ 79.8674529, 6.8368702 ], [ 79.8674082, 6.8362342 ], [ 79.8673881, 6.8357196 ], [ 79.8673863, 6.8351032 ], [ 79.8673651, 6.8344908 ], [ 79.8673681, 6.8339984 ], [ 79.8673682, 6.8336925 ], [ 79.8673693, 6.8334696 ], [ 79.8673693, 6.8331765 ], [ 79.8673729, 6.8330465 ], [ 79.8673802, 6.8329013 ], [ 79.8673807, 6.8328933 ], [ 79.8673879, 6.8327916 ], [ 79.8674006, 6.8326147 ], [ 79.8674053, 6.8325652 ], [ 79.8674206, 6.8324031 ], [ 79.8675098, 6.8318056 ], [ 79.8675461, 6.8316031 ], [ 79.8675538, 6.83156 ], [ 79.8675852, 6.8313706 ], [ 79.8677078, 6.8309075 ], [ 79.8677945, 6.8306472 ], [ 79.8678375, 6.8305117 ], [ 79.8678794, 6.8304018 ], [ 79.8681303, 6.829691 ], [ 79.8681791, 6.8295733 ], [ 79.8682332, 6.8294429 ], [ 79.8683255, 6.8292204 ], [ 79.8683454, 6.8291703 ], [ 79.8684948, 6.8287936 ], [ 79.8685549, 6.8286519 ], [ 79.8686012, 6.8285252 ], [ 79.8687111, 6.8282617 ], [ 79.8687886, 6.8280592 ], [ 79.8688591, 6.8278748 ], [ 79.8689785, 6.8275398 ], [ 79.8691108, 6.8272242 ] ] ] } },
{ "type": "Feature", "properties": { "osm_id": "50168353", "code": 5113, "fclass": "primary", "name": "Gampaha - Ja Ela Road", "ref": "AA033", "oneway": "B", "maxspeed": 60, "layer": 1, "bridge": "T", "tunnel": "F" }, "geometry": { "type": "MultiLineString", "coordinates": [ [ [ 79.9191492, 7.1035707 ], [ 79.9190349, 7.1035064 ] ] ] } },
{ "type": "Feature", "properties": { "osm_id": "50168908", "code": 5113, "fclass": "primary", "name": "Gampaha - Ja Ela Road", "ref": "AA033", "oneway": "B", "maxspeed": 60, "layer": 0, "bridge": "F", "tunnel": "F" }, "geometry": { "type": "MultiLineString", "coordinates": [ [ [ 79.9190349, 7.1035064 ], [ 79.9186918, 7.1033109 ], [ 79.9183305, 7.1031521 ], [ 79.9183084, 7.1031425 ], [ 79.9179409, 7.1029823 ], [ 79.9177575, 7.1028778 ], [ 79.9176693, 7.1028202 ], [ 79.9174531, 7.102679 ], [ 79.9170607, 7.1024358 ], [ 79.9168574, 7.1022909 ], [ 79.916416, 7.1019878 ], [ 79.9162767, 7.101892 ], [ 79.9161546, 7.1018082 ], [ 79.9158657, 7.1016098 ], [ 79.9158053, 7.1015679 ], [ 79.9156647, 7.1014702 ], [ 79.9154828, 7.1013424 ], [ 79.9154162, 7.101293 ], [ 79.9152967, 7.1012043 ], [ 79.9151277, 7.1011325 ], [ 79.9150515, 7.1011002 ], [ 79.9149518, 7.1010807 ], [ 79.9148326, 7.1010573 ], [ 79.9146858, 7.1010379 ], [ 79.9145312, 7.1010341 ], [ 79.9143257, 7.10102 ], [ 79.9141102, 7.1010158 ], [ 79.9138805, 7.1010425 ], [ 79.9136863, 7.1010847 ], [ 79.913514, 7.1011421 ], [ 79.9133875, 7.101183 ], [ 79.9132975, 7.1012102 ], [ 79.913125, 7.1012535 ], [ 79.9130075, 7.101268 ], [ 79.9127452, 7.101277 ], [ 79.9127081, 7.1012783 ], [ 79.9120858, 7.1012889 ], [ 79.9106782, 7.101328 ] ] ] } },
{ "type": "Feature", "properties": { "osm_id": "50166173", "code": 5113, "fclass": "primary", "name": "Gampaha - Ja Ela Road", "ref": "AA033", "oneway": "B", "maxspeed": 60, "layer": 1, "bridge": "T", "tunnel": "F" }, "geometry": { "type": "MultiLineString", "coordinates": [ [ [ 79.9508072, 7.0975265 ], [ 79.950874, 7.0974524 ] ] ] } },
{ "type": "Feature", "properties": { "osm_id": "50165568", "code": 5113, "fclass": "primary", "name": "Gampaha - Ja Ela Road", "ref": "AA033", "oneway": "B", "maxspeed": 50, "layer": 0, "bridge": "F", "tunnel": "F" }, "geometry": { "type": "MultiLineString", "coordinates": [ [ [ 79.9641922, 7.0917748 ], [ 79.9658524, 7.0916151 ], [ 79.9662381, 7.091578 ], [ 79.9663997, 7.0915568 ], [ 79.9666209, 7.0915277 ], [ 79.9668711, 7.0915123 ], [ 79.9669975, 7.0915052 ], [ 79.9671593, 7.0914961 ], [ 79.9672172, 7.0914956 ], [ 79.9674023, 7.0914941 ], [ 79.9674247, 7.0914964 ], [ 79.9676603, 7.0915205 ], [ 79.9678985, 7.0915664 ], [ 79.9684329, 7.0916693 ], [ 79.9685646, 7.0916808 ], [ 79.9686548, 7.0916887 ], [ 79.9688735, 7.0917072 ], [ 79.9690904, 7.0917112 ], [ 79.9694142, 7.0917417 ], [ 79.9695691, 7.0917741 ], [ 79.9699638, 7.0918711 ], [ 79.970086, 7.0919012 ], [ 79.9701956, 7.0919282 ], [ 79.9703703, 7.0919719 ], [ 79.9709194, 7.0921091 ], [ 79.9715264, 7.0922737 ], [ 79.9717152, 7.0923243 ], [ 79.9717563, 7.0923373 ] ] ] } },
{ "type": "Feature", "properties": { "osm_id": "376568977", "code": 5113, "fclass": "primary", "name": null, "ref": "AA033", "oneway": "F", "maxspeed": 40, "layer": 0, "bridge": "F", "tunnel": "F" }, "geometry": { "type": "MultiLineString", "coordinates": [ [ [ 79.9994758, 7.0912184 ], [ 79.9998088, 7.091441 ] ] ] } }
]
}
