{
"type": "FeatureCollection",
"name": "expressway",
"crs": { "type": "name", "properties": { "name": "urn:ogc:def:crs:OGC:1.3:CRS84" } },
"features": [
{ "type": "Feature", "properties": { "osm_id": "98399567", "code": 5111, "fclass": "motorway", "name": "Southern Expressway", "ref": "E001", "oneway": "F", "maxspeed": 100, "layer": 1, "bridge": "T", "tunnel": "F" }, "geometry": { "type": "MultiLineString", "coordinates": [ [ [ 80.1068799, 6.3931384 ], [ 80.1067734, 6.392366 ], [ 80.106470500893934, 6.389952036409087 ] ] ] } },
{ "type": "Feature", "properties": { "osm_id": "98399587", "code": 5111, "fclass": "motorway", "name": "Southern Expressway", "ref": "E001", "oneway": "F", "maxspeed": 100, "layer": 0, "bridge": "F", "tunnel": "F" }, "geometry": { "type": "MultiLineString", "coordinates": [ [ [ 80.1067985, 6.3931451 ], [ 80.1068488, 6.3934834 ], [ 80.1069997, 6.395163 ], [ 80.1070587, 6.3962852 ], [ 80.1069648, 6.3986281 ], [ 80.1068801, 6.3992846 ] ] ] } },
{ "type": "Feature", "properties": { "osm_id": "99145290", "code": 5111, "fclass": "motorway", "name": "Southern Expressway", "ref": "E001", "oneway": "F", "maxspeed": 100, "layer": 0, "bridge": "F", "tunnel": "F" }, "geometry": { "type": "MultiLineString", "coordinates": [ [ [ 80.0432784, 6.542041 ], [ 80.042985, 6.5440077 ], [ 80.0428627, 6.5450175 ], [ 80.0427937, 6.5456418 ], [ 80.0427183, 6.546032 ], [ 80.0421979, 6.5486248 ], [ 80.0419259, 6.5499108 ], [ 80.0415686, 6.5511733 ], [ 80.0411631, 6.5523985 ], [ 80.0407559, 6.5534857 ], [ 80.0393051, 6.5565113 ] ] ] } },
{ "type": "Feature", "properties": { "osm_id": "99145291", "code": 5111, "fclass": "motorway", "name": "Southern Expressway", "ref": "E001", "oneway": "F", "maxspeed": 100, "layer": 1, "bridge": "T", "tunnel": "F" }, "geometry": { "type": "MultiLineString", "coordinates": [ [ [ 80.0434106, 6.5412527 ], [ 80.0432784, 6.542041 ] ] ] } },
{ "type": "Feature", "properties": { "osm_id": "99145302", "code": 5111, "fclass": "motorway", "name": "Southern Expressway", "ref": "E001", "oneway": "F", "maxspeed": 100, "layer": 1, "bridge": "T", "tunnel": "F" }, "geometry": { "type": "MultiLineString", "coordinates": [ [ [ 80.0893149, 6.4521681 ], [ 80.0889989, 6.4526355 ], [ 80.0886781, 6.4531133 ] ] ] } },
{ "type": "Feature", "properties": { "osm_id": "99145303", "code": 5111, "fclass": "motorway", "name": "Southern Expressway", "ref": "E001", "oneway": "F", "maxspeed": 100, "layer": 0, "bridge": "F", "tunnel": "F" }, "geometry": { "type": "MultiLineString", "coordinates": [ [ [ 80.0886781, 6.4531133 ], [ 80.0871581, 6.4553006 ], [ 80.0867504, 6.4559067 ] ] ] } },
{ "type": "Feature", "properties": { "osm_id": "99145308", "code": 5111, "fclass": "motorway", "name": "Southern Expressway", "ref": "E001", "oneway": "F", "maxspeed": 100, "layer": 0, "bridge": "F", "tunnel": "F" }, "geometry": { "type": "MultiLineString", "coordinates": [ [ [ 80.0262999, 6.5787436 ], [ 80.0241815, 6.5817327 ], [ 80.0222036, 6.584547 ], [ 80.0205841, 6.5868001 ], [ 80.0191412, 6.5889461 ], [ 80.018051, 6.5908112 ], [ 80.0167145, 6.5934086 ], [ 80.016578, 6.5937151 ], [ 80.0164011, 6.5941469 ], [ 80.0157937, 6.595798 ], [ 80.0149236, 6.5987001 ], [ 80.0146653, 6.5993197 ], [ 80.0144603, 6.599757 ], [ 80.0142181, 6.6005126 ], [ 80.0139226, 6.6012751 ], [ 80.0129709, 6.6043551 ], [ 80.012006, 6.6070552 ], [ 80.0115644, 6.6079883 ], [ 80.0110478, 6.6089267 ], [ 80.0102217, 6.6101061 ], [ 80.0091784, 6.6112925 ] ] ] } },
{ "type": "Feature", "properties": { "osm_id": "99145309", "code": 5111, "fclass": "motorway", "name": "Southern Expressway", "ref": "E001", "oneway": "F", "maxspeed": 100, "layer": 1, "bridge": "T", "tunnel": "F" }, "geometry": { "type": "MultiLineString", "coordinates": [ [ [ 80.0433694, 6.542038 ], [ 80.043465, 6.5412764 ] ] ] } },
{ "type": "Feature", "properties": { "osm_id": "99145310", "code": 5111, "fclass": "motorway", "name": "Southern Expressway", "ref": "E001", "oneway": "F", "maxspeed": 100, "layer": 0, "bridge": "F", "tunnel": "F" }, "geometry": { "type": "MultiLineString", "coordinates": [ [ [ 80.043465, 6.5412764 ], [ 80.0436604, 6.5401314 ], [ 80.0438186, 6.5391813 ], [ 80.0442622, 6.5364298 ], [ 80.0446862, 6.5337357 ], [ 80.045073, 6.5310623 ], [ 80.0453115, 6.5298352 ], [ 80.0458437, 6.52773 ], [ 80.0462232, 6.5265695 ], [ 80.0468867, 6.5245136 ] ] ] } },
{ "type": "Feature", "properties": { "osm_id": "99145311", "code": 5111, "fclass": "motorway", "name": "Southern Expressway", "ref": "E001", "oneway": "F", "maxspeed": 100, "layer": 1, "bridge": "T", "tunnel": "F" }, "geometry": { "type": "MultiLineString", "coordinates": [ [ [ 80.0887823, 6.4531495 ], [ 80.0889823, 6.4528354 ], [ 80.0893992, 6.4522103 ] ] ] } },
{ "type": "Feature", "properties": { "osm_id": "99145312", "code": 5111, "fclass": "motorway", "name": "Southern Expressway", "ref": "E001", "oneway": "F", "maxspeed": 100, "layer": 0, "bridge": "F", "tunnel": "F" }, "geometry": { "type": "MultiLineString", "coordinates": [ [ [ 80.0092489, 6.6113634 ], [ 80.0101464, 6.6103728 ], [ 80.0107499, 6.6095769 ], [ 80.0112812, 6.6087989 ], [ 80.0116318, 6.6081342 ], [ 80.0119853, 6.6074246 ], [ 80.0124858, 6.6061111 ], [ 80.013126, 6.6040741 ], [ 80.0135783, 6.6026211 ], [ 80.0137798, 6.6019578 ], [ 80.0138545, 6.6017118 ], [ 80.0139421, 6.6014655 ], [ 80.0140966, 6.6010309 ], [ 80.0145207, 6.5998132 ], [ 80.0147997, 6.5991764 ], [ 80.0149887, 6.5987137 ], [ 80.0157838, 6.5961437 ], [ 80.016199, 6.5950316 ], [ 80.0164927, 6.5942664 ], [ 80.016782, 6.5936372 ], [ 80.0172483, 6.5926152 ], [ 80.0177837, 6.5915739 ], [ 80.0183934, 6.590441 ], [ 80.0193555, 6.5888074 ], [ 80.0198519, 6.5880616 ], [ 80.0206856, 6.5868586 ], [ 80.0215106, 6.5856808 ], [ 80.0226401, 6.5841272 ], [ 80.0242846, 6.5817968 ], [ 80.0255117, 6.5800595 ], [ 80.0264003, 6.5788303 ] ] ] } },
{ "type": "Feature", "properties": { "osm_id": "99152525", "code": 5111, "fclass": "motorway", "name": "Southern Expressway", "ref": "E001", "oneway": "F", "maxspeed": 100, "layer": 0, "bridge": "F", "tunnel": "F" }, "geometry": { "type": "MultiLineString", "coordinates": [ [ [ 80.0893992, 6.4522103 ], [ 80.0896977, 6.4517108 ], [ 80.0905632, 6.4501696 ], [ 80.090989, 6.4492589 ] ] ] } },
{ "type": "Feature", "properties": { "osm_id": "99660565", "code": 5111, "fclass": "motorway", "name": "Southern Expressway", "ref": "E001", "oneway": "F", "maxspeed": 100, "layer": 1, "bridge": "T", "tunnel": "F" }, "geometry": { "type": "MultiLineString", "coordinates": [ [ [ 79.9849411, 6.810663 ], [ 79.9849832, 6.8109643 ] ] ] } },
{ "type": "Feature", "properties": { "osm_id": "99660573", "code": 5111, "fclass": "motorway", "name": "Southern Expressway", "ref": "E001", "oneway": "F", "maxspeed": 100, "layer": 0, "bridge": "F", "tunnel": "F" }, "geometry": { "type": "MultiLineString", "coordinates": [ [ [ 79.9849832, 6.8109643 ], [ 79.9851515, 6.8123471 ], [ 79.9858161, 6.8176151 ], [ 79.9859879, 6.8192476 ], [ 79.9860219, 6.8204536 ], [ 79.9858864, 6.822973 ], [ 79.9857281, 6.8241213 ], [ 79.9855403, 6.825245 ], [ 79.9854, 6.8258478 ], [ 79.9851618, 6.8267709 ], [ 79.9848583, 6.8278199 ], [ 79.9841001, 6.8300314 ], [ 79.9819606, 6.8360646 ], [ 79.9814975, 6.8374649 ] ] ] } },
{ "type": "Feature", "properties": { "osm_id": "99660575", "code": 5111, "fclass": "motorway", "name": "Southern Expressway", "ref": "E001", "oneway": "F", "maxspeed": 100, "layer": 0, "bridge": "F", "tunnel": "F" }, "geometry": { "type": "MultiLineString", "coordinates": [ [ [ 79.9850352, 6.8106186 ], [ 79.984431, 6.8063885 ], [ 79.9841255, 6.8040704 ], [ 79.9838336, 6.8016646 ], [ 79.9835006, 6.7994133 ], [ 79.9834251, 6.7989132 ], [ 79.9833323, 6.7984006 ], [ 79.9833065, 6.79825 ], [ 79.9826289, 6.795011 ], [ 79.9821427, 6.7925016 ], [ 79.9813934, 6.7889849 ] ] ] } },
{ "type": "Feature", "properties": { "osm_id": "99660578", "code": 5111, "fclass": "motorway", "name": "Southern Expressway", "ref": "E001", "oneway": "F", "maxspeed": 100, "layer": 1, "bridge": "T", "tunnel": "F" }, "geometry": { "type": "MultiLineString", "coordinates": [ [ [ 79.9850823, 6.8109426 ], [ 79.9850352, 6.8106186 ] ] ] } },
{ "type": "Feature", "properties": { "osm_id": "102650968", "code": 5111, "fclass": "motorway", "name": "Southern Expressway", "ref": "E001", "oneway": "F", "maxspeed": 100, "layer": 0, "bridge": "F", "tunnel": "F" }, "geometry": { "type": "MultiLineString", "coordinates": [ [ [ 79.98032, 6.7833512 ], [ 79.9802297, 6.7825997 ], [ 79.9801667, 6.7818309 ], [ 79.9801349, 6.7811427 ], [ 79.9801237, 6.7807834 ], [ 79.9801218, 6.7804254 ], [ 79.9801257, 6.7800509 ], [ 79.9801308, 6.7794472 ], [ 79.9801444, 6.7788581 ], [ 79.9802138, 6.7781728 ], [ 79.9802602, 6.7776741 ] ] ] } },
{ "type": "Feature", "properties": { "osm_id": "102650975", "code": 5111, "fclass": "motorway", "name": "Southern Expressway", "ref": "E001", "oneway": "F", "maxspeed": 100, "layer": 0, "bridge": "F", "tunnel": "F" }, "geometry": { "type": "MultiLineString", "coordinates": [ [ [ 79.9804785, 6.784916 ], [ 79.9806422, 6.7857481 ], [ 79.9808741, 6.7867613 ], [ 79.9810471, 6.7877858 ], [ 79.9811298, 6.7882274 ] ] ] } },
{ "type": "Feature", "properties": { "osm_id": "102650979", "code": 5111, "fclass": "motorway", "name": "Southern Expressway", "ref": "E001", "oneway": "F", "maxspeed": 100, "layer": 0, "bridge": "F", "tunnel": "F" }, "geometry": { "type": "MultiLineString", "coordinates": [ [ [ 79.9999753, 6.71882 ], [ 80.0000019, 6.7185256 ], [ 80.0000669, 6.7176941 ], [ 80.0000891, 6.7171491 ], [ 80.000428, 6.713321 ], [ 80.0006644, 6.7101659 ], [ 80.0007361, 6.7088595 ], [ 80.0008298, 6.7078886 ], [ 80.0009713, 6.7067844 ], [ 80.0011836, 6.7051564 ], [ 80.0014159, 6.7037799 ], [ 80.0016876, 6.7023962 ], [ 80.0019178, 6.7013743 ], [ 80.0021654, 6.7004043 ], [ 80.0026264, 6.6987659 ], [ 80.0031839, 6.6969285 ] ] ] } },
{ "type": "Feature", "properties": { "osm_id": "102650981", "code": 5111, "fclass": "motorway", "name": "Southern Expressway", "ref": "E001", "oneway": "F", "maxspeed": 100, "layer": 1, "bridge": "T", "tunnel": "F" }, "geometry": { "type": "MultiLineString", "coordinates": [ [ [ 79.9802272, 6.7833667 ], [ 79.9804785, 6.784916 ] ] ] } },
{ "type": "Feature", "properties": { "osm_id": "102650987", "code": 5111, "fclass": "motorway", "name": "Southern Expressway", "ref": "E001", "oneway": "F", "maxspeed": 100, "layer": 1, "bridge": "T", "tunnel": "F" }, "geometry": { "type": "MultiLineString", "coordinates": [ [ [ 79.9805638, 6.7849286 ], [ 79.9804277, 6.784216 ], [ 79.980372, 6.7837308 ], [ 79.98032, 6.7833512 ] ] ] } },
{ "type": "Feature", "properties": { "osm_id": "103488776", "code": 5111, "fclass": "motorway", "name": "Southern Expressway", "ref": "E001", "oneway": "F", "maxspeed": 100, "layer": 0, "bridge": "F", "tunnel": "F" }, "geometry": { "type": "MultiLineString", "coordinates": [ [ [ 79.9997934, 6.7207743 ], [ 79.999792, 6.7208171 ], [ 79.9996534, 6.722551 ], [ 79.9996252, 6.7229093 ], [ 79.9995516, 6.7237202 ], [ 79.999487, 6.7245817 ], [ 79.9994174, 6.7254155 ], [ 79.9993441, 6.7262474 ], [ 79.9992588, 6.7273006 ], [ 79.9991541, 6.7283575 ], [ 79.9991219, 6.7287343 ], [ 79.9990882, 6.7291427 ], [ 79.999041, 6.7299418 ], [ 79.9990173, 6.730471 ], [ 79.9989663, 6.731224 ], [ 79.9989159, 6.7320702 ], [ 79.9988428, 6.7335588 ], [ 79.9986998, 6.7350289 ], [ 79.9985175, 6.7364993 ], [ 79.9984804, 6.7369851 ], [ 79.9984356, 6.7374563 ], [ 79.9983681, 6.7384094 ], [ 79.9982789, 6.7393826 ], [ 79.9982029, 6.7403549 ], [ 79.9981301, 6.7413932 ], [ 79.9980351, 6.7424322 ], [ 79.9980023, 6.7429 ], [ 79.9979621, 6.7433622 ], [ 79.9979286, 6.7438243 ], [ 79.9978856, 6.744284 ], [ 79.9978307, 6.7446687 ], [ 79.9978005, 6.7448911 ], [ 79.997737, 6.745458 ], [ 79.9976403, 6.7461167 ], [ 79.9974906, 6.7467726 ], [ 79.9973954, 6.747144 ], [ 79.9972877, 6.747524 ], [ 79.9970993, 6.7481458 ], [ 79.9968813, 6.7487601 ], [ 79.9967149, 6.7491911 ], [ 79.9965188, 6.7496817 ], [ 79.9962715, 6.750213 ], [ 79.9959704, 6.7508041 ], [ 79.9957016, 6.7513007 ], [ 79.9954935, 6.7516572 ], [ 79.9952143, 6.7520951 ], [ 79.9949658, 6.752481 ], [ 79.9945908, 6.7530112 ], [ 79.994284, 6.7534205 ], [ 79.9933403, 6.7547265 ], [ 79.9921873, 6.7562661 ], [ 79.991638, 6.756996 ] ] ] } },
{ "type": "Feature", "properties": { "osm_id": "105234936", "code": 5111, "fclass": "motorway", "name": "Southern Expressway", "ref": "E001", "oneway": "F", "maxspeed": 100, "layer": 0, "bridge": "F", "tunnel": "F" }, "geometry": { "type": "MultiLineString", "coordinates": [ [ [ 79.9917074, 6.7570323 ], [ 79.9928077, 6.7556 ], [ 79.9936565, 6.7544181 ], [ 79.9945346, 6.7532324 ], [ 79.9949841, 6.7526094 ], [ 79.9955452, 6.7517415 ], [ 79.9960335, 6.7508893 ], [ 79.9963788, 6.7501864 ], [ 79.9966783, 6.7495247 ], [ 79.9968685, 6.7490312 ], [ 79.9970423, 6.7485643 ], [ 79.9972072, 6.7480677 ], [ 79.9974305, 6.7473517 ], [ 79.9975995, 6.7467043 ], [ 79.9977038, 6.7461737 ], [ 79.9978081, 6.7455523 ], [ 79.9978949, 6.7448071 ], [ 79.9979406, 6.7444503 ], [ 79.9979866, 6.7440894 ], [ 79.9980387, 6.7433878 ], [ 79.9980667, 6.7430359 ], [ 79.9981014, 6.7426778 ], [ 79.99817, 6.7419646 ], [ 79.9982266, 6.7412596 ], [ 79.9982772, 6.7405693 ], [ 79.9983305, 6.7398856 ], [ 79.9984449, 6.7384783 ], [ 79.998511, 6.7377698 ], [ 79.9985525, 6.7370485 ], [ 79.9987157, 6.7356567 ], [ 79.9987959, 6.734969 ], [ 79.9988782, 6.7341885 ], [ 79.9991055, 6.7314396 ], [ 79.9991856, 6.7300364 ], [ 79.9991871, 6.7293163 ], [ 79.9992442, 6.728603 ], [ 79.9993583, 6.7272373 ], [ 79.9994294, 6.726524 ], [ 79.9994747, 6.7258495 ], [ 79.9995314, 6.7251251 ], [ 79.9995802, 6.7244384 ], [ 79.999648, 6.7237212 ], [ 79.9997067, 6.7229814 ], [ 79.9997654, 6.7222817 ], [ 79.999821, 6.7215669 ], [ 79.9998781, 6.7208566 ], [ 79.9999102, 6.7204493 ], [ 79.9999393, 6.719126 ] ] ] } },
{ "type": "Feature", "properties": { "osm_id": "137530696", "code": 5111, "fclass": "motorway", "name": "Southern Expressway", "ref": "E001", "oneway": "F", "maxspeed": 100, "layer": 0, "bridge": "F", "tunnel": "F" }, "geometry": { "type": "MultiLineString", "coordinates": [ [ [ 80.0934555, 6.4359476 ], [ 80.093528, 6.4356354 ], [ 80.0936704, 6.4350691 ], [ 80.093843, 6.4345479 ], [ 80.0940244, 6.4340376 ], [ 80.0942212, 6.4335244 ], [ 80.0944212, 6.4329606 ], [ 80.0944696, 6.4328174 ], [ 80.094864, 6.43186 ], [ 80.0954541, 6.4306446 ], [ 80.0960174, 6.4293706 ], [ 80.0969669, 6.4273876 ], [ 80.0973263, 6.42654 ], [ 80.0977232, 6.4256764 ], [ 80.098206, 6.4247169 ], [ 80.098662, 6.4235601 ], [ 80.0987837, 6.4232983 ], [ 80.0995686, 6.4216091 ], [ 80.0998979, 6.420802 ], [ 80.1009553, 6.4183621 ] ] ] } },
{ "type": "Feature", "properties": { "osm_id": "137530697", "code": 5111, "fclass": "motorway", "name": "Southern Expressway", "ref": "E001", "oneway": "F", "maxspeed": 100, "layer": 0, "bridge": "F", "tunnel": "F" }, "geometry": { "type": "MultiLineString", "coordinates": [ [ [ 80.085902, 6.457133 ], [ 80.0855898, 6.4576122 ], [ 80.0822123, 6.4625756 ], [ 80.0801887, 6.4655879 ], [ 80.0793248, 6.4668633 ], [ 80.077849, 6.4690423 ], [ 80.0767219, 6.4706764 ], [ 80.0760388, 6.4716594 ], [ 80.0758905, 6.4719038 ], [ 80.0754214, 6.4726893 ], [ 80.0752907, 6.4729011 ], [ 80.0751625, 6.4731609 ], [ 80.0745693, 6.4743787 ], [ 80.0739815, 6.4756339 ], [ 80.0732434, 6.4771634 ], [ 80.0728711, 6.477887 ], [ 80.0722133, 6.4791699 ], [ 80.0710354, 6.4811584 ], [ 80.069849, 6.4829719 ], [ 80.0686278, 6.4847855 ], [ 80.0679864, 6.4858323 ], [ 80.0678088, 6.4861747 ] ] ] } },
{ "type": "Feature", "properties": { "osm_id": "137530698", "code": 5111, "fclass": "motorway", "name": "Southern Expressway", "ref": "E001", "oneway": "F", "maxspeed": 100, "layer": 1, "bridge": "T", "tunnel": "F" }, "geometry": { "type": "MultiLineString", "coordinates": [ [ [ 80.0867504, 6.4559067 ], [ 80.085902, 6.457133 ] ] ] } },
{ "type": "Feature", "properties": { "osm_id": "137530699", "code": 5111, "fclass": "motorway", "name": "Southern Expressway", "ref": "E001", "oneway": "F", "maxspeed": 100, "layer": 1, "bridge": "T", "tunnel": "F" }, "geometry": { "type": "MultiLineString", "coordinates": [ [ [ 80.0913424, 6.4480758 ], [ 80.0908765, 6.449223 ] ] ] } },
{ "type": "Feature", "properties": { "osm_id": "137530700", "code": 5111, "fclass": "motorway", "name": "Southern Expressway", "ref": "E001", "oneway": "F", "maxspeed": 100, "layer": 0, "bridge": "F", "tunnel": "F" }, "geometry": { "type": "MultiLineString", "coordinates": [ [ [ 80.0908765, 6.449223 ], [ 80.0905808, 6.4498592 ], [ 80.0904743, 6.4500607 ] ] ] } },
{ "type": "Feature", "properties": { "osm_id": "137530701", "code": 5111, "fclass": "motorway", "name": "Southern Expressway", "ref": "E001", "oneway": "F", "maxspeed": 100, "layer": 1, "bridge": "T", "tunnel": "F" }, "geometry": { "type": "MultiLineString", "coordinates": [ [ [ 80.090989, 6.4492589 ], [ 80.0914528, 6.4481332 ] ] ] } },
{ "type": "Feature", "properties": { "osm_id": "137530702", "code": 5111, "fclass": "motorway", "name": "Southern Expressway", "ref": "E001", "oneway": "F", "maxspeed": 100, "layer": 1, "bridge": "T", "tunnel": "F" }, "geometry": { "type": "MultiLineString", "coordinates": [ [ [ 80.0859743, 6.4572459 ], [ 80.0868178, 6.4560157 ] ] ] } },
{ "type": "Feature", "properties": { "osm_id": "137530703", "code": 5111, "fclass": "motorway", "name": "Southern Expressway", "ref": "E001", "oneway": "F", "maxspeed": 100, "layer": 0, "bridge": "F", "tunnel": "F" }, "geometry": { "type": "MultiLineString", "coordinates": [ [ [ 80.0868178, 6.4560157 ], [ 80.0872911, 6.4553588 ] ] ] } },
{ "type": "Feature", "properties": { "osm_id": "137801632", "code": 5111, "fclass": "motorway", "name": "Southern Expressway", "ref": "E001", "oneway": "F", "maxspeed": 100, "layer": 0, "bridge": "F", "tunnel": "F" }, "geometry": { "type": "MultiLineString", "coordinates": [ [ [ 79.9813692, 6.7727564 ], [ 79.9812981, 6.7729639 ], [ 79.9811946, 6.7732723 ], [ 79.9810923, 6.773584 ], [ 79.9808882, 6.7742174 ], [ 79.9806132, 6.7753012 ], [ 79.9804685, 6.7759752 ], [ 79.980313, 6.7767101 ], [ 79.9802504, 6.7771326 ] ] ] } },
{ "type": "Feature", "properties": { "osm_id": "137803512", "code": 5111, "fclass": "motorway", "name": "Southern Expressway", "ref": "E001", "oneway": "F", "maxspeed": 100, "layer": 1, "bridge": "T", "tunnel": "F" }, "geometry": { "type": "MultiLineString", "coordinates": [ [ [ 80.0013982, 6.6263953 ], [ 80.0010631, 6.62988 ] ] ] } },
{ "type": "Feature", "properties": { "osm_id": "137803514", "code": 5111, "fclass": "motorway", "name": "Southern Expressway", "ref": "E001", "oneway": "F", "maxspeed": 100, "layer": 0, "bridge": "F", "tunnel": "F" }, "geometry": { "type": "MultiLineString", "coordinates": [ [ [ 80.0010631, 6.62988 ], [ 80.0009206, 6.6318165 ] ] ] } },
{ "type": "Feature", "properties": { "osm_id": "137803517", "code": 5111, "fclass": "motorway", "name": "Southern Expressway", "ref": "E001", "oneway": "F", "maxspeed": 100, "layer": 1, "bridge": "T", "tunnel": "F" }, "geometry": { "type": "MultiLineString", "coordinates": [ [ [ 80.0011588, 6.629885 ], [ 80.0014706, 6.6263888 ] ] ] } },
{ "type": "Feature", "properties": { "osm_id": "137926677", "code": 5111, "fclass": "motorway", "name": "Southern Expressway", "ref": "E001", "oneway": "F", "maxspeed": 100, "layer": 0, "bridge": "F", "tunnel": "F" }, "geometry": { "type": "MultiLineString", "coordinates": [ [ [ 79.9798547, 6.8432057 ], [ 79.9799586, 6.8427862 ], [ 79.9800712, 6.8423814 ], [ 79.9801971, 6.8419454 ], [ 79.9803142, 6.8415354 ], [ 79.9808379, 6.8397928 ], [ 79.9811459, 6.8389608 ], [ 79.9817252, 6.8372527 ], [ 79.982442, 6.8350306 ], [ 79.982706, 6.8342394 ], [ 79.9828381, 6.8338476 ], [ 79.9829419, 6.8335441 ], [ 79.9832646, 6.8326106 ], [ 79.9849646, 6.8278718 ], [ 79.9852865, 6.8267945 ], [ 79.9854616, 6.8260966 ], [ 79.9856385, 6.8253174 ], [ 79.9858448, 6.8241339 ], [ 79.9859899, 6.822937 ], [ 79.986142, 6.8204249 ], [ 79.9861244, 6.8196716 ], [ 79.9860882, 6.819109 ], [ 79.9860411, 6.8186727 ], [ 79.9859284, 6.8176737 ], [ 79.9857936, 6.8164977 ], [ 79.9854794, 6.8139968 ], [ 79.9852567, 6.8124011 ], [ 79.9850823, 6.8109426 ] ] ] } },
{ "type": "Feature", "properties": { "osm_id": "137926679", "code": 5111, "fclass": "motorway", "name": "Southern Expressway", "ref": "E001", "oneway": "F", "maxspeed": 100, "layer": 0, "bridge": "F", "tunnel": "F" }, "geometry": { "type": "MultiLineString", "coordinates": [ [ [ 79.9814386, 6.8376375 ], [ 79.9808983, 6.8391386 ], [ 79.9800994, 6.8416685 ], [ 79.9796882, 6.8431772 ] ] ] } },
{ "type": "Feature", "properties": { "osm_id": "153338985", "code": 5111, "fclass": "motorway", "name": "Southern Expressway", "ref": "E001", "oneway": "F", "maxspeed": 100, "layer": 0, "bridge": "F", "tunnel": "F" }, "geometry": { "type": "MultiLineString", "coordinates": [ [ [ 80.0023754, 6.654492 ], [ 80.0023723, 6.6546065 ], [ 80.0023743, 6.6550088 ], [ 80.0020767, 6.6576035 ], [ 80.0020131, 6.6586052 ], [ 80.0020011, 6.6593132 ], [ 80.0020416, 6.6606353 ], [ 80.0021588, 6.6619714 ], [ 80.0023814, 6.6632101 ], [ 80.0026178, 6.6642474 ], [ 80.0031988, 6.6660652 ], [ 80.0061953, 6.6741885 ], [ 80.0065597, 6.6753797 ], [ 80.0067644, 6.6762094 ], [ 80.0068477, 6.6765777 ], [ 80.0070519, 6.677747 ] ] ] } },
{ "type": "Feature", "properties": { "osm_id": "153338986", "code": 5111, "fclass": "motorway", "name": "Southern Expressway", "ref": "E001", "oneway": "F", "maxspeed": 100, "layer": 1, "bridge": "T", "tunnel": "F" }, "geometry": { "type": "MultiLineString", "coordinates": [ [ [ 80.0002946, 6.6393619 ], [ 80.0002658, 6.6401025 ] ] ] } },
{ "type": "Feature", "properties": { "osm_id": "153338988", "code": 5111, "fclass": "motorway", "name": "Southern Expressway", "ref": "E001", "oneway": "F", "maxspeed": 100, "layer": 1, "bridge": "T", "tunnel": "F" }, "geometry": { "type": "MultiLineString", "coordinates": [ [ [ 80.0003643, 6.6400893 ], [ 80.0003904, 6.6393795 ] ] ] } },
{ "type": "Feature", "properties": { "osm_id": "153338990", "code": 5111, "fclass": "motorway", "name": "Southern Expressway", "ref": "E001", "oneway": "F", "maxspeed": 100, "layer": 0, "bridge": "F", "tunnel": "F" }, "geometry": { "type": "MultiLineString", "coordinates": [ [ [ 80.0003904, 6.6393795 ], [ 80.0004177, 6.6387626 ], [ 80.0006496, 6.6361313 ] ] ] } },
{ "type": "Feature", "properties": { "osm_id": "154344387", "code": 5111, "fclass": "motorway", "name": "Southern Expressway", "ref": "E001", "oneway": "F", "maxspeed": 100, "layer": 1, "bridge": "T", "tunnel": "F" }, "geometry": { "type": "MultiLineString", "coordinates": [ [ [ 80.0471298, 6.5238012 ], [ 80.0468385, 6.5244518 ] ] ] } },
{ "type": "Feature", "properties": { "osm_id": "154344389", "code": 5111, "fclass": "motorway", "name": "Southern Expressway", "ref": "E001", "oneway": "F", "maxspeed": 100, "layer": 1, "bridge": "T", "tunnel": "F" }, "geometry": { "type": "MultiLineString", "coordinates": [ [ [ 80.0468867, 6.5245136 ], [ 80.0472137, 6.5238386 ] ] ] } },
{ "type": "Feature", "properties": { "osm_id": "154344394", "code": 5111, "fclass": "motorway", "name": "Southern Expressway", "ref": "E001", "oneway": "F", "maxspeed": 100, "layer": 0, "bridge": "F", "tunnel": "F" }, "geometry": { "type": "MultiLineString", "coordinates": [ [ [ 80.0472137, 6.5238386 ], [ 80.0473732, 6.5235012 ], [ 80.0476498, 6.5229758 ], [ 80.0479107, 6.5224736 ], [ 80.0482112, 6.5219843 ], [ 80.0493994, 6.5198114 ], [ 80.0505029, 6.5177642 ], [ 80.0512783, 6.5163227 ], [ 80.051658, 6.5156179 ], [ 80.0520484, 6.514945 ], [ 80.0525547, 6.5140262 ], [ 80.0529392, 6.5133472 ], [ 80.0533723, 6.5126391 ], [ 80.053711, 6.5121732 ], [ 80.0540013, 6.5117818 ], [ 80.054443, 6.5112279 ], [ 80.0549062, 6.510682 ], [ 80.0559765, 6.5094595 ], [ 80.0584931, 6.5065701 ] ] ] } },
{ "type": "Feature", "properties": { "osm_id": "154344400", "code": 5111, "fclass": "motorway", "name": "Southern Expressway", "ref": "E001", "oneway": "F", "maxspeed": 100, "layer": 0, "bridge": "F", "tunnel": "F" }, "geometry": { "type": "MultiLineString", "coordinates": [ [ [ 80.0468385, 6.5244518 ], [ 80.0465281, 6.5254608 ], [ 80.0461533, 6.5264312 ], [ 80.0457259, 6.5276868 ], [ 80.0451728, 6.5298491 ], [ 80.0449604, 6.5309893 ], [ 80.0444003, 6.5352781 ], [ 80.0439538, 6.538077 ] ] ] } },
{ "type": "Feature", "properties": { "osm_id": "175895753", "code": 5111, "fclass": "motorway", "name": "Southern Expressway", "ref": "E001", "oneway": "F", "maxspeed": 100, "layer": 0, "bridge": "F", "tunnel": "F" }, "geometry": { "type": "MultiLineString", "coordinates": [ [ [ 80.1051808, 6.4056204 ], [ 80.1051148, 6.4058723 ], [ 80.1048834, 6.4065144 ], [ 80.1045704, 6.4075942 ], [ 80.1040325, 6.4091805 ], [ 80.1038002, 6.4099058 ], [ 80.1034745, 6.4109978 ], [ 80.1033058, 6.4116723 ], [ 80.1031145, 6.4123845 ], [ 80.1028772, 6.4131512 ], [ 80.1024562, 6.4141957 ], [ 80.1023239, 6.4145682 ], [ 80.1017102, 6.4162967 ], [ 80.1009775, 6.418153 ] ] ] } },
{ "type": "Feature", "properties": { "osm_id": "175895812", "code": 5111, "fclass": "motorway", "name": "Southern Expressway", "ref": "E001", "oneway": "F", "maxspeed": 100, "layer": 0, "bridge": "F", "tunnel": "F" }, "geometry": { "type": "MultiLineString", "coordinates": [ [ [ 80.1069552, 6.3992986 ], [ 80.1070453, 6.3987081 ], [ 80.1071365, 6.3971194 ], [ 80.1071579, 6.3961279 ], [ 80.107064, 6.3948138 ], [ 80.1068799, 6.3931384 ] ] ] } },
{ "type": "Feature", "properties": { "osm_id": "175895814", "code": 5111, "fclass": "motorway", "name": "Southern Expressway", "ref": "E001", "oneway": "F", "maxspeed": 100, "layer": 1, "bridge": "T", "tunnel": "F" }, "geometry": { "type": "MultiLineString", "coordinates": [ [ [ 80.1068801, 6.3992846 ], [ 80.1067386, 6.4001516 ] ] ] } },
{ "type": "Feature", "properties": { "osm_id": "175895818", "code": 5111, "fclass": "motorway", "name": "Southern Expressway", "ref": "E001", "oneway": "F", "maxspeed": 100, "layer": 1, "bridge": "T", "tunnel": "F" }, "geometry": { "type": "MultiLineString", "coordinates": [ [ [ 80.106807, 6.4001942 ], [ 80.1068432, 6.399993 ], [ 80.1069552, 6.3992986 ] ] ] } },
{ "type": "Feature", "properties": { "osm_id": "198143410", "code": 5111, "fclass": "motorway", "name": "Southern Expressway", "ref": "E001", "oneway": "F", "maxspeed": 100, "layer": 1, "bridge": "T", "tunnel": "F" }, "geometry": { "type": "MultiLineString", "coordinates": [ [ [ 80.0009206, 6.6318165 ], [ 80.0008893, 6.6321144 ] ] ] } },
{ "type": "Feature", "properties": { "osm_id": "198143411", "code": 5111, "fclass": "motorway", "name": "Southern Expressway", "ref": "E001", "oneway": "F", "maxspeed": 100, "layer": 1, "bridge": "T", "tunnel": "F" }, "geometry": { "type": "MultiLineString", "coordinates": [ [ [ 80.0009657, 6.632194 ], [ 80.0009932, 6.6319004 ] ] ] } },
{ "type": "Feature", "properties": { "osm_id": "198143412", "code": 5111, "fclass": "motorway", "name": "Southern Expressway", "ref": "E001", "oneway": "F", "maxspeed": 100, "layer": 0, "bridge": "F", "tunnel": "F" }, "geometry": { "type": "MultiLineString", "coordinates": [ [ [ 80.0009932, 6.6319004 ], [ 80.0011588, 6.629885 ] ] ] } },
{ "type": "Feature", "properties": { "osm_id": "198143413", "code": 5111, "fclass": "motorway", "name": "Southern Expressway", "ref": "E001", "oneway": "F", "maxspeed": 100, "layer": 0, "bridge": "F", "tunnel": "F" }, "geometry": { "type": "MultiLineString", "coordinates": [ [ [ 80.0008893, 6.6321144 ], [ 80.0008062, 6.633126 ] ] ] } },
{ "type": "Feature", "properties": { "osm_id": "211258062", "code": 5111, "fclass": "motorway", "name": "Southern Expressway", "ref": "E001", "oneway": "F", "maxspeed": 100, "layer": 0, "bridge": "F", "tunnel": "F" }, "geometry": { "type": "MultiLineString", "coordinates": [ [ [ 80.0393997, 6.5565227 ], [ 80.0397935, 6.5557434 ], [ 80.0408856, 6.5534605 ], [ 80.041521, 6.5517112 ], [ 80.0420161, 6.5499589 ], [ 80.0423527, 6.5483622 ], [ 80.042789, 6.5462126 ], [ 80.0428317, 6.5460636 ], [ 80.0430666, 6.5440205 ] ] ] } },
{ "type": "Feature", "properties": { "osm_id": "211258063", "code": 5111, "fclass": "motorway", "name": "Southern Expressway", "ref": "E001", "oneway": "F", "maxspeed": 100, "layer": 1, "bridge": "T", "tunnel": "F" }, "geometry": { "type": "MultiLineString", "coordinates": [ [ [ 80.0393051, 6.5565113 ], [ 80.0391054, 6.5569142 ] ] ] } },
{ "type": "Feature", "properties": { "osm_id": "211258064", "code": 5111, "fclass": "motorway", "name": "Southern Expressway", "ref": "E001", "oneway": "F", "maxspeed": 100, "layer": 1, "bridge": "T", "tunnel": "F" }, "geometry": { "type": "MultiLineString", "coordinates": [ [ [ 80.0392241, 6.5568968 ], [ 80.0393997, 6.5565227 ] ] ] } },
{ "type": "Feature", "properties": { "osm_id": "228885225", "code": 5111, "fclass": "motorway", "name": "Southern Expressway", "ref": "E001", "oneway": "F", "maxspeed": 100, "layer": 0, "bridge": "F", "tunnel": "F" }, "geometry": { "type": "MultiLineString", "coordinates": [ [ [ 80.0679423, 6.4861892 ], [ 80.0680892, 6.4858886 ], [ 80.0685236, 6.4851499 ], [ 80.0708129, 6.481731 ], [ 80.0722889, 6.4792737 ], [ 80.07408, 6.4756868 ], [ 80.0750398, 6.4736272 ], [ 80.0754547, 6.4727925 ], [ 80.0762557, 6.4715438 ], [ 80.0771734, 6.4702129 ] ] ] } },
{ "type": "Feature", "properties": { "osm_id": "228885231", "code": 5111, "fclass": "motorway", "name": "Southern Expressway", "ref": "E001", "oneway": "F", "maxspeed": 100, "layer": 1, "bridge": "T", "tunnel": "F" }, "geometry": { "type": "MultiLineString", "coordinates": [ [ [ 80.0678088, 6.4861747 ], [ 80.0676641, 6.4864371 ] ] ] } },
{ "type": "Feature", "properties": { "osm_id": "228885232", "code": 5111, "fclass": "motorway", "name": "Southern Expressway", "ref": "E001", "oneway": "F", "maxspeed": 100, "layer": 1, "bridge": "T", "tunnel": "F" }, "geometry": { "type": "MultiLineString", "coordinates": [ [ [ 80.0678073, 6.4864562 ], [ 80.0679423, 6.4861892 ] ] ] } },
{ "type": "Feature", "properties": { "osm_id": "228885233", "code": 5111, "fclass": "motorway", "name": "Southern Expressway", "ref": "E001", "oneway": "F", "maxspeed": 100, "layer": 0, "bridge": "F", "tunnel": "F" }, "geometry": { "type": "MultiLineString", "coordinates": [ [ [ 80.0676641, 6.4864371 ], [ 80.0673795, 6.4871275 ], [ 80.0670572, 6.4881966 ], [ 80.0668386, 6.4892495 ], [ 80.0665554, 6.4906013 ], [ 80.0661546, 6.4926164 ], [ 80.0656551, 6.4948555 ], [ 80.0653616, 6.4963479 ], [ 80.0650849, 6.4973116 ], [ 80.0647555, 6.4981239 ], [ 80.0642963, 6.4990108 ], [ 80.0636166, 6.5001629 ], [ 80.0626422, 6.5014614 ], [ 80.0596196, 6.5050835 ], [ 80.0589263, 6.5059408 ] ] ] } },
{ "type": "Feature", "properties": { "osm_id": "242431513", "code": 5111, "fclass": "motorway", "name": "Colombo - Katunayake Expressway", "ref": "E003", "oneway": "F", "maxspeed": 100, "layer": 0, "bridge": "F", "tunnel": "F" }, "geometry": { "type": "MultiLineString", "coordinates": [ [ [ 79.878621, 7.1630349 ], [ 79.8781166, 7.1624591 ], [ 79.8776432, 7.1618518 ] ] ] } },
{ "type": "Feature", "properties": { "osm_id": "250353060", "code": 5111, "fclass": "motorway", "name": "Colombo - Katunayake Expressway", "ref": "E003", "oneway": "F", "maxspeed": 100, "layer": 0, "bridge": "F", "tunnel": "F" }, "geometry": { "type": "MultiLineString", "coordinates": [ [ [ 79.8939197, 6.9711605 ], [ 79.8939864, 6.9717967 ], [ 79.8940527, 6.9724877 ], [ 79.8940968, 6.9728359 ], [ 79.8941815, 6.9732362 ], [ 79.894248, 6.9734746 ], [ 79.8943083, 6.9736909 ], [ 79.8943932, 6.9739231 ], [ 79.8944729, 6.9741129 ], [ 79.8945928, 6.974381 ], [ 79.8947035, 6.9745972 ], [ 79.8948642, 6.9748645 ], [ 79.8950948, 6.975184 ], [ 79.895325, 6.9754439 ], [ 79.8956301, 6.9757428 ], [ 79.8958705, 6.9759514 ], [ 79.8960967, 6.9761318 ], [ 79.8964613, 6.9764017 ], [ 79.896987, 6.9767792 ] ] ] } },
{ "type": "Feature", "properties": { "osm_id": "250353742", "code": 5111, "fclass": "motorway", "name": "Colombo - Katunayake Expressway", "ref": "E003", "oneway": "F", "maxspeed": 100, "layer": 0, "bridge": "F", "tunnel": "F" }, "geometry": { "type": "MultiLineString", "coordinates": [ [ [ 79.8685621, 7.1535009 ], [ 79.8688249, 7.154483 ], [ 79.8689512, 7.154892 ], [ 79.8691047, 7.1552317 ], [ 79.8693042, 7.1555449 ], [ 79.8695431, 7.1558373 ], [ 79.8696821, 7.1559794 ], [ 79.8698341, 7.1561163 ], [ 79.8700041, 7.1562455 ], [ 79.8701754, 7.1563707 ], [ 79.8705429, 7.1565618 ], [ 79.8709817, 7.1567149 ] ] ] } },
{ "type": "Feature", "properties": { "osm_id": "259804696", "code": 5111, "fclass": "motorway", "name": "Colombo - Katunayake Expressway", "ref": "E003", "oneway": "F", "maxspeed": 100, "layer": 0, "bridge": "F", "tunnel": "F" }, "geometry": { "type": "MultiLineString", "coordinates": [ [ [ 79.8783343, 7.089938 ], [ 79.8783514, 7.0896626 ], [ 79.8783461, 7.089497 ], [ 79.8783288, 7.0892117 ], [ 79.8783006, 7.088567 ], [ 79.8782336, 7.0879111 ], [ 79.8780782, 7.0866328 ], [ 79.8779737, 7.0858964 ], [ 79.8778829, 7.085236 ], [ 79.8778074, 7.0845403 ], [ 79.8777325, 7.0836878 ], [ 79.8776612, 7.0830726 ], [ 79.8776064, 7.0823919 ], [ 79.8775227, 7.0804919 ], [ 79.8775182, 7.0798509 ], [ 79.8775223, 7.0793844 ], [ 79.8775308, 7.0787653 ], [ 79.8775357, 7.078481 ], [ 79.8775404, 7.0782352 ], [ 79.8775653, 7.0777522 ], [ 79.8775999, 7.0772954 ], [ 79.877627, 7.0769573 ] ] ] } },
{ "type": "Feature", "properties": { "osm_id": "259804697", "code": 5111, "fclass": "motorway", "name": "Colombo - Katunayake Expressway", "ref": "E003", "oneway": "F", "maxspeed": 100, "layer": 0, "bridge": "F", "tunnel": "F" }, "geometry": { "type": "MultiLineString", "coordinates": [ [ [ 79.8776732, 7.0764209 ], [ 79.8777404, 7.0757485 ], [ 79.877901, 7.0744975 ], [ 79.8780972, 7.073254 ], [ 79.8784214, 7.0707777 ], [ 79.8786661, 7.0682703 ], [ 79.8791413, 7.0630423 ], [ 79.8793386, 7.0605313 ], [ 79.8794539, 7.0592077 ], [ 79.8795996, 7.0578842 ], [ 79.8797673, 7.0562583 ], [ 79.8798807, 7.0554453 ], [ 79.8800144, 7.0546274 ], [ 79.8803514, 7.0530431 ], [ 79.8807608, 7.0514512 ], [ 79.8811086, 7.0503114 ] ] ] } },
{ "type": "Feature", "properties": { "osm_id": "259804698", "code": 5111, "fclass": "motorway", "name": "Colombo-Katunayake Expressway", "ref": "E3", "oneway": "F", "maxspeed": 100, "layer": 0, "bridge": "F", "tunnel": "F" }, "geometry": { "type": "MultiLineString", "coordinates": [ [ [ 79.8897892, 6.9633763 ], [ 79.8894143, 6.9629362 ], [ 79.8884214, 6.9617727 ], [ 79.8874423, 6.960606 ], [ 79.8869814, 6.9600642 ] ] ] } },
{ "type": "Feature", "properties": { "osm_id": "259804702", "code": 5111, "fclass": "motorway", "name": "Colombo - Katunayake Expressway", "ref": "E003", "oneway": "F", "maxspeed": 100, "layer": 1, "bridge": "T", "tunnel": "F" }, "geometry": { "type": "MultiLineString", "coordinates": [ [ [ 79.8776432, 7.1618518 ], [ 79.8770224, 7.1611326 ], [ 79.8747082, 7.1584763 ], [ 79.8744127, 7.158172 ], [ 79.8739424, 7.1577633 ], [ 79.8737026, 7.1575923 ], [ 79.8733522, 7.1573857 ], [ 79.8728502, 7.1571891 ], [ 79.87241, 7.1570259 ], [ 79.8709877, 7.1566158 ] ] ] } },
{ "type": "Feature", "properties": { "osm_id": "259804703", "code": 5111, "fclass": "motorway", "name": "Colombo - Katunayake Expressway", "ref": "E003", "oneway": "F", "maxspeed": 100, "layer": 1, "bridge": "T", "tunnel": "F" }, "geometry": { "type": "MultiLineString", "coordinates": [ [ [ 79.8902667, 6.9638976 ], [ 79.8897892, 6.9633763 ] ] ] } },
{ "type": "Feature", "properties": { "osm_id": "259804705", "code": 5111, "fclass": "motorway", "name": "Colombo - Katunayake Expressway", "ref": "E003", "oneway": "F", "maxspeed": 100, "layer": 1, "bridge": "T", "tunnel": "F" }, "geometry": { "type": "MultiLineString", "coordinates": [ [ [ 79.8783174, 7.0902193 ], [ 79.8783343, 7.089938 ] ] ] } },
{ "type": "Feature", "properties": { "osm_id": "259804707", "code": 5111, "fclass": "motorway", "name": "Colombo - Katunayake Expressway", "ref": "E003", "oneway": "F", "maxspeed": 100, "layer": 1, "bridge": "T", "tunnel": "F" }, "geometry": { "type": "MultiLineString", "coordinates": [ [ [ 79.8775892, 7.0958339 ], [ 79.8775906, 7.0955856 ] ] ] } },
{ "type": "Feature", "properties": { "osm_id": "259804709", "code": 5111, "fclass": "motorway", "name": "Colombo - Katunayake Expressway", "ref": "E003", "oneway": "F", "maxspeed": 100, "layer": 2, "bridge": "T", "tunnel": "F" }, "geometry": { "type": "MultiLineString", "coordinates": [ [ [ 79.8776212, 7.1074491 ], [ 79.8777007, 7.1066551 ] ] ] } },
{ "type": "Feature", "properties": { "osm_id": "259804710", "code": 5111, "fclass": "motorway", "name": "Colombo - Katunayake Expressway", "ref": "E003", "oneway": "F", "maxspeed": 100, "layer": 1, "bridge": "T", "tunnel": "F" }, "geometry": { "type": "MultiLineString", "coordinates": [ [ [ 79.9006544, 6.9885927 ], [ 79.900361, 6.9881675 ], [ 79.9001783, 6.9878829 ], [ 79.8999893, 6.9875187 ], [ 79.8998546, 6.9872009 ], [ 79.8997054, 6.9868 ], [ 79.899631, 6.9865672 ], [ 79.8995651, 6.9863471 ], [ 79.8994599, 6.9859442 ], [ 79.8994133, 6.985741 ], [ 79.8993696, 6.9854928 ], [ 79.8993287, 6.98526 ], [ 79.8993063, 6.985061 ], [ 79.8992621, 6.9845649 ] ] ] } },
{ "type": "Feature", "properties": { "osm_id": "259804713", "code": 5111, "fclass": "motorway", "name": "Colombo - Katunayake Expressway", "ref": "E003", "oneway": "F", "maxspeed": 100, "layer": 1, "bridge": "T", "tunnel": "F" }, "geometry": { "type": "MultiLineString", "coordinates": [ [ [ 79.877627, 7.0769573 ], [ 79.8776732, 7.0764209 ] ] ] } },
{ "type": "Feature", "properties": { "osm_id": "259804718", "code": 5111, "fclass": "motorway", "name": "Colombo - Katunayake Expressway", "ref": "E003", "oneway": "F", "maxspeed": 100, "layer": 1, "bridge": "T", "tunnel": "F" }, "geometry": { "type": "MultiLineString", "coordinates": [ [ [ 79.8686592, 7.1534744 ], [ 79.8685081, 7.1528904 ] ] ] } },
{ "type": "Feature", "properties": { "osm_id": "259804719", "code": 5111, "fclass": "motorway", "name": "Colombo - Katunayake Expressway", "ref": "E003", "oneway": "F", "maxspeed": 100, "layer": 0, "bridge": "F", "tunnel": "F" }, "geometry": { "type": "MultiLineString", "coordinates": [ [ [ 79.8685081, 7.1528904 ], [ 79.8679072, 7.1504484 ], [ 79.8675484, 7.1489541 ], [ 79.8673276, 7.1477305 ], [ 79.8671616, 7.1462287 ], [ 79.8671079, 7.1454995 ], [ 79.8671153, 7.144772 ], [ 79.8671704, 7.1436265 ], [ 79.8673501, 7.1423289 ], [ 79.8675394, 7.1412546 ], [ 79.8677294, 7.1405294 ], [ 79.8682097, 7.1391086 ], [ 79.8689321, 7.1373787 ], [ 79.8700114, 7.1350814 ], [ 79.8705831, 7.1337966 ], [ 79.8709243, 7.1328888 ], [ 79.8712108, 7.1319506 ], [ 79.8716093, 7.1305004 ], [ 79.8718055, 7.1294772 ], [ 79.8720768, 7.1277073 ], [ 79.8722824, 7.1265666 ], [ 79.8728048, 7.1242602 ], [ 79.8733088, 7.1226548 ], [ 79.8737118, 7.12145 ] ] ] } },
{ "type": "Feature", "properties": { "osm_id": "259804722", "code": 5111, "fclass": "motorway", "name": "Colombo - Katunayake Expressway", "ref": "E003", "oneway": "F", "maxspeed": 100, "layer": 0, "bridge": "F", "tunnel": "F" }, "geometry": { "type": "MultiLineString", "coordinates": [ [ [ 79.8992621, 6.9845649 ], [ 79.899272, 6.983923 ], [ 79.8992893, 6.9835875 ], [ 79.8993537, 6.9830231 ], [ 79.899437, 6.9824374 ], [ 79.8995004, 6.9820281 ], [ 79.8995423, 6.9816214 ], [ 79.8995677, 6.9813632 ], [ 79.8995854, 6.9811227 ], [ 79.8995804, 6.9808595 ], [ 79.8995702, 6.9806831 ], [ 79.8995562, 6.980523 ], [ 79.8995393, 6.9803427 ], [ 79.8994726, 6.9799832 ], [ 79.8993999, 6.9796956 ], [ 79.8993078, 6.9793941 ], [ 79.8992038, 6.9791235 ], [ 79.8990912, 6.9788947 ], [ 79.8989523, 6.9786306 ], [ 79.8988011, 6.9783754 ], [ 79.8986297, 6.9781434 ], [ 79.8984204, 6.9778713 ], [ 79.8982352, 6.977659 ], [ 79.8980339, 6.9774589 ], [ 79.8975768, 6.9770611 ], [ 79.8972418, 6.9768051 ] ] ] } },
{ "type": "Feature", "properties": { "osm_id": "259804733", "code": 5111, "fclass": "motorway", "name": "Colombo - Katunayake Expressway", "ref": "E003", "oneway": "F", "maxspeed": 100, "layer": 0, "bridge": "F", "tunnel": "F" }, "geometry": { "type": "MultiLineString", "coordinates": [ [ [ 79.8777007, 7.1066551 ], [ 79.8777957, 7.1054764 ], [ 79.877866, 7.1041396 ], [ 79.877875, 7.1031536 ], [ 79.8778449, 7.1016044 ], [ 79.8777154, 7.0993883 ], [ 79.8776263, 7.0976201 ], [ 79.8775891, 7.0968675 ], [ 79.8775892, 7.0958339 ] ] ] } },
{ "type": "Feature", "properties": { "osm_id": "259804734", "code": 5111, "fclass": "motorway", "name": "Colombo - Katunayake Expressway", "ref": "E003", "oneway": "F", "maxspeed": 100, "layer": 0, "bridge": "F", "tunnel": "F" }, "geometry": { "type": "MultiLineString", "coordinates": [ [ [ 79.8775906, 7.0955856 ], [ 79.8776216, 7.0950484 ], [ 79.8776625, 7.0945176 ], [ 79.8777276, 7.0940002 ], [ 79.8778218, 7.0933912 ], [ 79.8779375, 7.0927636 ], [ 79.8780911, 7.0919007 ], [ 79.8781923, 7.0913532 ], [ 79.8782564, 7.0908992 ], [ 79.8783174, 7.0902193 ] ] ] } },
{ "type": "Feature", "properties": { "osm_id": "259804736", "code": 5111, "fclass": "motorway", "name": "Colombo - Katunayake Expressway", "ref": "E003", "oneway": "F", "maxspeed": 100, "layer": 0, "bridge": "F", "tunnel": "F" }, "geometry": { "type": "MultiLineString", "coordinates": [ [ [ 79.8709877, 7.1566158 ], [ 79.8705748, 7.1564636 ], [ 79.8702868, 7.1563122 ], [ 79.870061, 7.1561693 ], [ 79.8698745, 7.1560265 ], [ 79.869677, 7.1558289 ], [ 79.8694653, 7.1555845 ], [ 79.8693172, 7.155364 ], [ 79.8691796, 7.1551357 ], [ 79.8690386, 7.1548562 ], [ 79.8688276, 7.1541286 ], [ 79.8686592, 7.1534744 ] ] ] } },
{ "type": "Feature", "properties": { "osm_id": "259804739", "code": 5111, "fclass": "motorway", "name": "Colombo - Katunayake Expressway", "ref": "E003", "oneway": "F", "maxspeed": 100, "layer": 0, "bridge": "F", "tunnel": "F" }, "geometry": { "type": "MultiLineString", "coordinates": [ [ [ 79.9015805, 7.0046885 ], [ 79.9010976, 7.0050361 ], [ 79.900906, 7.0051687 ], [ 79.9003695, 7.0054578 ], [ 79.8998133, 7.005734 ], [ 79.8995189, 7.0058563 ], [ 79.8992203, 7.005958 ], [ 79.8987672, 7.0060907 ], [ 79.8983192, 7.0061894 ], [ 79.8963283, 7.0065523 ], [ 79.8959735, 7.0066195 ], [ 79.8955147, 7.0067734 ], [ 79.8950433, 7.0069627 ], [ 79.8945587, 7.0072174 ], [ 79.8941711, 7.0074452 ], [ 79.89381, 7.0077155 ], [ 79.8934643, 7.0080037 ], [ 79.8931237, 7.0083272 ], [ 79.8927866, 7.0087004 ], [ 79.8925212, 7.0090403 ], [ 79.8922893, 7.0094481 ], [ 79.8920783, 7.0098225 ], [ 79.8917994, 7.0104784 ], [ 79.8916434, 7.0109607 ], [ 79.8915732, 7.0112497 ], [ 79.8914475, 7.011707 ], [ 79.891365, 7.0120808 ], [ 79.8912955, 7.0124063 ], [ 79.8911865, 7.0129704 ], [ 79.8906757, 7.0159712 ], [ 79.8904662, 7.0172482 ], [ 79.8904297, 7.0175549 ], [ 79.8903547, 7.0183265 ], [ 79.8903008, 7.0190884 ], [ 79.8902293, 7.0203742 ], [ 79.8902065, 7.021019 ], [ 79.8901838, 7.0217399 ], [ 79.8900154, 7.0255402 ], [ 79.8898917, 7.0266213 ], [ 79.8897728, 7.0274149 ], [ 79.889667, 7.0280274 ], [ 79.8892941, 7.0298714 ], [ 79.8888365, 7.031717 ], [ 79.8884975, 7.0328313 ], [ 79.8881404, 7.0338555 ], [ 79.8875786, 7.0352954 ], [ 79.8869484, 7.0367418 ], [ 79.8848495, 7.0412782 ], [ 79.8844211, 7.0422358 ], [ 79.8839854, 7.0431552 ], [ 79.8838019, 7.0435582 ], [ 79.8824167, 7.0465757 ], [ 79.8819189, 7.0477586 ], [ 79.8816785, 7.0483691 ], [ 79.8814572, 7.0489677 ], [ 79.8812426, 7.0495607 ], [ 79.8810643, 7.0500813 ], [ 79.8810321, 7.0501859 ] ] ] } },
{ "type": "Feature", "properties": { "osm_id": "259804740", "code": 5111, "fclass": "motorway", "name": "Colombo - Katunayake Expressway", "ref": "E003", "oneway": "F", "maxspeed": 100, "layer": 0, "bridge": "F", "tunnel": "F" }, "geometry": { "type": "MultiLineString", "coordinates": [ [ [ 79.902514, 6.9911765 ], [ 79.9027612, 6.9916929 ], [ 79.9029572, 6.9921699 ], [ 79.9033409, 6.9934222 ], [ 79.9041419, 6.9963053 ], [ 79.9043607, 6.9973484 ] ] ] } },
{ "type": "Feature", "properties": { "osm_id": "259804741", "code": 5111, "fclass": "motorway", "name": "Colombo - Katunayake Expressway", "ref": "E003", "oneway": "F", "maxspeed": 100, "layer": 0, "bridge": "F", "tunnel": "F" }, "geometry": { "type": "MultiLineString", "coordinates": [ [ [ 79.8775175, 7.0769801 ], [ 79.8774803, 7.0773833 ], [ 79.8774612, 7.0776215 ], [ 79.8773941, 7.0793702 ], [ 79.8774014, 7.0805073 ], [ 79.8774823, 7.0823962 ], [ 79.8777605, 7.0851888 ], [ 79.8777957, 7.0855095 ], [ 79.8779527, 7.0866604 ], [ 79.8781078, 7.0879818 ], [ 79.8781747, 7.0886011 ], [ 79.878215, 7.0892086 ], [ 79.8782158, 7.0895178 ], [ 79.8782193, 7.0899161 ] ] ] } },
{ "type": "Feature", "properties": { "osm_id": "259804742", "code": 5111, "fclass": "motorway", "name": "Colombo - Katunayake Expressway", "ref": "E003", "oneway": "F", "maxspeed": 100, "layer": 1, "bridge": "T", "tunnel": "F" }, "geometry": { "type": "MultiLineString", "coordinates": [ [ [ 79.8709817, 7.1567149 ], [ 79.8722448, 7.1570776 ], [ 79.8728247, 7.1572762 ], [ 79.8732739, 7.1574569 ], [ 79.8735442, 7.1576095 ], [ 79.8739082, 7.1578583 ], [ 79.8744174, 7.1583033 ], [ 79.8775671, 7.1618988 ] ] ] } },
{ "type": "Feature", "properties": { "osm_id": "259804744", "code": 5111, "fclass": "motorway", "name": "Colombo - Katunayake Expressway", "ref": "E003", "oneway": "F", "maxspeed": 100, "layer": 1, "bridge": "T", "tunnel": "F" }, "geometry": { "type": "MultiLineString", "coordinates": [ [ [ 79.8991507, 6.9845942 ], [ 79.8991748, 6.9848916 ], [ 79.8992045, 6.9851496 ], [ 79.8992351, 6.9853502 ], [ 79.8992685, 6.9855466 ], [ 79.8993048, 6.9857514 ], [ 79.8993552, 6.9859773 ], [ 79.8994616, 6.9863815 ], [ 79.8995201, 6.9865943 ], [ 79.8995928, 6.9868127 ], [ 79.8997469, 6.9872306 ], [ 79.8998994, 6.9875897 ], [ 79.9000869, 6.9879434 ], [ 79.900295, 6.9882683 ], [ 79.9005741, 6.9886662 ] ] ] } },
{ "type": "Feature", "properties": { "osm_id": "259804745", "code": 5111, "fclass": "motorway", "name": "Colombo - Katunayake Expressway", "ref": "E003", "oneway": "F", "maxspeed": 100, "layer": 1, "bridge": "T", "tunnel": "F" }, "geometry": { "type": "MultiLineString", "coordinates": [ [ [ 79.877484, 7.0955969 ], [ 79.8774845, 7.0958474 ] ] ] } },
{ "type": "Feature", "properties": { "osm_id": "259804748", "code": 5111, "fclass": "motorway", "name": "Colombo - Katunayake Expressway", "ref": "E003", "oneway": "F", "maxspeed": 100, "layer": 1, "bridge": "T", "tunnel": "F" }, "geometry": { "type": "MultiLineString", "coordinates": [ [ [ 79.8896964, 6.9634678 ], [ 79.8901477, 6.963987 ] ] ] } },
{ "type": "Feature", "properties": { "osm_id": "259804749", "code": 5111, "fclass": "motorway", "name": "Colombo - Katunayake Expressway", "ref": "E003", "oneway": "F", "maxspeed": 100, "layer": 1, "bridge": "T", "tunnel": "F" }, "geometry": { "type": "MultiLineString", "coordinates": [ [ [ 79.8775612, 7.0764351 ], [ 79.8775175, 7.0769801 ] ] ] } },
{ "type": "Feature", "properties": { "osm_id": "259804751", "code": 5111, "fclass": "motorway", "name": "Colombo - Katunayake Expressway", "ref": "E003", "oneway": "F", "maxspeed": 100, "layer": 1, "bridge": "T", "tunnel": "F" }, "geometry": { "type": "MultiLineString", "coordinates": [ [ [ 79.8782193, 7.0899161 ], [ 79.8782105, 7.0902061 ] ] ] } },
{ "type": "Feature", "properties": { "osm_id": "259804752", "code": 5111, "fclass": "motorway", "name": "Colombo - Katunayake Expressway", "ref": "E003", "oneway": "F", "maxspeed": 100, "layer": 2, "bridge": "T", "tunnel": "F" }, "geometry": { "type": "MultiLineString", "coordinates": [ [ [ 79.8775986, 7.106664 ], [ 79.8775076, 7.1074864 ] ] ] } },
{ "type": "Feature", "properties": { "osm_id": "259804755", "code": 5111, "fclass": "motorway", "name": "Colombo - Katunayake Expressway", "ref": "E003", "oneway": "F", "maxspeed": 100, "layer": 0, "bridge": "F", "tunnel": "F" }, "geometry": { "type": "MultiLineString", "coordinates": [ [ [ 79.8775671, 7.1618988 ], [ 79.8780323, 7.1624763 ], [ 79.8785052, 7.1630973 ] ] ] } },
{ "type": "Feature", "properties": { "osm_id": "259804759", "code": 5111, "fclass": "motorway", "name": "Colombo - Katunayake Expressway", "ref": "E003", "oneway": "F", "maxspeed": 100, "layer": 0, "bridge": "F", "tunnel": "F" }, "geometry": { "type": "MultiLineString", "coordinates": [ [ [ 79.8782105, 7.0902061 ], [ 79.8781244, 7.0910173 ], [ 79.8780166, 7.0916902 ], [ 79.8778227, 7.0927444 ], [ 79.8777353, 7.0932157 ], [ 79.8776868, 7.0935174 ], [ 79.8776355, 7.0938153 ], [ 79.877599, 7.0940899 ], [ 79.8775563, 7.0944591 ], [ 79.8775168, 7.094988 ], [ 79.877484, 7.0955969 ] ] ] } },
{ "type": "Feature", "properties": { "osm_id": "259804761", "code": 5111, "fclass": "motorway", "name": "Colombo - Katunayake Expressway", "ref": "E003", "oneway": "F", "maxspeed": 100, "layer": 1, "bridge": "T", "tunnel": "F" }, "geometry": { "type": "MultiLineString", "coordinates": [ [ [ 79.8684089, 7.1529121 ], [ 79.8685621, 7.1535009 ] ] ] } },
{ "type": "Feature", "properties": { "osm_id": "259804762", "code": 5111, "fclass": "motorway", "name": "Colombo - Katunayake Expressway", "ref": "E003", "oneway": "F", "maxspeed": 100, "layer": 0, "bridge": "F", "tunnel": "F" }, "geometry": { "type": "MultiLineString", "coordinates": [ [ [ 79.8774845, 7.0958474 ], [ 79.877487, 7.0968036 ], [ 79.8775315, 7.0977072 ], [ 79.8776248, 7.0995135 ], [ 79.8777408, 7.1015912 ], [ 79.8777797, 7.1031063 ], [ 79.8777589, 7.1040965 ], [ 79.8776979, 7.1054798 ], [ 79.8775986, 7.106664 ] ] ] } },
{ "type": "Feature", "properties": { "osm_id": "259804763", "code": 5111, "fclass": "motorway", "name": "Colombo - Katunayake Expressway", "ref": "E003", "oneway": "F", "maxspeed": 100, "layer": 0, "bridge": "F", "tunnel": "F" }, "geometry": { "type": "MultiLineString", "coordinates": [ [ [ 79.8904238, 6.9643263 ], [ 79.8915886, 6.9656458 ], [ 79.8916604, 6.9657338 ] ] ] } },
{ "type": "Feature", "properties": { "osm_id": "261238799", "code": 5111, "fclass": "motorway", "name": "Outer Circular Highway", "ref": "E002", "oneway": "F", "maxspeed": 100, "layer": 1, "bridge": "T", "tunnel": "F" }, "geometry": { "type": "MultiLineString", "coordinates": [ [ [ 79.9282297, 7.0076064 ], [ 79.9276586, 7.0074578 ], [ 79.9270991, 7.0072997 ], [ 79.9263139, 7.0070681 ], [ 79.9252044, 7.0067632 ], [ 79.9248554, 7.0066854 ], [ 79.924368, 7.0065768 ], [ 79.9236473, 7.0064563 ], [ 79.9228318, 7.0063528 ], [ 79.9220902, 7.0062888 ], [ 79.9217689, 7.0062757 ], [ 79.9210774, 7.0062474 ], [ 79.9200494, 7.0062643 ], [ 79.9193268, 7.0063076 ], [ 79.9185283, 7.0063886 ], [ 79.9179933, 7.0064751 ], [ 79.9175971, 7.0065392 ], [ 79.9167247, 7.0067199 ], [ 79.9158047, 7.0069593 ], [ 79.9148257, 7.0072721 ], [ 79.914021, 7.0075809 ], [ 79.9136104, 7.0077477 ], [ 79.9131363, 7.0079604 ], [ 79.9123606, 7.0083576 ], [ 79.9117878, 7.0086644 ], [ 79.9112378, 7.0089976 ], [ 79.9107917, 7.0092798 ], [ 79.9106157, 7.0093911 ], [ 79.9099841, 7.0098523 ], [ 79.9093488, 7.0103473 ], [ 79.9085181, 7.0110307 ], [ 79.9075679, 7.0117874 ], [ 79.9075025, 7.0118363 ], [ 79.907014, 7.0122015 ], [ 79.9057547, 7.0130674 ], [ 79.9046129, 7.0137545 ], [ 79.9042237, 7.0139622 ], [ 79.9035793, 7.0143061 ], [ 79.9026917, 7.0147428 ], [ 79.9017908, 7.0151475 ], [ 79.9008918, 7.0155146 ], [ 79.9002394, 7.0157668 ], [ 79.8998012, 7.0159362 ], [ 79.8985552, 7.0163711 ], [ 79.8974343, 7.0167137 ], [ 79.8973791, 7.0167282 ], [ 79.896338, 7.0170017 ], [ 79.8953101, 7.0172012 ], [ 79.8943087, 7.0173311 ], [ 79.8932807, 7.0173894 ], [ 79.8924367, 7.0173913 ], [ 79.891212, 7.0174386 ], [ 79.8907791, 7.0174553 ], [ 79.8899979, 7.0174852 ], [ 79.888441, 7.0175922 ], [ 79.8875737, 7.0176794 ] ] ] } },
{ "type": "Feature", "properties": { "osm_id": "265365943", "code": 5111, "fclass": "motorway", "name": "Outer Circular Highway", "ref": "E002", "oneway": "F", "maxspeed": 100, "layer": 0, "bridge": "F", "tunnel": "F" }, "geometry": { "type": "MultiLineString", "coordinates": [ [ [ 79.9798013, 6.8434313 ], [ 79.9798547, 6.8432057 ] ] ] } },
{ "type": "Feature", "properties": { "osm_id": "265365945", "code": 5111, "fclass": "motorway", "name": "Outer Circular Highway", "ref": "E002", "oneway": "F", "maxspeed": 100, "layer": 1, "bridge": "T", "tunnel": "F" }, "geometry": { "type": "MultiLineString", "coordinates": [ [ [ 79.9796356, 6.8433893 ], [ 79.9795537, 6.8437206 ] ] ] } },
{ "type": "Feature", "properties": { "osm_id": "265365946", "code": 5111, "fclass": "motorway", "name": "Outer Circular Highway", "ref": "E002", "oneway": "F", "maxspeed": 100, "layer": 1, "bridge": "T", "tunnel": "F" }, "geometry": { "type": "MultiLineString", "coordinates": [ [ [ 79.9797184, 6.8437565 ], [ 79.9798013, 6.8434313 ] ] ] } },
{ "type": "Feature", "properties": { "osm_id": "265365948", "code": 5111, "fclass": "motorway", "name": "Outer Circular Highway", "ref": "E002", "oneway": "F", "maxspeed": 100, "layer": 0, "bridge": "F", "tunnel": "F" }, "geometry": { "type": "MultiLineString", "coordinates": [ [ [ 79.9795537, 6.8437206 ], [ 79.9794114, 6.8443545 ], [ 79.9792737, 6.8450428 ] ] ] } },
{ "type": "Feature", "properties": { "osm_id": "265365950", "code": 5111, "fclass": "motorway", "name": "Outer Circular Highway", "ref": "E002", "oneway": "F", "maxspeed": 100, "layer": 0, "bridge": "F", "tunnel": "F" }, "geometry": { "type": "MultiLineString", "coordinates": [ [ [ 79.9794207, 6.8450764 ], [ 79.9795742, 6.8444028 ], [ 79.9797184, 6.8437565 ] ] ] } },
{ "type": "Feature", "properties": { "osm_id": "265365955", "code": 5111, "fclass": "motorway", "name": "Outer Circular Highway", "ref": "E002", "oneway": "F", "maxspeed": 100, "layer": 1, "bridge": "T", "tunnel": "F" }, "geometry": { "type": "MultiLineString", "coordinates": [ [ [ 79.9792737, 6.8450428 ], [ 79.9791519, 6.8457198 ] ] ] } },
{ "type": "Feature", "properties": { "osm_id": "265365956", "code": 5111, "fclass": "motorway", "name": "Outer Circular Highway", "ref": "E002", "oneway": "F", "maxspeed": 100, "layer": 1, "bridge": "T", "tunnel": "F" }, "geometry": { "type": "MultiLineString", "coordinates": [ [ [ 79.9792923, 6.8457496 ], [ 79.9794207, 6.8450764 ] ] ] } },
{ "type": "Feature", "properties": { "osm_id": "265365965", "code": 5111, "fclass": "motorway", "name": "Outer Circular Highway", "ref": "E002", "oneway": "F", "maxspeed": 100, "layer": 0, "bridge": "F", "tunnel": "F" }, "geometry": { "type": "MultiLineString", "coordinates": [ [ [ 79.9791519, 6.8457198 ], [ 79.9790477, 6.8463196 ], [ 79.978854, 6.8478314 ], [ 79.9786912, 6.8495689 ], [ 79.9783597, 6.8523853 ] ] ] } },
{ "type": "Feature", "properties": { "osm_id": "265365966", "code": 5111, "fclass": "motorway", "name": "Outer Circular Highway", "ref": "E002", "oneway": "F", "maxspeed": 100, "layer": 0, "bridge": "F", "tunnel": "F" }, "geometry": { "type": "MultiLineString", "coordinates": [ [ [ 79.9784714, 6.8523749 ], [ 79.9785322, 6.8519334 ], [ 79.9790395, 6.8473372 ], [ 79.9791044, 6.8468396 ], [ 79.9792923, 6.8457496 ] ] ] } },
{ "type": "Feature", "properties": { "osm_id": "265378267", "code": 5111, "fclass": "motorway", "name": "Outer Circular Highway", "ref": "E002", "oneway": "F", "maxspeed": 100, "layer": 0, "bridge": "F", "tunnel": "F" }, "geometry": { "type": "MultiLineString", "coordinates": [ [ [ 79.9766081, 6.8852268 ], [ 79.9765849, 6.8844367 ], [ 79.9765771, 6.8837885 ], [ 79.9766271, 6.8825573 ], [ 79.9766553, 6.8820686 ], [ 79.9766777, 6.8814198 ], [ 79.9767079, 6.8810896 ], [ 79.9768285, 6.8800474 ], [ 79.9770388, 6.8789618 ], [ 79.9771923, 6.8782187 ], [ 79.9773184, 6.8776344 ], [ 79.9774553, 6.8770573 ], [ 79.977548, 6.876563 ], [ 79.9777221, 6.8757382 ], [ 79.9778335, 6.8751467 ], [ 79.9780041, 6.8740953 ], [ 79.9781244, 6.8732779 ], [ 79.9782178, 6.8725491 ], [ 79.9782918, 6.8717955 ], [ 79.9783767, 6.8710056 ], [ 79.9784763, 6.8692 ], [ 79.978494, 6.8683463 ], [ 79.9784553, 6.8667301 ], [ 79.978435, 6.866091 ], [ 79.9783748, 6.8653909 ], [ 79.9783143, 6.8643361 ], [ 79.9782985, 6.864028 ], [ 79.9782599, 6.8636345 ], [ 79.9780957, 6.8621562 ], [ 79.9780236, 6.86157 ], [ 79.9779003, 6.8602953 ], [ 79.9778632, 6.8595583 ], [ 79.9778412, 6.8585168 ], [ 79.9778432, 6.857805 ], [ 79.9778544, 6.8569497 ], [ 79.9779011, 6.856137 ], [ 79.9779971, 6.8551763 ], [ 79.9781286, 6.8544345 ], [ 79.978302, 6.8534344 ], [ 79.9784714, 6.8523749 ] ] ] } },
{ "type": "Feature", "properties": { "osm_id": "265393180", "code": 5111, "fclass": "motorway", "name": "Outer Circular Highway", "ref": "E002", "oneway": "F", "maxspeed": 100, "layer": 0, "bridge": "F", "tunnel": "F" }, "geometry": { "type": "MultiLineString", "coordinates": [ [ [ 79.9783597, 6.8523853 ], [ 79.97816, 6.8535521 ], [ 79.977956, 6.8547284 ], [ 79.9778807, 6.8552337 ], [ 79.9778099, 6.8558329 ], [ 79.9777554, 6.8566852 ], [ 79.9777127, 6.8577799 ], [ 79.977705, 6.8586254 ], [ 79.9777181, 6.8593715 ], [ 79.9777701, 6.8602559 ], [ 79.9779129, 6.8616074 ], [ 79.9779817, 6.862168 ], [ 79.9780854, 6.8630044 ], [ 79.9781546, 6.8637407 ], [ 79.9781832, 6.8640535 ], [ 79.9782408, 6.8647124 ], [ 79.9782772, 6.8654264 ], [ 79.9783024, 6.8660245 ], [ 79.9783433, 6.8666783 ], [ 79.9783778, 6.8682208 ], [ 79.9783639, 6.8691976 ], [ 79.9782566, 6.8710973 ], [ 79.9781857, 6.8717445 ], [ 79.978122, 6.8723917 ], [ 79.977959, 6.8735378 ], [ 79.9778803, 6.8741069 ], [ 79.977719, 6.8750619 ], [ 79.9775987, 6.8757471 ], [ 79.977417, 6.8766322 ], [ 79.9773171, 6.8771153 ], [ 79.9770859, 6.878149 ], [ 79.9769156, 6.8789643 ], [ 79.9767318, 6.880043 ], [ 79.9766046, 6.8811509 ] ] ] } },
{ "type": "Feature", "properties": { "osm_id": "265561106", "code": 5111, "fclass": "motorway", "name": "Outer Circular Highway", "ref": "E002", "oneway": "F", "maxspeed": 100, "layer": 0, "bridge": "F", "tunnel": "F" }, "geometry": { "type": "MultiLineString", "coordinates": [ [ [ 79.9780533, 6.8927335 ], [ 79.9777099, 6.8914257 ], [ 79.9770709, 6.8888877 ], [ 79.9768808, 6.8876919 ], [ 79.9766747, 6.8861335 ], [ 79.9766081, 6.8852268 ] ] ] } },
{ "type": "Feature", "properties": { "osm_id": "265562102", "code": 5111, "fclass": "motorway", "name": "Outer Circular Highway", "ref": "E002", "oneway": "F", "maxspeed": 100, "layer": 0, "bridge": "F", "tunnel": "F" }, "geometry": { "type": "MultiLineString", "coordinates": [ [ [ 79.9766046, 6.8811509 ], [ 79.9765916, 6.8814224 ], [ 79.9765377, 6.8821696 ], [ 79.9764864, 6.8837702 ], [ 79.9764938, 6.88476 ], [ 79.9765651, 6.8858993 ], [ 79.9766076, 6.8864339 ], [ 79.9767522, 6.8876707 ], [ 79.9769719, 6.8889527 ], [ 79.9774365, 6.8908819 ], [ 79.9781398, 6.8934508 ] ] ] } },
{ "type": "Feature", "properties": { "osm_id": "327409322", "code": 5111, "fclass": "motorway", "name": "Southern Expressway", "ref": "E001", "oneway": "F", "maxspeed": 100, "layer": 0, "bridge": "F", "tunnel": "F" }, "geometry": { "type": "MultiLineString", "coordinates": [ [ [ 80.0589665, 6.5059445 ], [ 80.0596562, 6.5050892 ], [ 80.0626645, 6.5016492 ], [ 80.0633394, 6.5008111 ], [ 80.0638767, 6.5000206 ], [ 80.0644069, 6.4991338 ], [ 80.0647427, 6.4985176 ], [ 80.0651257, 6.4975992 ], [ 80.0653553, 6.4968431 ], [ 80.0655203, 6.4962817 ], [ 80.0657386, 6.4951393 ], [ 80.0662994, 6.4925524 ], [ 80.0669199, 6.4893799 ], [ 80.0672023, 6.4881295 ], [ 80.0673509, 6.4876701 ], [ 80.067482, 6.4871997 ], [ 80.0678073, 6.4864562 ] ] ] } },
{ "type": "Feature", "properties": { "osm_id": "327409330", "code": 5111, "fclass": "motorway", "name": "Southern Expressway", "ref": "E001", "oneway": "F", "maxspeed": 100, "layer": 1, "bridge": "T", "tunnel": "F" }, "geometry": { "type": "MultiLineString", "coordinates": [ [ [ 80.0589263, 6.5059408 ], [ 80.0584345, 6.5064652 ] ] ] } },
{ "type": "Feature", "properties": { "osm_id": "327409331", "code": 5111, "fclass": "motorway", "name": "Southern Expressway", "ref": "E001", "oneway": "F", "maxspeed": 100, "layer": 1, "bridge": "T", "tunnel": "F" }, "geometry": { "type": "MultiLineString", "coordinates": [ [ [ 80.0584931, 6.5065701 ], [ 80.0589665, 6.5059445 ] ] ] } },
{ "type": "Feature", "properties": { "osm_id": "327409334", "code": 5111, "fclass": "motorway", "name": "Southern Expressway", "ref": "E001", "oneway": "F", "maxspeed": 100, "layer": 0, "bridge": "F", "tunnel": "F" }, "geometry": { "type": "MultiLineString", "coordinates": [ [ [ 80.0584345, 6.5064652 ], [ 80.0559034, 6.5094297 ], [ 80.0553062, 6.5101017 ], [ 80.0547144, 6.5107659 ], [ 80.0541225, 6.5114886 ], [ 80.0538508, 6.511838 ], [ 80.0535683, 6.512206 ], [ 80.0531305, 6.5128735 ], [ 80.0527035, 6.513573 ], [ 80.0519123, 6.5149865 ], [ 80.0513238, 6.5160288 ], [ 80.0507353, 6.5171083 ], [ 80.0495798, 6.5192915 ], [ 80.0480723, 6.5220299 ], [ 80.0476011, 6.5229355 ], [ 80.0471298, 6.5238012 ] ] ] } },
{ "type": "Feature", "properties": { "osm_id": "327411599", "code": 5111, "fclass": "motorway", "name": "Southern Expressway", "ref": "E001", "oneway": "F", "maxspeed": 100, "layer": 1, "bridge": "T", "tunnel": "F" }, "geometry": { "type": "MultiLineString", "coordinates": [ [ [ 80.0006496, 6.6361313 ], [ 80.0006571, 6.6359465 ] ] ] } },
{ "type": "Feature", "properties": { "osm_id": "327411600", "code": 5111, "fclass": "motorway", "name": "Southern Expressway", "ref": "E001", "oneway": "F", "maxspeed": 100, "layer": 1, "bridge": "T", "tunnel": "F" }, "geometry": { "type": "MultiLineString", "coordinates": [ [ [ 80.0005501, 6.6359509 ], [ 80.0005352, 6.6361107 ] ] ] } },
{ "type": "Feature", "properties": { "osm_id": "327411601", "code": 5111, "fclass": "motorway", "name": "Southern Expressway", "ref": "E001", "oneway": "F", "maxspeed": 100, "layer": 0, "bridge": "F", "tunnel": "F" }, "geometry": { "type": "MultiLineString", "coordinates": [ [ [ 80.0005352, 6.6361107 ], [ 80.000377, 6.6380729 ], [ 80.0002946, 6.6393619 ] ] ] } },
{ "type": "Feature", "properties": { "osm_id": "327411602", "code": 5111, "fclass": "motorway", "name": "Southern Expressway", "ref": "E001", "oneway": "F", "maxspeed": 100, "layer": 0, "bridge": "F", "tunnel": "F" }, "geometry": { "type": "MultiLineString", "coordinates": [ [ [ 80.0006571, 6.6359465 ], [ 80.0007262, 6.6351032 ], [ 80.0008504, 6.6337998 ] ] ] } },
{ "type": "Feature", "properties": { "osm_id": "327412495", "code": 5111, "fclass": "motorway", "name": "Southern Expressway", "ref": "E001", "oneway": "F", "maxspeed": 100, "layer": 1, "bridge": "T", "tunnel": "F" }, "geometry": { "type": "MultiLineString", "coordinates": [ [ [ 79.9811298, 6.7882274 ], [ 79.981291, 6.7890192 ] ] ] } },
{ "type": "Feature", "properties": { "osm_id": "327412496", "code": 5111, "fclass": "motorway", "name": "Southern Expressway", "ref": "E001", "oneway": "F", "maxspeed": 100, "layer": 1, "bridge": "T", "tunnel": "F" }, "geometry": { "type": "MultiLineString", "coordinates": [ [ [ 79.9813934, 6.7889849 ], [ 79.9812414, 6.7881942 ] ] ] } },
{ "type": "Feature", "properties": { "osm_id": "327412497", "code": 5111, "fclass": "motorway", "name": "Southern Expressway", "ref": "E001", "oneway": "F", "maxspeed": 100, "layer": 0, "bridge": "F", "tunnel": "F" }, "geometry": { "type": "MultiLineString", "coordinates": [ [ [ 79.981291, 6.7890192 ], [ 79.9820596, 6.7925034 ], [ 79.9831975, 6.7981847 ], [ 79.9833471, 6.7990185 ], [ 79.9836241, 6.8009395 ], [ 79.9837909, 6.8019818 ], [ 79.9840543, 6.8041518 ], [ 79.9843409, 6.8064253 ], [ 79.9849411, 6.810663 ] ] ] } },
{ "type": "Feature", "properties": { "osm_id": "327412498", "code": 5111, "fclass": "motorway", "name": "Southern Expressway", "ref": "E001", "oneway": "F", "maxspeed": 100, "layer": 0, "bridge": "F", "tunnel": "F" }, "geometry": { "type": "MultiLineString", "coordinates": [ [ [ 79.9812414, 6.7881942 ], [ 79.9811815, 6.7878626 ] ] ] } },
{ "type": "Feature", "properties": { "osm_id": "329629200", "code": 5111, "fclass": "motorway", "name": "Colombo - Katunayake Expressway", "ref": "E003", "oneway": "F", "maxspeed": 100, "layer": 1, "bridge": "T", "tunnel": "F" }, "geometry": { "type": "MultiLineString", "coordinates": [ [ [ 79.9016539, 7.0048032 ], [ 79.9022737, 7.0042652 ], [ 79.9028319, 7.0036502 ], [ 79.9032442, 7.0031237 ], [ 79.9034598, 7.0027775 ], [ 79.9037862, 7.0021729 ], [ 79.904084, 7.0015284 ], [ 79.9044672, 7.000141 ], [ 79.904552, 6.9995872 ], [ 79.9045931, 6.9991031 ], [ 79.9045615, 6.9985168 ], [ 79.9045158, 6.9978729 ], [ 79.9044485, 6.9973627 ] ] ] } },
{ "type": "Feature", "properties": { "osm_id": "329629205", "code": 5111, "fclass": "motorway", "name": "Colombo - Katunayake Expressway", "ref": "E003", "oneway": "F", "maxspeed": 100, "layer": 1, "bridge": "T", "tunnel": "F" }, "geometry": { "type": "MultiLineString", "coordinates": [ [ [ 79.9043607, 6.9973484 ], [ 79.9044148, 6.9978266 ], [ 79.9044636, 6.998589 ], [ 79.9044347, 6.9995918 ], [ 79.9043648, 7.0000589 ], [ 79.9041963, 7.0007648 ], [ 79.9039461, 7.0015109 ], [ 79.9035043, 7.0024444 ], [ 79.9031095, 7.0030537 ], [ 79.9026985, 7.0036024 ], [ 79.9021752, 7.0041831 ], [ 79.9015805, 7.0046885 ] ] ] } },
{ "type": "Feature", "properties": { "osm_id": "329629207", "code": 5111, "fclass": "motorway", "name": "Colombo - Katunayake Expressway", "ref": "E003", "oneway": "F", "maxspeed": 100, "layer": 0, "bridge": "F", "tunnel": "F" }, "geometry": { "type": "MultiLineString", "coordinates": [ [ [ 79.9044485, 6.9973627 ], [ 79.904411, 6.9971143 ], [ 79.9043387, 6.9968345 ], [ 79.9038156, 6.9946886 ], [ 79.9033193, 6.9928695 ], [ 79.9032032, 6.9925101 ], [ 79.9031342, 6.9922965 ], [ 79.9031133, 6.9922433 ], [ 79.902871, 6.9916268 ], [ 79.9026043, 6.9911243 ] ] ] } },
{ "type": "Feature", "properties": { "osm_id": "330539958", "code": 5111, "fclass": "motorway", "name": "Outer Circular Highway", "ref": "E002", "oneway": "F", "maxspeed": 100, "layer": 1, "bridge": "T", "tunnel": "F" }, "geometry": { "type": "MultiLineString", "coordinates": [ [ [ 79.9734766, 6.9427699 ], [ 79.9731445, 6.9419266 ], [ 79.9729854, 6.9415221 ], [ 79.9727727, 6.9409271 ], [ 79.9725551, 6.9402472 ], [ 79.9724073, 6.9397076 ], [ 79.972276, 6.9392216 ], [ 79.9722001, 6.9388902 ], [ 79.9721136, 6.9384823 ], [ 79.9720104, 6.9379173 ], [ 79.9719508, 6.9374791 ], [ 79.9719055, 6.9371283 ], [ 79.9718804, 6.936923 ], [ 79.9718587, 6.9366823 ], [ 79.9718378, 6.9363829 ], [ 79.971818, 6.9360397 ], [ 79.9718044, 6.9357424 ], [ 79.9717946, 6.9354556 ], [ 79.971795, 6.935161 ], [ 79.9717983, 6.9347934 ], [ 79.9718167, 6.9342409 ], [ 79.971832, 6.933919 ], [ 79.9718591, 6.9335924 ], [ 79.971873, 6.9333486 ], [ 79.9719053, 6.9329814 ], [ 79.9719523, 6.9326345 ], [ 79.9720117, 6.9322865 ], [ 79.9720703, 6.9319636 ], [ 79.9721503, 6.9316422 ], [ 79.9722329, 6.9313114 ], [ 79.9722984, 6.9310914 ], [ 79.9723474, 6.9309236 ], [ 79.97239, 6.9307884 ], [ 79.9724398, 6.9306449 ], [ 79.9724981, 6.9304882 ], [ 79.9725499, 6.9303586 ], [ 79.972615, 6.9302043 ], [ 79.9727024, 6.9300173 ], [ 79.972854, 6.9297048 ], [ 79.972945, 6.9295229 ], [ 79.9730139, 6.929391 ], [ 79.9732192, 6.9290453 ], [ 79.9734082, 6.9287575 ], [ 79.9735784, 6.9285038 ], [ 79.9737817, 6.9282454 ], [ 79.974008, 6.9279706 ], [ 79.974292, 6.9276168 ], [ 79.9747357, 6.9271334 ], [ 79.9748736, 6.9269926 ], [ 79.9753378, 6.9265538 ], [ 79.9758615, 6.926086 ], [ 79.9766817, 6.9254229 ] ] ] } },
{ "type": "Feature", "properties": { "osm_id": "336107407", "code": 5111, "fclass": "motorway", "name": "Colombo-Katunayake Expressway", "ref": "E3", "oneway": "F", "maxspeed": 100, "layer": 0, "bridge": "F", "tunnel": "F" }, "geometry": { "type": "MultiLineString", "coordinates": [ [ [ 79.8842794, 6.9568784 ], [ 79.8845234, 6.9572325 ], [ 79.8848104, 6.9576825 ], [ 79.8851082, 6.9580872 ], [ 79.8853227, 6.9583774 ], [ 79.88551, 6.9585921 ], [ 79.885733, 6.9588729 ], [ 79.885913, 6.9590909 ] ] ] } },
{ "type": "Feature", "properties": { "osm_id": "341674982", "code": 5111, "fclass": "motorway", "name": "Colombo-Katunayake Expressway", "ref": "E3", "oneway": "F", "maxspeed": 100, "layer": 0, "bridge": "F", "tunnel": "F" }, "geometry": { "type": "MultiLineString", "coordinates": [ [ [ 79.8868695, 6.9601751 ], [ 79.886971, 6.9602973 ], [ 79.8873135, 6.9607098 ], [ 79.8883062, 6.9618714 ], [ 79.8892815, 6.9630039 ], [ 79.8896964, 6.9634678 ] ] ] } },
{ "type": "Feature", "properties": { "osm_id": "341674983", "code": 5111, "fclass": "motorway", "name": "Colombo-Katunayake Expressway", "ref": "E3", "oneway": "F", "maxspeed": 100, "layer": 1, "bridge": "T", "tunnel": "F" }, "geometry": { "type": "MultiLineString", "coordinates": [ [ [ 79.8869814, 6.9600642 ], [ 79.8860026, 6.9589574 ] ] ] } },
{ "type": "Feature", "properties": { "osm_id": "341674987", "code": 5111, "fclass": "motorway", "name": "Colombo-Katunayake Expressway", "ref": "E3", "oneway": "F", "maxspeed": 100, "layer": 0, "bridge": "F", "tunnel": "F" }, "geometry": { "type": "MultiLineString", "coordinates": [ [ [ 79.8860026, 6.9589574 ], [ 79.8856315, 6.9585823 ], [ 79.8851957, 6.9580094 ], [ 79.8848373, 6.9574854 ], [ 79.8843813, 6.9567879 ] ] ] } },
{ "type": "Feature", "properties": { "osm_id": "341674992", "code": 5111, "fclass": "motorway", "name": "Colombo-Katunayake Expressway", "ref": "E3", "oneway": "F", "maxspeed": 100, "layer": 1, "bridge": "T", "tunnel": "F" }, "geometry": { "type": "MultiLineString", "coordinates": [ [ [ 79.885913, 6.9590909 ], [ 79.8868695, 6.9601751 ] ] ] } },
{ "type": "Feature", "properties": { "osm_id": "341674993", "code": 5111, "fclass": "motorway", "name": "Colombo - Katunayake Expressway", "ref": "E003", "oneway": "F", "maxspeed": 100, "layer": 0, "bridge": "F", "tunnel": "F" }, "geometry": { "type": "MultiLineString", "coordinates": [ [ [ 79.8941123, 6.9717751 ], [ 79.8939845, 6.9706246 ], [ 79.8939305, 6.9701817 ], [ 79.8938444, 6.9697015 ] ] ] } },
{ "type": "Feature", "properties": { "osm_id": "341676383", "code": 5111, "fclass": "motorway", "name": "Colombo - Katunayake Expressway", "ref": "E003", "oneway": "F", "maxspeed": 100, "layer": 0, "bridge": "F", "tunnel": "F" }, "geometry": { "type": "MultiLineString", "coordinates": [ [ [ 79.8775076, 7.1074864 ], [ 79.8773813, 7.1084622 ], [ 79.8771701, 7.1097654 ], [ 79.8769787, 7.1107499 ], [ 79.8767549, 7.1117233 ] ] ] } },
{ "type": "Feature", "properties": { "osm_id": "350043318", "code": 5111, "fclass": "motorway", "name": "Outer Circular Highway", "ref": "E002", "oneway": "F", "maxspeed": 100, "layer": 0, "bridge": "F", "tunnel": "F" }, "geometry": { "type": "MultiLineString", "coordinates": [ [ [ 79.9796882, 6.8431772 ], [ 79.9796356, 6.8433893 ] ] ] } },
{ "type": "Feature", "properties": { "osm_id": "352029400", "code": 5111, "fclass": "motorway", "name": "Colombo - Katunayake Expressway", "ref": "E003", "oneway": "F", "maxspeed": 100, "layer": 0, "bridge": "F", "tunnel": "F" }, "geometry": { "type": "MultiLineString", "coordinates": [ [ [ 79.8971517, 6.9769027 ], [ 79.8974744, 6.9771481 ], [ 79.897944, 6.9775564 ], [ 79.8983575, 6.9779778 ], [ 79.8985413, 6.9782224 ], [ 79.8987291, 6.9785033 ], [ 79.8990242, 6.9790467 ], [ 79.8992086, 6.9795082 ], [ 79.8993063, 6.9798243 ], [ 79.8993952, 6.9801982 ], [ 79.8994192, 6.9803683 ], [ 79.8994357, 6.9805194 ], [ 79.8994535, 6.9809224 ], [ 79.8994442, 6.9813004 ], [ 79.8993644, 6.9820767 ], [ 79.8992133, 6.9832042 ], [ 79.8991455, 6.9839034 ], [ 79.8991429, 6.9842434 ], [ 79.8991507, 6.9845942 ] ] ] } },
{ "type": "Feature", "properties": { "osm_id": "352029402", "code": 5111, "fclass": "motorway", "name": "Colombo - Katunayake Expressway", "ref": "E003", "oneway": "F", "maxspeed": 100, "layer": 1, "bridge": "T", "tunnel": "F" }, "geometry": { "type": "MultiLineString", "coordinates": [ [ [ 79.896987, 6.9767792 ], [ 79.8971517, 6.9769027 ] ] ] } },
{ "type": "Feature", "properties": { "osm_id": "352029403", "code": 5111, "fclass": "motorway", "name": "Colombo - Katunayake Expressway", "ref": "E003", "oneway": "F", "maxspeed": 100, "layer": 0, "bridge": "F", "tunnel": "F" }, "geometry": { "type": "MultiLineString", "coordinates": [ [ [ 79.897062, 6.9766779 ], [ 79.8965197, 6.976317 ], [ 79.8961701, 6.9760386 ], [ 79.8959348, 6.9758395 ], [ 79.8957151, 6.9756489 ], [ 79.8955258, 6.9754684 ], [ 79.8953323, 6.9752654 ], [ 79.8951528, 6.9750551 ], [ 79.8950354, 6.9748998 ], [ 79.8949257, 6.9747345 ], [ 79.8947788, 6.9744785 ], [ 79.8946803, 6.9742889 ], [ 79.8945788, 6.9740786 ], [ 79.8944902, 6.9738587 ], [ 79.8944055, 6.9736125 ], [ 79.8943641, 6.9734571 ], [ 79.894305, 6.973215 ], [ 79.8942594, 6.9730167 ], [ 79.8942171, 6.9727675 ], [ 79.8941777, 6.9725541 ], [ 79.8941589, 6.9723138 ], [ 79.8941123, 6.9717751 ] ] ] } },
{ "type": "Feature", "properties": { "osm_id": "354311755", "code": 5111, "fclass": "motorway", "name": "Outer Circular Highway", "ref": "E002", "oneway": "F", "maxspeed": 100, "layer": 0, "bridge": "F", "tunnel": "F" }, "geometry": { "type": "MultiLineString", "coordinates": [ [ [ 79.9673335, 6.9825597 ], [ 79.968234, 6.9804595 ], [ 79.9687312, 6.9791704 ], [ 79.9696379, 6.9765751 ], [ 79.9703666, 6.9746604 ], [ 79.971191, 6.9728012 ], [ 79.9717792, 6.9715566 ], [ 79.9725682, 6.9699594 ], [ 79.9734125, 6.9681296 ], [ 79.9735814, 6.9676752 ] ] ] } },
{ "type": "Feature", "properties": { "osm_id": "354315109", "code": 5111, "fclass": "motorway", "name": "Outer Circular Highway", "ref": "E002", "oneway": "F", "maxspeed": 100, "layer": 0, "bridge": "F", "tunnel": "F" }, "geometry": { "type": "MultiLineString", "coordinates": [ [ [ 79.9631532, 6.9927336 ], [ 79.963279, 6.9923084 ], [ 79.9643875, 6.9891143 ], [ 79.9648633, 6.98796 ] ] ] } },
{ "type": "Feature", "properties": { "osm_id": "354320163", "code": 5111, "fclass": "motorway", "name": "Outer Circular Highway", "ref": "E002", "oneway": "F", "maxspeed": 100, "layer": 1, "bridge": "T", "tunnel": "F" }, "geometry": { "type": "MultiLineString", "coordinates": [ [ [ 79.9615247, 6.9991579 ], [ 79.9614779, 6.9994145 ], [ 79.961208, 7.00086 ], [ 79.9611655, 7.0010877 ], [ 79.961023, 7.0018507 ], [ 79.9607279, 7.0034671 ] ] ] } },
{ "type": "Feature", "properties": { "osm_id": "354320165", "code": 5111, "fclass": "motorway", "name": "Outer Circular Highway", "ref": "E002", "oneway": "F", "maxspeed": 100, "layer": 0, "bridge": "F", "tunnel": "F" }, "geometry": { "type": "MultiLineString", "coordinates": [ [ [ 79.9647094, 6.987918 ], [ 79.9643, 6.9889256 ], [ 79.9637829, 6.9903552 ], [ 79.9634439, 6.9913914 ], [ 79.9630488, 6.9927073 ] ] ] } },
{ "type": "Feature", "properties": { "osm_id": "354320626", "code": 5111, "fclass": "motorway", "name": "Outer Circular Highway", "ref": "E002", "oneway": "F", "maxspeed": 100, "layer": 0, "bridge": "F", "tunnel": "F" }, "geometry": { "type": "MultiLineString", "coordinates": [ [ [ 79.9733451, 6.9428106 ], [ 79.9735955, 6.9433738 ], [ 79.9737911, 6.9438075 ], [ 79.9739374, 6.944116 ], [ 79.974071, 6.9443981 ], [ 79.9741994, 6.9446772 ] ] ] } },
{ "type": "Feature", "properties": { "osm_id": "354321956", "code": 5111, "fclass": "motorway", "name": "Outer Circular Highway", "ref": "E002", "oneway": "F", "maxspeed": 100, "layer": 0, "bridge": "F", "tunnel": "F" }, "geometry": { "type": "MultiLineString", "coordinates": [ [ [ 79.9809474, 6.9216866 ], [ 79.9808296, 6.9218217 ], [ 79.9806364, 6.9220473 ], [ 79.9799645, 6.9227391 ], [ 79.9788859, 6.9236857 ], [ 79.9780571, 6.9243093 ], [ 79.9766192, 6.9253191 ] ] ] } },
{ "type": "Feature", "properties": { "osm_id": "354324232", "code": 5111, "fclass": "motorway", "name": "Outer Circular Highway", "ref": "E002", "oneway": "F", "maxspeed": 100, "layer": 1, "bridge": "T", "tunnel": "F" }, "geometry": { "type": "MultiLineString", "coordinates": [ [ [ 79.9607279, 7.0034671 ], [ 79.9605883, 7.0042523 ], [ 79.9605568, 7.0044297 ], [ 79.9604304, 7.0051415 ], [ 79.9603154, 7.0056219 ], [ 79.9600808, 7.0063465 ], [ 79.9599273, 7.0066673 ], [ 79.9596582, 7.00723 ], [ 79.9595111, 7.0074897 ], [ 79.9591328, 7.0080489 ] ] ] } },
{ "type": "Feature", "properties": { "osm_id": "354422401", "code": 5111, "fclass": "motorway", "name": "Outer Circular Highway", "ref": "E002", "oneway": "F", "maxspeed": 100, "layer": 0, "bridge": "F", "tunnel": "F" }, "geometry": { "type": "MultiLineString", "coordinates": [ [ [ 79.9616836, 6.9991824 ], [ 79.9618002, 6.9985259 ], [ 79.9621801, 6.9964489 ], [ 79.9624041, 6.9954559 ], [ 79.9626819, 6.9943802 ] ] ] } },
{ "type": "Feature", "properties": { "osm_id": "354422402", "code": 5111, "fclass": "motorway", "name": "Outer Circular Highway", "ref": "E002", "oneway": "F", "maxspeed": 100, "layer": 0, "bridge": "F", "tunnel": "F" }, "geometry": { "type": "MultiLineString", "coordinates": [ [ [ 79.9625833, 6.9943614 ], [ 79.9620675, 6.996417 ], [ 79.9618273, 6.9974991 ], [ 79.9615247, 6.9991579 ] ] ] } },
{ "type": "Feature", "properties": { "osm_id": "354423186", "code": 5111, "fclass": "motorway", "name": "Outer Circular Highway", "ref": "E002", "oneway": "F", "maxspeed": 100, "layer": 1, "bridge": "T", "tunnel": "F" }, "geometry": { "type": "MultiLineString", "coordinates": [ [ [ 79.9630488, 6.9927073 ], [ 79.962881, 6.9932732 ], [ 79.9625833, 6.9943614 ] ] ] } },
{ "type": "Feature", "properties": { "osm_id": "354423188", "code": 5111, "fclass": "motorway", "name": "Outer Circular Highway", "ref": "E002", "oneway": "F", "maxspeed": 100, "layer": 1, "bridge": "T", "tunnel": "F" }, "geometry": { "type": "MultiLineString", "coordinates": [ [ [ 79.9626819, 6.9943802 ], [ 79.9629837, 6.9932977 ], [ 79.9631532, 6.9927336 ] ] ] } },
{ "type": "Feature", "properties": { "osm_id": "354423235", "code": 5111, "fclass": "motorway", "name": "Outer Circular Highway", "ref": "E002", "oneway": "F", "maxspeed": 100, "layer": 1, "bridge": "T", "tunnel": "F" }, "geometry": { "type": "MultiLineString", "coordinates": [ [ [ 79.9648633, 6.98796 ], [ 79.9658391, 6.985796 ], [ 79.966786, 6.9838334 ], [ 79.9673335, 6.9825597 ] ] ] } },
{ "type": "Feature", "properties": { "osm_id": "354423237", "code": 5111, "fclass": "motorway", "name": "Outer Circular Highway", "ref": "E002", "oneway": "F", "maxspeed": 100, "layer": 1, "bridge": "T", "tunnel": "F" }, "geometry": { "type": "MultiLineString", "coordinates": [ [ [ 79.9672088, 6.9825022 ], [ 79.967053, 6.9828613 ], [ 79.9647094, 6.987918 ] ] ] } },
{ "type": "Feature", "properties": { "osm_id": "354590071", "code": 5111, "fclass": "motorway", "name": "Outer Circular Highway", "ref": "E002", "oneway": "F", "maxspeed": 100, "layer": 0, "bridge": "F", "tunnel": "F" }, "geometry": { "type": "MultiLineString", "coordinates": [ [ [ 79.9802658, 6.9225677 ], [ 79.9806988, 6.9220971 ], [ 79.981012, 6.921736 ] ] ] } },
{ "type": "Feature", "properties": { "osm_id": "354590072", "code": 5111, "fclass": "motorway", "name": "Outer Circular Highway", "ref": "E002", "oneway": "F", "maxspeed": 100, "layer": 1, "bridge": "T", "tunnel": "F" }, "geometry": { "type": "MultiLineString", "coordinates": [ [ [ 79.9781398, 6.8934508 ], [ 79.9782774, 6.8939909 ], [ 79.9784093, 6.8945571 ], [ 79.9785671, 6.8952504 ], [ 79.9787023, 6.8958917 ], [ 79.9788667, 6.8967395 ], [ 79.9789697, 6.8973122 ], [ 79.9790802, 6.8979916 ], [ 79.9791773, 6.8986428 ], [ 79.9792672, 6.8992784 ], [ 79.9793114, 6.8996413 ], [ 79.9793565, 6.9000082 ], [ 79.97948, 6.9011877 ], [ 79.9795673, 6.9021368 ], [ 79.9796951, 6.9031907 ], [ 79.9798541, 6.9042802 ], [ 79.9801309, 6.9057588 ], [ 79.9802864, 6.906478 ], [ 79.9804657, 6.9072241 ], [ 79.9806035, 6.9077641 ], [ 79.9807729, 6.9083757 ], [ 79.9809086, 6.9088412 ], [ 79.9810469, 6.9092822 ], [ 79.9811862, 6.9097265 ], [ 79.981396, 6.9103378 ], [ 79.9815403, 6.9107557 ], [ 79.9816902, 6.9111515 ], [ 79.9820019, 6.9119278 ], [ 79.9822706, 6.9125811 ], [ 79.9826082, 6.9133996 ], [ 79.9828246, 6.9139518 ], [ 79.9829411, 6.9142951 ], [ 79.9830299, 6.9145678 ], [ 79.9830893, 6.9147897 ], [ 79.9831415, 6.9150015 ], [ 79.9831898, 6.915233 ], [ 79.9832308, 6.9154441 ], [ 79.9832776, 6.9157675 ], [ 79.9832985, 6.9159892 ], [ 79.9833124, 6.9161666 ], [ 79.9833226, 6.9165866 ], [ 79.983309, 6.916933 ], [ 79.9832802, 6.91726 ], [ 79.9832435, 6.9175056 ], [ 79.9832056, 6.9177203 ], [ 79.9831456, 6.9179929 ], [ 79.9830637, 6.9182995 ], [ 79.9829827, 6.9185515 ], [ 79.9828777, 6.9188247 ], [ 79.9827366, 6.9191631 ], [ 79.9825624, 6.9195061 ], [ 79.9823704, 6.9198333 ], [ 79.9822247, 6.9200676 ], [ 79.9820378, 6.92034 ], [ 79.9818327, 6.9206223 ], [ 79.9816332, 6.9208765 ], [ 79.9814783, 6.9210773 ], [ 79.981231, 6.92137 ], [ 79.9809474, 6.9216866 ] ] ] } },
{ "type": "Feature", "properties": { "osm_id": "354982372", "code": 5111, "fclass": "motorway", "name": "Outer Circular Highway", "ref": "E002", "oneway": "F", "maxspeed": 100, "layer": 1, "bridge": "T", "tunnel": "F" }, "geometry": { "type": "MultiLineString", "coordinates": [ [ [ 79.9766192, 6.9253191 ], [ 79.9757793, 6.9259682 ], [ 79.975158, 6.9265238 ], [ 79.9746416, 6.9270463 ], [ 79.9741785, 6.9275594 ], [ 79.9734784, 6.9284376 ], [ 79.9729978, 6.9291775 ], [ 79.9725738, 6.9299897 ], [ 79.9724275, 6.9303024 ], [ 79.9722373, 6.9307926 ], [ 79.9719377, 6.9319191 ], [ 79.9718212, 6.9325734 ] ] ] } },
{ "type": "Feature", "properties": { "osm_id": "355348645", "code": 5111, "fclass": "motorway", "name": "Outer Circular Highway", "ref": "E002", "oneway": "F", "maxspeed": 100, "layer": 1, "bridge": "T", "tunnel": "F" }, "geometry": { "type": "MultiLineString", "coordinates": [ [ [ 79.9762514, 6.9517257 ], [ 79.9762902, 6.9522954 ], [ 79.976316, 6.9525666 ], [ 79.976395, 6.9535986 ], [ 79.9764154, 6.9539598 ], [ 79.976426, 6.9541471 ], [ 79.9764426, 6.9544402 ], [ 79.9764353, 6.9549318 ], [ 79.9763903, 6.9561574 ], [ 79.9763402, 6.9570712 ], [ 79.9762461, 6.9579861 ], [ 79.9761402, 6.9587375 ], [ 79.9759593, 6.9597873 ], [ 79.9755318, 6.9614982 ], [ 79.975125, 6.962892 ], [ 79.9740352, 6.9660403 ], [ 79.973547, 6.9674064 ], [ 79.9734632, 6.9676328 ] ] ] } },
{ "type": "Feature", "properties": { "osm_id": "355348648", "code": 5111, "fclass": "motorway", "name": "Outer Circular Highway", "ref": "E002", "oneway": "F", "maxspeed": 100, "layer": 1, "bridge": "T", "tunnel": "F" }, "geometry": { "type": "MultiLineString", "coordinates": [ [ [ 79.9735814, 6.9676752 ], [ 79.9736762, 6.96742 ], [ 79.974115, 6.9661639 ], [ 79.9752311, 6.9629329 ], [ 79.9756517, 6.9615015 ], [ 79.9760609, 6.9598029 ], [ 79.9762788, 6.9586275 ], [ 79.9763677, 6.9579163 ], [ 79.9764538, 6.9570705 ], [ 79.9765005, 6.9560924 ], [ 79.9765512, 6.9548344 ], [ 79.9765471, 6.954444 ], [ 79.976503, 6.9535873 ], [ 79.9764396, 6.9526544 ], [ 79.9764139, 6.9523269 ], [ 79.9763515, 6.9517094 ] ] ] } },
{ "type": "Feature", "properties": { "osm_id": "358218706", "code": 5111, "fclass": "motorway", "name": "Southern Expressway", "ref": "E001", "oneway": "F", "maxspeed": 100, "layer": 1, "bridge": "T", "tunnel": "F" }, "geometry": { "type": "MultiLineString", "coordinates": [ [ [ 80.106401059357054, 6.389982472843014 ], [ 80.1067985, 6.3931451 ] ] ] } },
{ "type": "Feature", "properties": { "osm_id": "360014163", "code": 5111, "fclass": "motorway", "name": "Outer Circular Highway", "ref": "E002", "oneway": "F", "maxspeed": 100, "layer": 1, "bridge": "T", "tunnel": "F" }, "geometry": { "type": "MultiLineString", "coordinates": [ [ [ 79.9718212, 6.9325734 ], [ 79.9717653, 6.9330134 ], [ 79.9717228, 6.9333636 ], [ 79.9716945, 6.933641 ], [ 79.9716718, 6.9339112 ], [ 79.9716517, 6.9342716 ], [ 79.9716335, 6.9347864 ], [ 79.9716277, 6.9351679 ], [ 79.971633, 6.9354748 ], [ 79.971641, 6.9357566 ], [ 79.9716536, 6.9360405 ], [ 79.9716707, 6.9363784 ], [ 79.971694, 6.9366896 ], [ 79.9717116, 6.9369183 ], [ 79.971736, 6.9371385 ], [ 79.9717829, 6.9375175 ], [ 79.9718425, 6.937934 ], [ 79.9719464, 6.9385058 ], [ 79.9720283, 6.9388943 ], [ 79.9720818, 6.9391205 ], [ 79.9721619, 6.9394456 ], [ 79.972249, 6.9397598 ], [ 79.972383, 6.9402447 ], [ 79.9724638, 6.9405117 ], [ 79.9726045, 6.9409562 ], [ 79.9728252, 6.9415699 ], [ 79.9729926, 6.9419977 ], [ 79.9733451, 6.9428106 ] ] ] } },
{ "type": "Feature", "properties": { "osm_id": "360016814", "code": 5111, "fclass": "motorway", "name": "Southern Expressway", "ref": "E001", "oneway": "F", "maxspeed": 100, "layer": 0, "bridge": "F", "tunnel": "F" }, "geometry": { "type": "MultiLineString", "coordinates": [ [ [ 80.0439538, 6.538077 ], [ 80.0438918, 6.5383993 ], [ 80.0438366, 6.5389893 ], [ 80.0435789, 6.5402148 ], [ 80.0434106, 6.5412527 ] ] ] } },
{ "type": "Feature", "properties": { "osm_id": "360016815", "code": 5111, "fclass": "motorway", "name": "Southern Expressway", "ref": "E001", "oneway": "F", "maxspeed": 100, "layer": 0, "bridge": "F", "tunnel": "F" }, "geometry": { "type": "MultiLineString", "coordinates": [ [ [ 80.0904743, 6.4500607 ], [ 80.0899073, 6.4511716 ], [ 80.0893149, 6.4521681 ] ] ] } },
{ "type": "Feature", "properties": { "osm_id": "360016816", "code": 5111, "fclass": "motorway", "name": "Southern Expressway", "ref": "E001", "oneway": "F", "maxspeed": 100, "layer": 0, "bridge": "F", "tunnel": "F" }, "geometry": { "type": "MultiLineString", "coordinates": [ [ [ 80.0430666, 6.5440205 ], [ 80.0433694, 6.542038 ] ] ] } },
{ "type": "Feature", "properties": { "osm_id": "360016817", "code": 5111, "fclass": "motorway", "name": "Southern Expressway", "ref": "E001", "oneway": "F", "maxspeed": 100, "layer": 0, "bridge": "F", "tunnel": "F" }, "geometry": { "type": "MultiLineString", "coordinates": [ [ [ 80.0872911, 6.4553588 ], [ 80.0887823, 6.4531495 ] ] ] } },
{ "type": "Feature", "properties": { "osm_id": "360016818", "code": 5111, "fclass": "motorway", "name": "Southern Expressway", "ref": "E001", "oneway": "F", "maxspeed": 100, "layer": 0, "bridge": "F", "tunnel": "F" }, "geometry": { "type": "MultiLineString", "coordinates": [ [ [ 80.0771734, 6.4702129 ], [ 80.0802826, 6.4656469 ], [ 80.0859743, 6.4572459 ] ] ] } },
{ "type": "Feature", "properties": { "osm_id": "360016819", "code": 5111, "fclass": "motorway", "name": "Southern Expressway", "ref": "E001", "oneway": "F", "maxspeed": 100, "layer": 0, "bridge": "F", "tunnel": "F" }, "geometry": { "type": "MultiLineString", "coordinates": [ [ [ 79.9811815, 6.7878626 ], [ 79.9807667, 6.785912 ], [ 79.9805638, 6.7849286 ] ] ] } },
{ "type": "Feature", "properties": { "osm_id": "360016820", "code": 5111, "fclass": "motorway", "name": "Southern Expressway", "ref": "E001", "oneway": "F", "maxspeed": 100, "layer": 0, "bridge": "F", "tunnel": "F" }, "geometry": { "type": "MultiLineString", "coordinates": [ [ [ 79.9800268, 6.7803951 ], [ 79.9800661, 6.7818188 ], [ 79.9801196, 6.7825339 ], [ 79.9802272, 6.7833667 ] ] ] } },
{ "type": "Feature", "properties": { "osm_id": "360016823", "code": 5111, "fclass": "motorway", "name": "Southern Expressway", "ref": "E001", "oneway": "F", "maxspeed": 100, "layer": 0, "bridge": "F", "tunnel": "F" }, "geometry": { "type": "MultiLineString", "coordinates": [ [ [ 80.0006497, 6.7092027 ], [ 80.0005054, 6.7112409 ], [ 80.0003508, 6.7128744 ], [ 79.9998962, 6.7188122 ] ] ] } },
{ "type": "Feature", "properties": { "osm_id": "369779520", "code": 5111, "fclass": "motorway", "name": "Southern Expressway", "ref": "E001", "oneway": "F", "maxspeed": 100, "layer": 1, "bridge": "T", "tunnel": "F" }, "geometry": { "type": "MultiLineString", "coordinates": [ [ [ 80.0033298, 6.6961605 ], [ 80.0031011, 6.6969151 ] ] ] } },
{ "type": "Feature", "properties": { "osm_id": "369779521", "code": 5111, "fclass": "motorway", "name": "Southern Expressway", "ref": "E001", "oneway": "F", "maxspeed": 100, "layer": 0, "bridge": "F", "tunnel": "F" }, "geometry": { "type": "MultiLineString", "coordinates": [ [ [ 80.0070797, 6.6779308 ], [ 80.0071675, 6.6786836 ], [ 80.007252, 6.6801974 ], [ 80.0072223, 6.6815099 ], [ 80.0071094, 6.6826943 ], [ 80.0069269, 6.6839406 ], [ 80.0065749, 6.6854443 ], [ 80.0061409, 6.6869225 ], [ 80.0042951, 6.6929884 ] ] ] } },
{ "type": "Feature", "properties": { "osm_id": "369779556", "code": 5111, "fclass": "motorway", "name": "Southern Expressway", "ref": "E001", "oneway": "F", "maxspeed": 100, "layer": 0, "bridge": "F", "tunnel": "F" }, "geometry": { "type": "MultiLineString", "coordinates": [ [ [ 80.0031011, 6.6969151 ], [ 80.0027648, 6.6980042 ], [ 80.0023772, 6.6992763 ], [ 80.0020852, 6.7003436 ], [ 80.0017863, 6.7014972 ], [ 80.0014785, 6.7029287 ], [ 80.0010998, 6.7050233 ], [ 80.0010051, 6.7056885 ], [ 80.0008092, 6.7073721 ], [ 80.0006497, 6.7092027 ] ] ] } },
{ "type": "Feature", "properties": { "osm_id": "369779565", "code": 5111, "fclass": "motorway", "name": "Southern Expressway", "ref": "E001", "oneway": "F", "maxspeed": 100, "layer": 1, "bridge": "T", "tunnel": "F" }, "geometry": { "type": "MultiLineString", "coordinates": [ [ [ 80.0031839, 6.6969285 ], [ 80.0033113, 6.6965213 ], [ 80.0034253, 6.696174 ] ] ] } },
{ "type": "Feature", "properties": { "osm_id": "369779566", "code": 5111, "fclass": "motorway", "name": "Southern Expressway", "ref": "E001", "oneway": "F", "maxspeed": 100, "layer": 0, "bridge": "F", "tunnel": "F" }, "geometry": { "type": "MultiLineString", "coordinates": [ [ [ 80.0071453, 6.6777437 ], [ 80.0070709, 6.6772636 ], [ 80.006877, 6.6762808 ], [ 80.0066284, 6.6752947 ], [ 80.0062861, 6.674195 ], [ 80.004816, 6.6702211 ], [ 80.0032891, 6.6660387 ], [ 80.0029912, 6.6651712 ], [ 80.0027082, 6.6642236 ], [ 80.0023765, 6.6627208 ], [ 80.00217, 6.6612167 ], [ 80.0021455, 6.6609056 ], [ 80.0020883, 6.6595964 ], [ 80.0020913, 6.6590495 ], [ 80.0021371, 6.6579598 ], [ 80.0024565, 6.6549828 ], [ 80.0024692, 6.6544853 ] ] ] } },
{ "type": "Feature", "properties": { "osm_id": "384505407", "code": 5111, "fclass": "motorway", "name": "Southern Expressway", "ref": "E001", "oneway": "F", "maxspeed": 100, "layer": 0, "bridge": "F", "tunnel": "F" }, "geometry": { "type": "MultiLineString", "coordinates": [ [ [ 79.9814975, 6.8374649 ], [ 79.9814386, 6.8376375 ] ] ] } },
{ "type": "Feature", "properties": { "osm_id": "393076571", "code": 5111, "fclass": "motorway", "name": "Southern Expressway", "ref": "E001", "oneway": "F", "maxspeed": 100, "layer": 0, "bridge": "F", "tunnel": "F" }, "geometry": { "type": "MultiLineString", "coordinates": [ [ [ 80.0286096, 6.5757288 ], [ 80.0292438, 6.5749073 ], [ 80.0306713, 6.5726972 ], [ 80.031758, 6.5710795 ], [ 80.0326807, 6.5694983 ], [ 80.0338182, 6.5675049 ], [ 80.0345298, 6.5660398 ], [ 80.0357526, 6.5636686 ], [ 80.0366691, 6.5618032 ] ] ] } },
{ "type": "Feature", "properties": { "osm_id": "393076576", "code": 5111, "fclass": "motorway", "name": "Southern Expressway", "ref": "E001", "oneway": "F", "maxspeed": 100, "layer": 1, "bridge": "T", "tunnel": "F" }, "geometry": { "type": "MultiLineString", "coordinates": [ [ [ 80.0266121, 6.5782922 ], [ 80.0262999, 6.5787436 ] ] ] } },
{ "type": "Feature", "properties": { "osm_id": "393076581", "code": 5111, "fclass": "motorway", "name": "Southern Expressway", "ref": "E001", "oneway": "F", "maxspeed": 100, "layer": 1, "bridge": "T", "tunnel": "F" }, "geometry": { "type": "MultiLineString", "coordinates": [ [ [ 80.0264003, 6.5788303 ], [ 80.0267401, 6.5783696 ] ] ] } },
{ "type": "Feature", "properties": { "osm_id": "393076585", "code": 5111, "fclass": "motorway", "name": "Southern Expressway", "ref": "E001", "oneway": "F", "maxspeed": 100, "layer": 0, "bridge": "F", "tunnel": "F" }, "geometry": { "type": "MultiLineString", "coordinates": [ [ [ 80.036594, 6.5617445 ], [ 80.0344067, 6.566017 ], [ 80.0335788, 6.5677517 ], [ 80.0328657, 6.5689857 ], [ 80.0317821, 6.570879 ], [ 80.030561, 6.5726955 ], [ 80.0298052, 6.5738953 ], [ 80.029358, 6.5746052 ], [ 80.0285481, 6.5756709 ] ] ] } },
{ "type": "Feature", "properties": { "osm_id": "402227371", "code": 5111, "fclass": "motorway", "name": "Colombo - Katunayake Expressway", "ref": "E003", "oneway": "F", "maxspeed": 100, "layer": 1, "bridge": "T", "tunnel": "F" }, "geometry": { "type": "MultiLineString", "coordinates": [ [ [ 79.8972418, 6.9768051 ], [ 79.897062, 6.9766779 ] ] ] } },
{ "type": "Feature", "properties": { "osm_id": "417138840", "code": 5111, "fclass": "motorway", "name": "Outer Circular Highway", "ref": "E002", "oneway": "F", "maxspeed": 100, "layer": 1, "bridge": "T", "tunnel": "F" }, "geometry": { "type": "MultiLineString", "coordinates": [ [ [ 79.981012, 6.921736 ], [ 79.981361, 6.9213366 ], [ 79.9815457, 6.9211162 ], [ 79.9817154, 6.9209026 ], [ 79.9819051, 6.9206582 ], [ 79.9821091, 6.9203779 ], [ 79.9824534, 6.9198692 ], [ 79.9826424, 6.9195496 ], [ 79.9828143, 6.9192111 ], [ 79.9829885, 6.9188105 ], [ 79.9830715, 6.9185822 ], [ 79.9831544, 6.9183245 ], [ 79.9832234, 6.9180568 ], [ 79.9832937, 6.9177492 ], [ 79.9833333, 6.9175242 ], [ 79.9833747, 6.9172673 ], [ 79.9834034, 6.9169294 ], [ 79.9834147, 6.9165797 ], [ 79.9834084, 6.9162981 ], [ 79.9833977, 6.9159905 ], [ 79.9833776, 6.9158028 ], [ 79.983348, 6.9155713 ], [ 79.9832958, 6.9152996 ], [ 79.9832408, 6.915035 ], [ 79.9831818, 6.9147883 ], [ 79.9831086, 6.9145385 ], [ 79.9830155, 6.9142451 ], [ 79.9829021, 6.9139104 ], [ 79.9826849, 6.9133594 ], [ 79.9823496, 6.912551 ], [ 79.982082, 6.9118996 ], [ 79.9817702, 6.9111244 ], [ 79.9816226, 6.9107249 ], [ 79.9814726, 6.9103103 ], [ 79.98127, 6.9097012 ], [ 79.9811197, 6.9092559 ], [ 79.9809851, 6.9088092 ], [ 79.9808485, 6.908341 ], [ 79.9806869, 6.9077465 ], [ 79.9805414, 6.9072093 ], [ 79.9803668, 6.906462 ], [ 79.9802128, 6.9057447 ], [ 79.9799336, 6.9042635 ], [ 79.9797752, 6.9031787 ], [ 79.9796496, 6.902132 ], [ 79.9795622, 6.9011831 ], [ 79.9794388, 6.9000021 ], [ 79.9793972, 6.8996427 ], [ 79.979348, 6.8992653 ], [ 79.9792591, 6.8986308 ], [ 79.9791649, 6.8979727 ], [ 79.9790499, 6.8972994 ], [ 79.9789397, 6.8966746 ], [ 79.9787857, 6.8958868 ], [ 79.9786478, 6.8952247 ], [ 79.9784879, 6.8945261 ], [ 79.9783565, 6.8939642 ], [ 79.9782196, 6.8934291 ] ] ] } },
{ "type": "Feature", "properties": { "osm_id": "417139391", "code": 5111, "fclass": "motorway", "name": "Outer Circular Highway", "ref": "E002", "oneway": "F", "maxspeed": 100, "layer": 0, "bridge": "F", "tunnel": "F" }, "geometry": { "type": "MultiLineString", "coordinates": [ [ [ 79.9782196, 6.8934291 ], [ 79.9780533, 6.8927335 ] ] ] } },
{ "type": "Feature", "properties": { "osm_id": "417469237", "code": 5111, "fclass": "motorway", "name": "Colombo - Katunayake Expressway", "ref": "E003", "oneway": "F", "maxspeed": 100, "layer": 0, "bridge": "F", "tunnel": "F" }, "geometry": { "type": "MultiLineString", "coordinates": [ [ [ 79.8740321, 7.1203363 ], [ 79.874431, 7.1191874 ], [ 79.874626, 7.1186208 ], [ 79.8748344, 7.1180109 ], [ 79.8754536, 7.1163013 ], [ 79.8761931, 7.1141034 ], [ 79.8764699, 7.1131582 ], [ 79.8767467, 7.1121811 ] ] ] } },
{ "type": "Feature", "properties": { "osm_id": "417469238", "code": 5111, "fclass": "motorway", "name": "Colombo - Katunayake Expressway", "ref": "E003", "oneway": "F", "maxspeed": 100, "layer": 1, "bridge": "T", "tunnel": "F" }, "geometry": { "type": "MultiLineString", "coordinates": [ [ [ 79.8739623, 7.1203164 ], [ 79.873617, 7.1214315 ] ] ] } },
{ "type": "Feature", "properties": { "osm_id": "417469239", "code": 5111, "fclass": "motorway", "name": "Colombo - Katunayake Expressway", "ref": "E003", "oneway": "F", "maxspeed": 100, "layer": 1, "bridge": "T", "tunnel": "F" }, "geometry": { "type": "MultiLineString", "coordinates": [ [ [ 79.8737118, 7.12145 ], [ 79.8740321, 7.1203363 ] ] ] } },
{ "type": "Feature", "properties": { "osm_id": "417469242", "code": 5111, "fclass": "motorway", "name": "Colombo - Katunayake Expressway", "ref": "E003", "oneway": "F", "maxspeed": 100, "layer": 0, "bridge": "F", "tunnel": "F" }, "geometry": { "type": "MultiLineString", "coordinates": [ [ [ 79.8729933, 7.1233174 ], [ 79.8728194, 7.1238404 ] ] ] } },
{ "type": "Feature", "properties": { "osm_id": "419367833", "code": 5111, "fclass": "motorway", "name": "Colombo - Katunayake Expressway", "ref": "E003", "oneway": "F", "maxspeed": 100, "layer": 0, "bridge": "F", "tunnel": "F" }, "geometry": { "type": "MultiLineString", "coordinates": [ [ [ 79.8937588, 6.9693511 ], [ 79.8936246, 6.9688837 ], [ 79.8934574, 6.9684133 ], [ 79.8933467, 6.9681527 ], [ 79.8932467, 6.9679329 ], [ 79.893026, 6.9675083 ], [ 79.8927413, 6.9670229 ], [ 79.8925738, 6.9667525 ], [ 79.8923536, 6.9664297 ], [ 79.8919202, 6.9658317 ] ] ] } },
{ "type": "Feature", "properties": { "osm_id": "419367837", "code": 5111, "fclass": "motorway", "name": "Colombo - Katunayake Expressway", "ref": "E003", "oneway": "F", "maxspeed": 80, "layer": 0, "bridge": "F", "tunnel": "F" }, "geometry": { "type": "MultiLineString", "coordinates": [ [ [ 79.8937292, 6.969706 ], [ 79.8938093, 6.9701165 ], [ 79.8938682, 6.9705356 ], [ 79.8939197, 6.9711605 ] ] ] } },
{ "type": "Feature", "properties": { "osm_id": "419367842", "code": 5111, "fclass": "motorway", "name": "Colombo - Katunayake Expressway", "ref": "E003", "oneway": "F", "maxspeed": 100, "layer": 1, "bridge": "T", "tunnel": "F" }, "geometry": { "type": "MultiLineString", "coordinates": [ [ [ 79.893636, 6.969373 ], [ 79.8937292, 6.969706 ] ] ] } },
{ "type": "Feature", "properties": { "osm_id": "419367844", "code": 5111, "fclass": "motorway", "name": "Colombo - Katunayake Expressway", "ref": "E003", "oneway": "F", "maxspeed": 100, "layer": 1, "bridge": "T", "tunnel": "F" }, "geometry": { "type": "MultiLineString", "coordinates": [ [ [ 79.8938444, 6.9697015 ], [ 79.8937588, 6.9693511 ] ] ] } },
{ "type": "Feature", "properties": { "osm_id": "426757943", "code": 5111, "fclass": "motorway", "name": "Colombo - Katunayake Expressway", "ref": "E003", "oneway": "F", "maxspeed": 100, "layer": 1, "bridge": "T", "tunnel": "F" }, "geometry": { "type": "MultiLineString", "coordinates": [ [ [ 79.8767549, 7.1117233 ], [ 79.8766483, 7.1121544 ] ] ] } },
{ "type": "Feature", "properties": { "osm_id": "426757944", "code": 5111, "fclass": "motorway", "name": "Colombo - Katunayake Expressway", "ref": "E003", "oneway": "F", "maxspeed": 100, "layer": 1, "bridge": "T", "tunnel": "F" }, "geometry": { "type": "MultiLineString", "coordinates": [ [ [ 79.8767467, 7.1121811 ], [ 79.8768568, 7.1117356 ] ] ] } },
{ "type": "Feature", "properties": { "osm_id": "426757945", "code": 5111, "fclass": "motorway", "name": "Colombo - Katunayake Expressway", "ref": "E003", "oneway": "F", "maxspeed": 100, "layer": 0, "bridge": "F", "tunnel": "F" }, "geometry": { "type": "MultiLineString", "coordinates": [ [ [ 79.8768568, 7.1117356 ], [ 79.877019, 7.1110179 ], [ 79.8772613, 7.1098357 ], [ 79.8774825, 7.1084744 ], [ 79.8776212, 7.1074491 ] ] ] } },
{ "type": "Feature", "properties": { "osm_id": "426757947", "code": 5111, "fclass": "motorway", "name": "Colombo - Katunayake Expressway", "ref": "E003", "oneway": "F", "maxspeed": 100, "layer": 0, "bridge": "F", "tunnel": "F" }, "geometry": { "type": "MultiLineString", "coordinates": [ [ [ 79.8766483, 7.1121544 ], [ 79.8764496, 7.1128715 ], [ 79.8760798, 7.1141008 ], [ 79.8754081, 7.1161252 ], [ 79.8747871, 7.1179178 ], [ 79.8739623, 7.1203164 ] ] ] } },
{ "type": "Feature", "properties": { "osm_id": "431943124", "code": 5111, "fclass": "motorway", "name": "Outer Circular Highway", "ref": "E002", "oneway": "F", "maxspeed": 100, "layer": 1, "bridge": "T", "tunnel": "F" }, "geometry": { "type": "MultiLineString", "coordinates": [ [ [ 79.9609594, 7.0034704 ], [ 79.9610334, 7.0029441 ], [ 79.9616369, 6.9994457 ] ] ] } },
{ "type": "Feature", "properties": { "osm_id": "439836093", "code": 5111, "fclass": "motorway", "name": "Colombo - Katunayake Expressway", "ref": "E003", "oneway": "F", "maxspeed": 100, "layer": 0, "bridge": "F", "tunnel": "F" }, "geometry": { "type": "MultiLineString", "coordinates": [ [ [ 79.8811381, 7.0502147 ], [ 79.8812312, 7.0499096 ], [ 79.8814661, 7.0492459 ], [ 79.8817963, 7.0483824 ], [ 79.8820197, 7.0477967 ], [ 79.8822635, 7.0472039 ], [ 79.8824948, 7.0466651 ], [ 79.8827097, 7.0461791 ], [ 79.882968, 7.0456099 ], [ 79.883207, 7.0450813 ], [ 79.8841698, 7.0430035 ], [ 79.8851709, 7.0408403 ], [ 79.8862124, 7.0386343 ], [ 79.8875753, 7.0356089 ], [ 79.8880011, 7.0345613 ], [ 79.8883806, 7.033527 ], [ 79.8887339, 7.0324863 ], [ 79.8888967, 7.0319659 ], [ 79.8890335, 7.0314536 ], [ 79.8894976, 7.0295999 ], [ 79.8897272, 7.0284282 ], [ 79.8899308, 7.0272597 ], [ 79.8900951, 7.0258957 ], [ 79.8902218, 7.0245312 ], [ 79.8903053, 7.0226796 ], [ 79.890345, 7.0208219 ], [ 79.8903938, 7.0194061 ], [ 79.8905108, 7.0179898 ], [ 79.8905632, 7.0174603 ], [ 79.8906042, 7.0171713 ], [ 79.8906669, 7.0167662 ], [ 79.8907478, 7.0162769 ], [ 79.8908147, 7.0158571 ], [ 79.8909748, 7.014977 ], [ 79.8912288, 7.0134198 ], [ 79.8915383, 7.0117743 ], [ 79.8916691, 7.0112819 ], [ 79.8918851, 7.010577 ], [ 79.8920158, 7.0102528 ], [ 79.8921786, 7.0098915 ], [ 79.8923393, 7.0095633 ], [ 79.8926099, 7.0091232 ], [ 79.892926, 7.008734 ], [ 79.8932421, 7.00838 ], [ 79.8935256, 7.0080996 ], [ 79.8938193, 7.0078493 ], [ 79.8943407, 7.0074821 ], [ 79.8947589, 7.0072276 ], [ 79.8950574, 7.0070842 ], [ 79.8956187, 7.0068572 ], [ 79.8959678, 7.0067497 ], [ 79.8963625, 7.0066522 ], [ 79.898301, 7.0063055 ], [ 79.898983, 7.0061411 ], [ 79.8993409, 7.0060213 ], [ 79.8997027, 7.005896 ], [ 79.9002199, 7.0056566 ], [ 79.9006309, 7.005456 ], [ 79.9010142, 7.0052395 ], [ 79.9011618, 7.0051421 ], [ 79.9016539, 7.0048032 ] ] ] } },
{ "type": "Feature", "properties": { "osm_id": "439836094", "code": 5111, "fclass": "motorway", "name": "Colombo - Katunayake Expressway", "ref": "E003", "oneway": "F", "maxspeed": 100, "layer": 0, "bridge": "F", "tunnel": "F" }, "geometry": { "type": "MultiLineString", "coordinates": [ [ [ 79.8810037, 7.0502786 ], [ 79.8809012, 7.0506119 ], [ 79.8805902, 7.0516782 ], [ 79.8803152, 7.0527372 ], [ 79.8800625, 7.0538371 ], [ 79.8797494, 7.0555423 ], [ 79.8796306, 7.0564843 ], [ 79.8795427, 7.0573634 ], [ 79.8794198, 7.05844 ], [ 79.8793496, 7.0591966 ], [ 79.8792555, 7.0602326 ], [ 79.8790063, 7.0633747 ], [ 79.8786904, 7.066605 ], [ 79.8785056, 7.0688684 ], [ 79.8783797, 7.0701528 ], [ 79.8783037, 7.0708903 ], [ 79.8781229, 7.0722689 ], [ 79.8780262, 7.0729796 ], [ 79.8779244, 7.0736097 ], [ 79.8777665, 7.0747703 ], [ 79.8777094, 7.0751946 ], [ 79.8776382, 7.0756871 ], [ 79.8775612, 7.0764351 ] ] ] } },
{ "type": "Feature", "properties": { "osm_id": "439836095", "code": 5111, "fclass": "motorway", "name": "Colombo - Katunayake Expressway", "ref": "E003", "oneway": "F", "maxspeed": 100, "layer": 1, "bridge": "T", "tunnel": "F" }, "geometry": { "type": "MultiLineString", "coordinates": [ [ [ 79.8810321, 7.0501859 ], [ 79.8810037, 7.0502786 ] ] ] } },
{ "type": "Feature", "properties": { "osm_id": "439836096", "code": 5111, "fclass": "motorway", "name": "Colombo - Katunayake Expressway", "ref": "E003", "oneway": "F", "maxspeed": 100, "layer": 1, "bridge": "T", "tunnel": "F" }, "geometry": { "type": "MultiLineString", "coordinates": [ [ [ 79.8811086, 7.0503114 ], [ 79.8811381, 7.0502147 ] ] ] } },
{ "type": "Feature", "properties": { "osm_id": "452966953", "code": 5111, "fclass": "motorway", "name": "Outer Circular Highway", "ref": "E002", "oneway": "F", "maxspeed": 100, "layer": 0, "bridge": "F", "tunnel": "F" }, "geometry": { "type": "MultiLineString", "coordinates": [ [ [ 79.9734632, 6.9676328 ], [ 79.97332, 6.9680198 ], [ 79.9725217, 6.9697749 ], [ 79.9716774, 6.9714791 ], [ 79.9710423, 6.9728157 ], [ 79.9702319, 6.9746435 ], [ 79.969526, 6.9764993 ], [ 79.9685948, 6.9791367 ], [ 79.9680818, 6.9804903 ], [ 79.9672088, 6.9825022 ] ] ] } },
{ "type": "Feature", "properties": { "osm_id": "452966954", "code": 5111, "fclass": "motorway", "name": "Outer Circular Highway", "ref": "E002", "oneway": "F", "maxspeed": 100, "layer": 0, "bridge": "F", "tunnel": "F" }, "geometry": { "type": "MultiLineString", "coordinates": [ [ [ 79.9763515, 6.9517094 ], [ 79.9762766, 6.9511995 ], [ 79.9761931, 6.9506763 ], [ 79.9760881, 6.9501313 ], [ 79.9760209, 6.9498098 ], [ 79.9759154, 6.9493583 ], [ 79.9757574, 6.9487658 ], [ 79.9756543, 6.9483721 ] ] ] } },
{ "type": "Feature", "properties": { "osm_id": "458970707", "code": 5111, "fclass": "motorway", "name": "Outer Circular Highway", "ref": "E002", "oneway": "F", "maxspeed": 100, "layer": 0, "bridge": "F", "tunnel": "F" }, "geometry": { "type": "MultiLineString", "coordinates": [ [ [ 79.9766817, 6.9254229 ], [ 79.9773962, 6.9249188 ], [ 79.9780394, 6.9244591 ], [ 79.9789518, 6.9237576 ], [ 79.9793328, 6.9234374 ], [ 79.9802658, 6.9225677 ] ] ] } },
{ "type": "Feature", "properties": { "osm_id": "461318620", "code": 5111, "fclass": "motorway", "name": "Colombo - Katunayake Expressway", "ref": "E003", "oneway": "F", "maxspeed": 100, "layer": 0, "bridge": "F", "tunnel": "F" }, "geometry": { "type": "MultiLineString", "coordinates": [ [ [ 79.8717328, 7.1293358 ], [ 79.8715597, 7.130253 ], [ 79.8713656, 7.1310372 ], [ 79.8708673, 7.1327159 ], [ 79.8706866, 7.1332591 ], [ 79.8705009, 7.1337318 ], [ 79.868817, 7.1373732 ], [ 79.8683659, 7.1384563 ], [ 79.8678295, 7.1398508 ], [ 79.8676008, 7.1405778 ], [ 79.8674448, 7.1412294 ], [ 79.8672387, 7.1423062 ], [ 79.8671162, 7.1430814 ], [ 79.8670671, 7.1434631 ], [ 79.8670108, 7.1446942 ], [ 79.8670221, 7.1458136 ], [ 79.8670864, 7.1467077 ], [ 79.8671967, 7.1476902 ], [ 79.8674164, 7.1488635 ], [ 79.8684089, 7.1529121 ] ] ] } },
{ "type": "Feature", "properties": { "osm_id": "461318621", "code": 5111, "fclass": "motorway", "name": "Colombo - Katunayake Expressway", "ref": "E003", "oneway": "F", "maxspeed": 100, "layer": 0, "bridge": "F", "tunnel": "F" }, "geometry": { "type": "MultiLineString", "coordinates": [ [ [ 79.8721641, 7.1261547 ], [ 79.8721453, 7.1262362 ], [ 79.8721116, 7.1263758 ] ] ] } },
{ "type": "Feature", "properties": { "osm_id": "486764663", "code": 5111, "fclass": "motorway", "name": "Outer Circular Highway", "ref": "E002", "oneway": "F", "maxspeed": 100, "layer": 0, "bridge": "F", "tunnel": "F" }, "geometry": { "type": "MultiLineString", "coordinates": [ [ [ 79.9432962, 7.0097035 ], [ 79.9442824, 7.0097807 ], [ 79.9453976, 7.0098918 ], [ 79.9471848, 7.0100876 ], [ 79.9480472, 7.0101873 ], [ 79.949151, 7.0102871 ], [ 79.9504521, 7.0103793 ], [ 79.9515673, 7.0104565 ], [ 79.9528968, 7.0105168 ], [ 79.9534259, 7.0105318 ], [ 79.9538868, 7.0105412 ], [ 79.9543477, 7.0105412 ], [ 79.9547801, 7.0105299 ], [ 79.9551727, 7.010496 ], [ 79.9556431, 7.0104245 ], [ 79.9559939, 7.0103492 ], [ 79.9563733, 7.0102344 ], [ 79.9567222, 7.0101101 ], [ 79.9570409, 7.009969 ], [ 79.9573321, 7.0098334 ] ] ] } },
{ "type": "Feature", "properties": { "osm_id": "486764664", "code": 5111, "fclass": "motorway", "name": "Outer Circular Highway", "ref": "E002", "oneway": "F", "maxspeed": 100, "layer": 0, "bridge": "F", "tunnel": "F" }, "geometry": { "type": "MultiLineString", "coordinates": [ [ [ 79.9573321, 7.0098334 ], [ 79.9577824, 7.009568 ], [ 79.958084, 7.0093704 ], [ 79.9586606, 7.0088866 ], [ 79.9589944, 7.0085402 ], [ 79.9592978, 7.0081807 ] ] ] } },
{ "type": "Feature", "properties": { "osm_id": "486765167", "code": 5111, "fclass": "motorway", "name": "Outer Circular Highway", "ref": "E002", "oneway": "F", "maxspeed": 100, "layer": 0, "bridge": "F", "tunnel": "F" }, "geometry": { "type": "MultiLineString", "coordinates": [ [ [ 79.9591328, 7.0080489 ], [ 79.9589792, 7.0082183 ], [ 79.9588483, 7.0083689 ], [ 79.958598, 7.0086343 ], [ 79.9584178, 7.0088 ], [ 79.9580631, 7.0090993 ], [ 79.9576174, 7.0094024 ], [ 79.9572097, 7.0096395 ], [ 79.9569043, 7.009792 ], [ 79.9565686, 7.0099388 ], [ 79.9561684, 7.0100781 ], [ 79.9557095, 7.010208 ], [ 79.9552751, 7.0102927 ], [ 79.9550247, 7.0103201 ], [ 79.9547934, 7.0103455 ], [ 79.9540651, 7.0103718 ], [ 79.9532344, 7.0103563 ], [ 79.9523088, 7.0103247 ], [ 79.9518219, 7.0102978 ], [ 79.951628, 7.0102871 ], [ 79.950416, 7.0102193 ], [ 79.9491716, 7.0101342 ], [ 79.9470552, 7.0099351 ], [ 79.9456612, 7.0098071 ], [ 79.9453804, 7.0097809 ], [ 79.9443677, 7.0096866 ], [ 79.9433102, 7.009598 ] ] ] } },
{ "type": "Feature", "properties": { "osm_id": "486767411", "code": 5111, "fclass": "motorway", "name": null, "ref": null, "oneway": "F", "maxspeed": 50, "layer": 0, "bridge": "F", "tunnel": "F" }, "geometry": { "type": "MultiLineString", "coordinates": [ [ [ 79.8834229, 7.0182802 ], [ 79.8835981, 7.0182295 ], [ 79.8838911, 7.0181618 ] ] ] } },
{ "type": "Feature", "properties": { "osm_id": "508960052", "code": 5111, "fclass": "motorway", "name": "Southern Expressway", "ref": "E001", "oneway": "F", "maxspeed": 100, "layer": 1, "bridge": "T", "tunnel": "F" }, "geometry": { "type": "MultiLineString", "coordinates": [ [ [ 80.0070519, 6.677747 ], [ 80.0070797, 6.6779308 ] ] ] } },
{ "type": "Feature", "properties": { "osm_id": "508960053", "code": 5111, "fclass": "motorway", "name": "Southern Expressway", "ref": "E001", "oneway": "F", "maxspeed": 100, "layer": 1, "bridge": "T", "tunnel": "F" }, "geometry": { "type": "MultiLineString", "coordinates": [ [ [ 80.0071673, 6.6779107 ], [ 80.0071453, 6.6777437 ] ] ] } },
{ "type": "Feature", "properties": { "osm_id": "508960054", "code": 5111, "fclass": "motorway", "name": "Southern Expressway", "ref": "E001", "oneway": "F", "maxspeed": 100, "layer": 0, "bridge": "F", "tunnel": "F" }, "geometry": { "type": "MultiLineString", "coordinates": [ [ [ 80.0043682, 6.6930096 ], [ 80.0047, 6.6918783 ], [ 80.0054428, 6.6895407 ], [ 80.0066672, 6.685491 ], [ 80.0067905, 6.6850346 ], [ 80.0070457, 6.6838273 ], [ 80.0071601, 6.68314 ], [ 80.0072346, 6.682462 ], [ 80.0073107, 6.6815842 ], [ 80.0073338, 6.6807736 ], [ 80.0073312, 6.679956 ], [ 80.0073035, 6.6792484 ], [ 80.0071673, 6.6779107 ] ] ] } },
{ "type": "Feature", "properties": { "osm_id": "508962888", "code": 5111, "fclass": "motorway", "name": "Southern Expressway", "ref": "E001", "oneway": "F", "maxspeed": 100, "layer": 1, "bridge": "T", "tunnel": "F" }, "geometry": { "type": "MultiLineString", "coordinates": [ [ [ 80.0019546, 6.6495776 ], [ 80.0019801, 6.6496828 ] ] ] } },
{ "type": "Feature", "properties": { "osm_id": "508962889", "code": 5111, "fclass": "motorway", "name": "Southern Expressway", "ref": "E001", "oneway": "F", "maxspeed": 100, "layer": 1, "bridge": "T", "tunnel": "F" }, "geometry": { "type": "MultiLineString", "coordinates": [ [ [ 80.0020645, 6.6496645 ], [ 80.0020391, 6.649556 ] ] ] } },
{ "type": "Feature", "properties": { "osm_id": "508962890", "code": 5111, "fclass": "motorway", "name": "Southern Expressway", "ref": "E001", "oneway": "F", "maxspeed": 100, "layer": 0, "bridge": "F", "tunnel": "F" }, "geometry": { "type": "MultiLineString", "coordinates": [ [ [ 80.0020391, 6.649556 ], [ 80.0013887, 6.6466688 ], [ 80.0008105, 6.6441701 ], [ 80.0005966, 6.6430551 ], [ 80.0004375, 6.6417668 ], [ 80.0003646, 6.6404982 ], [ 80.0003643, 6.6400893 ] ] ] } },
{ "type": "Feature", "properties": { "osm_id": "508962891", "code": 5111, "fclass": "motorway", "name": "Southern Expressway", "ref": "E001", "oneway": "F", "maxspeed": 100, "layer": 0, "bridge": "F", "tunnel": "F" }, "geometry": { "type": "MultiLineString", "coordinates": [ [ [ 80.0002658, 6.6401025 ], [ 80.0002691, 6.6406575 ], [ 80.0003252, 6.6415794 ], [ 80.0004207, 6.6424579 ], [ 80.0006286, 6.643687 ], [ 80.0007889, 6.6445333 ], [ 80.0019546, 6.6495776 ] ] ] } },
{ "type": "Feature", "properties": { "osm_id": "512876215", "code": 5111, "fclass": "motorway", "name": "Southern Expressway", "ref": "E001", "oneway": "F", "maxspeed": 100, "layer": 1, "bridge": "T", "tunnel": "F" }, "geometry": { "type": "MultiLineString", "coordinates": [ [ [ 80.105228, 6.4054552 ], [ 80.1051808, 6.4056204 ] ] ] } },
{ "type": "Feature", "properties": { "osm_id": "512876216", "code": 5111, "fclass": "motorway", "name": "Southern Expressway", "ref": "E001", "oneway": "F", "maxspeed": 100, "layer": 0, "bridge": "F", "tunnel": "F" }, "geometry": { "type": "MultiLineString", "coordinates": [ [ [ 80.1067386, 6.4001516 ], [ 80.1065695, 6.4009426 ], [ 80.1063557, 6.4017695 ], [ 80.1057587, 6.4036084 ], [ 80.1054429, 6.4046227 ], [ 80.105228, 6.4054552 ] ] ] } },
{ "type": "Feature", "properties": { "osm_id": "512876217", "code": 5111, "fclass": "motorway", "name": "Southern Expressway", "ref": "E001", "oneway": "F", "maxspeed": 100, "layer": 1, "bridge": "T", "tunnel": "F" }, "geometry": { "type": "MultiLineString", "coordinates": [ [ [ 80.1052404, 6.4056242 ], [ 80.1052756, 6.4055129 ], [ 80.1052865, 6.4054791 ] ] ] } },
{ "type": "Feature", "properties": { "osm_id": "512876219", "code": 5111, "fclass": "motorway", "name": "Southern Expressway", "ref": "E001", "oneway": "F", "maxspeed": 100, "layer": 0, "bridge": "F", "tunnel": "F" }, "geometry": { "type": "MultiLineString", "coordinates": [ [ [ 80.1052865, 6.4054791 ], [ 80.105411, 6.4050945 ], [ 80.1057999, 6.4037644 ], [ 80.1064517, 6.4017147 ], [ 80.1066502, 6.400939 ], [ 80.106807, 6.4001942 ] ] ] } },
{ "type": "Feature", "properties": { "osm_id": "512876226", "code": 5111, "fclass": "motorway", "name": "Southern Expressway", "ref": "E001", "oneway": "F", "maxspeed": 100, "layer": 1, "bridge": "T", "tunnel": "F" }, "geometry": { "type": "MultiLineString", "coordinates": [ [ [ 80.1009553, 6.4183621 ], [ 80.1010358, 6.418163 ] ] ] } },
{ "type": "Feature", "properties": { "osm_id": "512876227", "code": 5111, "fclass": "motorway", "name": "Southern Expressway", "ref": "E001", "oneway": "F", "maxspeed": 100, "layer": 0, "bridge": "F", "tunnel": "F" }, "geometry": { "type": "MultiLineString", "coordinates": [ [ [ 80.1010358, 6.418163 ], [ 80.1013827, 6.4173053 ], [ 80.1023599, 6.4146286 ], [ 80.1023737, 6.4145951 ], [ 80.1028709, 6.4133907 ], [ 80.1031821, 6.4124298 ], [ 80.103394, 6.4116328 ], [ 80.1035433, 6.4110223 ], [ 80.103885, 6.4098876 ], [ 80.1046546, 6.407584 ], [ 80.1049416, 6.4067178 ], [ 80.1051319, 6.4059677 ], [ 80.1052404, 6.4056242 ] ] ] } },
{ "type": "Feature", "properties": { "osm_id": "512876228", "code": 5111, "fclass": "motorway", "name": "Southern Expressway", "ref": "E001", "oneway": "F", "maxspeed": 100, "layer": 1, "bridge": "T", "tunnel": "F" }, "geometry": { "type": "MultiLineString", "coordinates": [ [ [ 80.1009775, 6.418153 ], [ 80.1009018, 6.4183449 ] ] ] } },
{ "type": "Feature", "properties": { "osm_id": "512876229", "code": 5111, "fclass": "motorway", "name": "Southern Expressway", "ref": "E001", "oneway": "F", "maxspeed": 100, "layer": 0, "bridge": "F", "tunnel": "F" }, "geometry": { "type": "MultiLineString", "coordinates": [ [ [ 80.1009018, 6.4183449 ], [ 80.1003954, 6.4195524 ], [ 80.0998302, 6.420751 ], [ 80.0987216, 6.4232809 ], [ 80.0979593, 6.4250207 ], [ 80.097337, 6.4262255 ], [ 80.095438, 6.4304527 ], [ 80.094807, 6.4317357 ], [ 80.0943924, 6.4327894 ], [ 80.0941381, 6.4335111 ], [ 80.0939414, 6.4340109 ], [ 80.0936442, 6.4348784 ], [ 80.0933889, 6.4358944 ] ] ] } },
{ "type": "Feature", "properties": { "osm_id": "513231424", "code": 5111, "fclass": "motorway", "name": "Southern Expressway", "ref": "E001", "oneway": "F", "maxspeed": 100, "layer": 1, "bridge": "T", "tunnel": "F" }, "geometry": { "type": "MultiLineString", "coordinates": [ [ [ 80.0934166, 6.4361581 ], [ 80.093435, 6.4360647 ], [ 80.0934555, 6.4359476 ] ] ] } },
{ "type": "Feature", "properties": { "osm_id": "513231425", "code": 5111, "fclass": "motorway", "name": "Southern Expressway", "ref": "E001", "oneway": "F", "maxspeed": 100, "layer": 0, "bridge": "F", "tunnel": "F" }, "geometry": { "type": "MultiLineString", "coordinates": [ [ [ 80.0914528, 6.4481332 ], [ 80.0917428, 6.4473274 ], [ 80.0920121, 6.4464344 ], [ 80.0925869, 6.4439497 ], [ 80.092678, 6.4433928 ], [ 80.0928282, 6.4419295 ], [ 80.092893, 6.4410322 ], [ 80.0930116, 6.4394254 ], [ 80.0930652, 6.4386045 ], [ 80.0931511, 6.4378035 ], [ 80.0932208, 6.4372878 ], [ 80.0933016, 6.4367272 ], [ 80.0934166, 6.4361581 ] ] ] } },
{ "type": "Feature", "properties": { "osm_id": "513231426", "code": 5111, "fclass": "motorway", "name": "Southern Expressway", "ref": "E001", "oneway": "F", "maxspeed": 100, "layer": 1, "bridge": "T", "tunnel": "F" }, "geometry": { "type": "MultiLineString", "coordinates": [ [ [ 80.0933889, 6.4358944 ], [ 80.0933437, 6.4361089 ] ] ] } },
{ "type": "Feature", "properties": { "osm_id": "513231427", "code": 5111, "fclass": "motorway", "name": "Southern Expressway", "ref": "E001", "oneway": "F", "maxspeed": 100, "layer": 0, "bridge": "F", "tunnel": "F" }, "geometry": { "type": "MultiLineString", "coordinates": [ [ [ 80.0933437, 6.4361089 ], [ 80.093291, 6.4363446 ], [ 80.09321, 6.4367281 ], [ 80.0931516, 6.4371535 ], [ 80.0930866, 6.4376867 ], [ 80.0930169, 6.4382766 ], [ 80.092966, 6.4389456 ], [ 80.0928366, 6.4406621 ], [ 80.092745, 6.4419775 ], [ 80.0926083, 6.4433954 ], [ 80.0924849, 6.4440751 ], [ 80.0923052, 6.44484 ], [ 80.0921527, 6.4454673 ], [ 80.0917066, 6.4470902 ], [ 80.0913424, 6.4480758 ] ] ] } },
{ "type": "Feature", "properties": { "osm_id": "515283588", "code": 5111, "fclass": "motorway", "name": "Southern Expressway", "ref": "E001", "oneway": "F", "maxspeed": 100, "layer": 0, "bridge": "F", "tunnel": "F" }, "geometry": { "type": "MultiLineString", "coordinates": [ [ [ 80.0009021, 6.633146 ], [ 80.0009657, 6.632194 ] ] ] } },
{ "type": "Feature", "properties": { "osm_id": "515283597", "code": 5111, "fclass": "motorway", "name": "Southern Expressway", "ref": "E001", "oneway": "F", "maxspeed": 100, "layer": 1, "bridge": "T", "tunnel": "F" }, "geometry": { "type": "MultiLineString", "coordinates": [ [ [ 80.0008062, 6.633126 ], [ 80.0007516, 6.6337994 ] ] ] } },
{ "type": "Feature", "properties": { "osm_id": "515283607", "code": 5111, "fclass": "motorway", "name": "Southern Expressway", "ref": "E001", "oneway": "F", "maxspeed": 100, "layer": 0, "bridge": "F", "tunnel": "F" }, "geometry": { "type": "MultiLineString", "coordinates": [ [ [ 80.0007516, 6.6337994 ], [ 80.0005501, 6.6359509 ] ] ] } },
{ "type": "Feature", "properties": { "osm_id": "515283616", "code": 5111, "fclass": "motorway", "name": "Southern Expressway", "ref": "E001", "oneway": "F", "maxspeed": 100, "layer": 1, "bridge": "T", "tunnel": "F" }, "geometry": { "type": "MultiLineString", "coordinates": [ [ [ 80.0008504, 6.6337998 ], [ 80.0009021, 6.633146 ] ] ] } },
{ "type": "Feature", "properties": { "osm_id": "517765625", "code": 5111, "fclass": "motorway", "name": "Southern Expressway", "ref": "E001", "oneway": "F", "maxspeed": 100, "layer": 0, "bridge": "F", "tunnel": "F" }, "geometry": { "type": "MultiLineString", "coordinates": [ [ [ 80.0090456, 6.6114434 ], [ 80.0080065, 6.6126251 ], [ 80.006648, 6.6140487 ], [ 80.0052429, 6.615578 ], [ 80.0044586, 6.6164993 ] ] ] } },
{ "type": "Feature", "properties": { "osm_id": "517765626", "code": 5111, "fclass": "motorway", "name": "Southern Expressway", "ref": "E001", "oneway": "F", "maxspeed": 100, "layer": 1, "bridge": "T", "tunnel": "F" }, "geometry": { "type": "MultiLineString", "coordinates": [ [ [ 80.0091784, 6.6112925 ], [ 80.0090456, 6.6114434 ] ] ] } },
{ "type": "Feature", "properties": { "osm_id": "517765627", "code": 5111, "fclass": "motorway", "name": "Southern Expressway", "ref": "E001", "oneway": "F", "maxspeed": 100, "layer": 1, "bridge": "T", "tunnel": "F" }, "geometry": { "type": "MultiLineString", "coordinates": [ [ [ 80.0091103, 6.6115165 ], [ 80.0092489, 6.6113634 ] ] ] } },
{ "type": "Feature", "properties": { "osm_id": "517765634", "code": 5111, "fclass": "motorway", "name": "Southern Expressway", "ref": "E001", "oneway": "F", "maxspeed": 100, "layer": 0, "bridge": "F", "tunnel": "F" }, "geometry": { "type": "MultiLineString", "coordinates": [ [ [ 80.004501, 6.6165854 ], [ 80.0052752, 6.6156842 ], [ 80.0091103, 6.6115165 ] ] ] } },
{ "type": "Feature", "properties": { "osm_id": "517765638", "code": 5111, "fclass": "motorway", "name": "Southern Expressway", "ref": "E001", "oneway": "F", "maxspeed": 100, "layer": 0, "bridge": "F", "tunnel": "F" }, "geometry": { "type": "MultiLineString", "coordinates": [ [ [ 80.0043386, 6.6166522 ], [ 80.0039302, 6.6171729 ], [ 80.0031733, 6.618318 ], [ 80.002771, 6.6191274 ], [ 80.0022968, 6.6202044 ], [ 80.0021499, 6.6208458 ], [ 80.0019749, 6.6215466 ], [ 80.0017572, 6.6227612 ], [ 80.0016195, 6.6237831 ], [ 80.0013982, 6.6263953 ] ] ] } },
{ "type": "Feature", "properties": { "osm_id": "517765639", "code": 5111, "fclass": "motorway", "name": "Southern Expressway", "ref": "E001", "oneway": "F", "maxspeed": 100, "layer": 1, "bridge": "T", "tunnel": "F" }, "geometry": { "type": "MultiLineString", "coordinates": [ [ [ 80.0044586, 6.6164993 ], [ 80.0043386, 6.6166522 ] ] ] } },
{ "type": "Feature", "properties": { "osm_id": "517765640", "code": 5111, "fclass": "motorway", "name": "Southern Expressway", "ref": "E001", "oneway": "F", "maxspeed": 100, "layer": 1, "bridge": "T", "tunnel": "F" }, "geometry": { "type": "MultiLineString", "coordinates": [ [ [ 80.004396, 6.6167234 ], [ 80.004501, 6.6165854 ] ] ] } },
{ "type": "Feature", "properties": { "osm_id": "517765641", "code": 5111, "fclass": "motorway", "name": "Southern Expressway", "ref": "E001", "oneway": "F", "maxspeed": 100, "layer": 0, "bridge": "F", "tunnel": "F" }, "geometry": { "type": "MultiLineString", "coordinates": [ [ [ 80.0014706, 6.6263888 ], [ 80.001692, 6.6236809 ], [ 80.0018974, 6.6223799 ], [ 80.0020268, 6.6216323 ], [ 80.0021481, 6.621145 ], [ 80.0025123, 6.6199959 ], [ 80.0028583, 6.6191995 ], [ 80.0033531, 6.6182611 ], [ 80.0040637, 6.6171672 ], [ 80.004396, 6.6167234 ] ] ] } },
{ "type": "Feature", "properties": { "osm_id": "523690744", "code": 5111, "fclass": "motorway", "name": "Southern Expressway", "ref": "E001", "oneway": "F", "maxspeed": 100, "layer": 1, "bridge": "T", "tunnel": "F" }, "geometry": { "type": "MultiLineString", "coordinates": [ [ [ 80.0024692, 6.6544853 ], [ 80.0024817, 6.6541391 ] ] ] } },
{ "type": "Feature", "properties": { "osm_id": "523690745", "code": 5111, "fclass": "motorway", "name": "Southern Expressway", "ref": "E001", "oneway": "F", "maxspeed": 100, "layer": 0, "bridge": "F", "tunnel": "F" }, "geometry": { "type": "MultiLineString", "coordinates": [ [ [ 80.0024817, 6.6541391 ], [ 80.002479, 6.6535741 ], [ 80.0024765, 6.653062 ], [ 80.0024263, 6.6520128 ], [ 80.0023117, 6.6509671 ], [ 80.0020645, 6.6496645 ] ] ] } },
{ "type": "Feature", "properties": { "osm_id": "523690746", "code": 5111, "fclass": "motorway", "name": "Southern Expressway", "ref": "E001", "oneway": "F", "maxspeed": 100, "layer": 1, "bridge": "T", "tunnel": "F" }, "geometry": { "type": "MultiLineString", "coordinates": [ [ [ 80.0023866, 6.6541344 ], [ 80.0023754, 6.654492 ] ] ] } },
{ "type": "Feature", "properties": { "osm_id": "523690748", "code": 5111, "fclass": "motorway", "name": "Southern Expressway", "ref": "E001", "oneway": "F", "maxspeed": 100, "layer": 0, "bridge": "F", "tunnel": "F" }, "geometry": { "type": "MultiLineString", "coordinates": [ [ [ 80.0019801, 6.6496828 ], [ 80.0021305, 6.6504744 ], [ 80.0022445, 6.6512997 ], [ 80.0023509, 6.6524978 ], [ 80.0023866, 6.6541344 ] ] ] } },
{ "type": "Feature", "properties": { "osm_id": "570971308", "code": 5111, "fclass": "motorway", "name": "Outer Circular Highway", "ref": "E002", "oneway": "F", "maxspeed": 100, "layer": 1, "bridge": "T", "tunnel": "F" }, "geometry": { "type": "MultiLineString", "coordinates": [ [ [ 79.9741994, 6.9446772 ], [ 79.9744031, 6.9451258 ], [ 79.9746162, 6.9456187 ], [ 79.9748061, 6.9460631 ], [ 79.9749909, 6.9465623 ], [ 79.9752301, 6.9472373 ], [ 79.9754193, 6.9478386 ], [ 79.9755772, 6.9483911 ] ] ] } },
{ "type": "Feature", "properties": { "osm_id": "570971309", "code": 5111, "fclass": "motorway", "name": "Outer Circular Highway", "ref": "E002", "oneway": "F", "maxspeed": 100, "layer": 0, "bridge": "F", "tunnel": "F" }, "geometry": { "type": "MultiLineString", "coordinates": [ [ [ 79.9742702, 6.9446449 ], [ 79.9741501, 6.9443682 ], [ 79.9740197, 6.9440881 ], [ 79.9738719, 6.9437736 ], [ 79.9736948, 6.9433396 ], [ 79.9734766, 6.9427699 ] ] ] } },
{ "type": "Feature", "properties": { "osm_id": "570971310", "code": 5111, "fclass": "motorway", "name": "Outer Circular Highway", "ref": "E002", "oneway": "F", "maxspeed": 100, "layer": 0, "bridge": "F", "tunnel": "F" }, "geometry": { "type": "MultiLineString", "coordinates": [ [ [ 79.9755772, 6.9483911 ], [ 79.9756787, 6.9487873 ], [ 79.9758217, 6.9493826 ], [ 79.9759208, 6.9498233 ], [ 79.9759877, 6.9501517 ], [ 79.9760855, 6.9506856 ], [ 79.9761736, 6.9512166 ], [ 79.9762514, 6.9517257 ] ] ] } },
{ "type": "Feature", "properties": { "osm_id": "570971311", "code": 5111, "fclass": "motorway", "name": "Outer Circular Highway", "ref": "E002", "oneway": "F", "maxspeed": 100, "layer": 1, "bridge": "T", "tunnel": "F" }, "geometry": { "type": "MultiLineString", "coordinates": [ [ [ 79.9756543, 6.9483721 ], [ 79.9754959, 6.9478159 ], [ 79.9753097, 6.947224 ], [ 79.9750668, 6.946528 ], [ 79.9748803, 6.9460305 ], [ 79.9746926, 6.9455841 ], [ 79.9744806, 6.9450939 ], [ 79.9742702, 6.9446449 ] ] ] } },
{ "type": "Feature", "properties": { "osm_id": "587533636", "code": 5111, "fclass": "motorway", "name": "Colombo - Katunayake Expressway", "ref": "E003", "oneway": "F", "maxspeed": 100, "layer": 0, "bridge": "F", "tunnel": "F" }, "geometry": { "type": "MultiLineString", "coordinates": [ [ [ 79.8901477, 6.963987 ], [ 79.8904238, 6.9643263 ] ] ] } },
{ "type": "Feature", "properties": { "osm_id": "587533637", "code": 5111, "fclass": "motorway", "name": "Colombo - Katunayake Expressway", "ref": "E003", "oneway": "F", "maxspeed": 100, "layer": 0, "bridge": "F", "tunnel": "F" }, "geometry": { "type": "MultiLineString", "coordinates": [ [ [ 79.8919202, 6.9658317 ], [ 79.8917011, 6.9655683 ], [ 79.8913047, 6.9651095 ], [ 79.8908886, 6.9646248 ], [ 79.8905812, 6.9642682 ], [ 79.8902667, 6.9638976 ] ] ] } },
{ "type": "Feature", "properties": { "osm_id": "661656798", "code": 5111, "fclass": "motorway", "name": "Southern Expressway", "ref": "E001", "oneway": "F", "maxspeed": 100, "layer": 0, "bridge": "F", "tunnel": "F" }, "geometry": { "type": "MultiLineString", "coordinates": [ [ [ 79.9998719, 6.7190961 ], [ 79.9998553, 6.7193248 ], [ 79.9997934, 6.7207743 ] ] ] } },
{ "type": "Feature", "properties": { "osm_id": "661656799", "code": 5111, "fclass": "motorway", "name": "Southern Expressway", "ref": "E001", "oneway": "F", "maxspeed": 100, "layer": 1, "bridge": "T", "tunnel": "F" }, "geometry": { "type": "MultiLineString", "coordinates": [ [ [ 79.9998962, 6.7188122 ], [ 79.9998719, 6.7190961 ] ] ] } },
{ "type": "Feature", "properties": { "osm_id": "661656800", "code": 5111, "fclass": "motorway", "name": "Southern Expressway", "ref": "E001", "oneway": "F", "maxspeed": 100, "layer": 1, "bridge": "T", "tunnel": "F" }, "geometry": { "type": "MultiLineString", "coordinates": [ [ [ 79.9999393, 6.719126 ], [ 79.9999753, 6.71882 ] ] ] } },
{ "type": "Feature", "properties": { "osm_id": "672417550", "code": 5111, "fclass": "motorway", "name": "Outer Circular Highway", "ref": "E002", "oneway": "F", "maxspeed": 100, "layer": 0, "bridge": "F", "tunnel": "F" }, "geometry": { "type": "MultiLineString", "coordinates": [ [ [ 79.9616369, 6.9994457 ], [ 79.9616836, 6.9991824 ] ] ] } },
{ "type": "Feature", "properties": { "osm_id": "705817174", "code": 5111, "fclass": "motorway", "name": "Outer Circular Highway", "ref": "E002", "oneway": "F", "maxspeed": 100, "layer": 1, "bridge": "T", "tunnel": "F" }, "geometry": { "type": "MultiLineString", "coordinates": [ [ [ 79.8875764, 7.0177764 ], [ 79.8884676, 7.0177007 ], [ 79.8899952, 7.0176006 ], [ 79.8907184, 7.0175758 ], [ 79.8924462, 7.017525 ], [ 79.8932864, 7.0174967 ], [ 79.8942783, 7.0174327 ], [ 79.8951602, 7.0173273 ], [ 79.8959075, 7.0171956 ], [ 79.8968236, 7.0169904 ], [ 79.8975348, 7.0167946 ], [ 79.8985741, 7.0164652 ], [ 79.8998316, 7.0160285 ], [ 79.9007347, 7.0156832 ], [ 79.9018022, 7.0152572 ], [ 79.9026981, 7.0148552 ], [ 79.9035215, 7.0144533 ], [ 79.9040633, 7.0141711 ], [ 79.9046668, 7.0138303 ], [ 79.9052891, 7.0134683 ], [ 79.9059994, 7.0130204 ], [ 79.9067239, 7.0125291 ], [ 79.9074863, 7.0119832 ], [ 79.9086015, 7.0110965 ], [ 79.9100088, 7.009969 ], [ 79.910591, 7.0095511 ], [ 79.9112093, 7.0091313 ], [ 79.911839, 7.0087586 ], [ 79.9125066, 7.0083877 ], [ 79.9131628, 7.0080658 ], [ 79.9136104, 7.007855 ], [ 79.9140543, 7.0076724 ], [ 79.9149096, 7.0073524 ], [ 79.9158541, 7.0070512 ], [ 79.9167474, 7.0068215 ], [ 79.9176237, 7.0066352 ], [ 79.9183785, 7.0065185 ], [ 79.9193685, 7.0064074 ], [ 79.9200475, 7.0063622 ], [ 79.9210717, 7.0063472 ], [ 79.9220731, 7.0063886 ], [ 79.9227066, 7.0064432 ], [ 79.9234482, 7.0065279 ], [ 79.9242959, 7.0066747 ], [ 79.925176, 7.0068686 ], [ 79.9262893, 7.0071679 ], [ 79.9270707, 7.0073957 ], [ 79.927596, 7.0075482 ], [ 79.9281981, 7.0077022 ] ] ] } },
{ "type": "Feature", "properties": { "osm_id": "705817175", "code": 5111, "fclass": "motorway", "name": null, "ref": null, "oneway": "F", "maxspeed": 50, "layer": 0, "bridge": "F", "tunnel": "F" }, "geometry": { "type": "MultiLineString", "coordinates": [ [ [ 79.8838944, 7.0181086 ], [ 79.883802, 7.0181074 ], [ 79.8837158, 7.0181096 ], [ 79.8834348, 7.0181169 ] ] ] } },
{ "type": "Feature", "properties": { "osm_id": "777923140", "code": 5111, "fclass": "motorway", "name": "Outer Circular Highway", "ref": "E002", "oneway": "F", "maxspeed": 100, "layer": 0, "bridge": "F", "tunnel": "F" }, "geometry": { "type": "MultiLineString", "coordinates": [ [ [ 79.885756, 7.0179511 ], [ 79.8875764, 7.0177764 ] ] ] } },
{ "type": "Feature", "properties": { "osm_id": "777923141", "code": 5111, "fclass": "motorway", "name": "Outer Circular Highway", "ref": "E002", "oneway": "F", "maxspeed": 100, "layer": 0, "bridge": "F", "tunnel": "F" }, "geometry": { "type": "MultiLineString", "coordinates": [ [ [ 79.8875737, 7.0176794 ], [ 79.8857487, 7.0178705 ] ] ] } },
{ "type": "Feature", "properties": { "osm_id": "815688809", "code": 5111, "fclass": "motorway", "name": "New Elevated Kelani Bridge Road", "ref": null, "oneway": "F", "maxspeed": 50, "layer": 1, "bridge": "T", "tunnel": "F" }, "geometry": { "type": "MultiLineString", "coordinates": [ [ [ 79.8717635, 6.9532401 ], [ 79.8718371, 6.9531246 ], [ 79.8719573, 6.9529752 ], [ 79.8721008, 6.9528448 ], [ 79.8728011, 6.9523574 ], [ 79.8735617, 6.9518246 ], [ 79.8738822, 6.951593 ], [ 79.8743108, 6.9512485 ], [ 79.8745157, 6.9511261 ], [ 79.8747319, 6.9510376 ], [ 79.875024, 6.9509661 ], [ 79.8755759, 6.9508776 ], [ 79.8767437, 6.9506982 ] ] ] } },
{ "type": "Feature", "properties": { "osm_id": "815688810", "code": 5111, "fclass": "motorway", "name": "New Elevated Kelani Bridge Road", "ref": null, "oneway": "F", "maxspeed": 50, "layer": 1, "bridge": "T", "tunnel": "F" }, "geometry": { "type": "MultiLineString", "coordinates": [ [ [ 79.8767665, 6.9505437 ], [ 79.8760624, 6.9506402 ], [ 79.8751719, 6.9507552 ], [ 79.8749413, 6.9507873 ], [ 79.874881, 6.9507981 ], [ 79.8748322, 6.9508084 ], [ 79.8747733, 6.9508241 ], [ 79.8745745, 6.9508825 ], [ 79.8744491, 6.9509251 ], [ 79.8743887, 6.9509482 ], [ 79.8743324, 6.9509737 ], [ 79.8742728, 6.951006 ], [ 79.874125, 6.9510979 ], [ 79.8739891, 6.9511827 ], [ 79.8735939, 6.9514255 ], [ 79.8734781, 6.9515008 ], [ 79.872841, 6.951947 ], [ 79.8723506, 6.9522697 ] ] ] } },
{ "type": "Feature", "properties": { "osm_id": "815688811", "code": 5111, "fclass": "motorway", "name": "Golden Gate Kalyani", "ref": null, "oneway": "F", "maxspeed": 50, "layer": 1, "bridge": "T", "tunnel": "F" }, "geometry": { "type": "MultiLineString", "coordinates": [ [ [ 79.8782186, 6.9460185 ], [ 79.8782137, 6.9463993 ], [ 79.8782101, 6.9467661 ], [ 79.8782115, 6.9470026 ], [ 79.8782236, 6.9471216 ], [ 79.878286, 6.9474908 ] ] ] } },
{ "type": "Feature", "properties": { "osm_id": "815688815", "code": 5111, "fclass": "motorway", "name": "Golden Gate Kalyani", "ref": null, "oneway": "F", "maxspeed": 50, "layer": 1, "bridge": "T", "tunnel": "F" }, "geometry": { "type": "MultiLineString", "coordinates": [ [ [ 79.8843813, 6.9567879 ], [ 79.8834058, 6.9555507 ], [ 79.8817228, 6.9535999 ], [ 79.8814106, 6.9532224 ], [ 79.8811893, 6.9529717 ], [ 79.8799181, 6.9515162 ], [ 79.8795075, 6.9511132 ], [ 79.8793221, 6.9508771 ], [ 79.8792317, 6.9507578 ], [ 79.8791626, 6.9506573 ], [ 79.8790497, 6.9504887 ], [ 79.8789083, 6.9502382 ], [ 79.8787718, 6.9499412 ], [ 79.8786673, 6.9496616 ], [ 79.878641, 6.9494678 ] ] ] } },
{ "type": "Feature", "properties": { "osm_id": "815688816", "code": 5111, "fclass": "motorway", "name": "Golden Gate Kalyani", "ref": null, "oneway": "F", "maxspeed": 50, "layer": 1, "bridge": "T", "tunnel": "F" }, "geometry": { "type": "MultiLineString", "coordinates": [ [ [ 79.8783785, 6.9486021 ], [ 79.8784255, 6.9490917 ], [ 79.878469, 6.9493106 ], [ 79.8785227, 6.9495195 ], [ 79.878597, 6.9497495 ], [ 79.8786751, 6.9499547 ], [ 79.8787959, 6.9502246 ], [ 79.8788948, 6.9504085 ], [ 79.8790066, 6.9505903 ], [ 79.879068, 6.9506874 ], [ 79.879131, 6.9507758 ], [ 79.879259, 6.9509508 ], [ 79.8798877, 6.9516444 ], [ 79.8800918, 6.9518823 ], [ 79.88027, 6.95209 ], [ 79.8813112, 6.9532999 ], [ 79.8833014, 6.9556124 ], [ 79.8842794, 6.9568784 ] ] ] } },
{ "type": "Feature", "properties": { "osm_id": "815822237", "code": 5111, "fclass": "motorway", "name": "Outer Circular Highway", "ref": "E002", "oneway": "F", "maxspeed": 50, "layer": 0, "bridge": "F", "tunnel": "F" }, "geometry": { "type": "MultiLineString", "coordinates": [ [ [ 79.8857487, 7.0178705 ], [ 79.8856218, 7.0178667 ], [ 79.8847843, 7.0179631 ], [ 79.8843553, 7.0180099 ], [ 79.8840494, 7.0180476 ], [ 79.8839291, 7.0180949 ], [ 79.8838944, 7.0181086 ] ] ] } },
{ "type": "Feature", "properties": { "osm_id": "815822238", "code": 5111, "fclass": "motorway", "name": "Outer Circular Highway", "ref": "E002", "oneway": "F", "maxspeed": 50, "layer": 0, "bridge": "F", "tunnel": "F" }, "geometry": { "type": "MultiLineString", "coordinates": [ [ [ 79.8838911, 7.0181618 ], [ 79.8847952, 7.0180618 ], [ 79.8851961, 7.0180156 ], [ 79.885366, 7.017996 ], [ 79.885756, 7.0179511 ] ] ] } },
{ "type": "Feature", "properties": { "osm_id": "815859386", "code": 5111, "fclass": "motorway", "name": "Outer Circular Highway", "ref": "E002", "oneway": "F", "maxspeed": 100, "layer": 0, "bridge": "F", "tunnel": "F" }, "geometry": { "type": "MultiLineString", "coordinates": [ [ [ 79.9281981, 7.0077022 ], [ 79.9292309, 7.0079529 ], [ 79.9318425, 7.0085402 ], [ 79.9325898, 7.0086701 ], [ 79.9354858, 7.0091058 ] ] ] } },
{ "type": "Feature", "properties": { "osm_id": "815859387", "code": 5111, "fclass": "motorway", "name": "Outer Circular Highway", "ref": "E002", "oneway": "F", "maxspeed": 100, "layer": 0, "bridge": "F", "tunnel": "F" }, "geometry": { "type": "MultiLineString", "coordinates": [ [ [ 79.9355033, 7.0089995 ], [ 79.9343688, 7.0088301 ], [ 79.9326939, 7.0085649 ], [ 79.9318843, 7.0084367 ], [ 79.929523, 7.0079209 ], [ 79.9282297, 7.0076064 ] ] ] } },
{ "type": "Feature", "properties": { "osm_id": "815859398", "code": 5111, "fclass": "motorway", "name": "Outer Circular Highway", "ref": "E002", "oneway": "F", "maxspeed": 100, "layer": 1, "bridge": "T", "tunnel": "F" }, "geometry": { "type": "MultiLineString", "coordinates": [ [ [ 79.9433102, 7.009598 ], [ 79.9423913, 7.0095411 ], [ 79.9407907, 7.0094419 ], [ 79.9395959, 7.0093854 ], [ 79.9370677, 7.0091915 ], [ 79.9358362, 7.0090404 ], [ 79.9355033, 7.0089995 ] ] ] } },
{ "type": "Feature", "properties": { "osm_id": "815859399", "code": 5111, "fclass": "motorway", "name": "Outer Circular Highway", "ref": "E002", "oneway": "F", "maxspeed": 100, "layer": 1, "bridge": "T", "tunnel": "F" }, "geometry": { "type": "MultiLineString", "coordinates": [ [ [ 79.9354858, 7.0091058 ], [ 79.9361839, 7.0091991 ], [ 79.9381772, 7.0093854 ], [ 79.9432962, 7.0097035 ] ] ] } },
{ "type": "Feature", "properties": { "osm_id": "815859405", "code": 5111, "fclass": "motorway", "name": "Outer Circular Highway", "ref": "E002", "oneway": "F", "maxspeed": 100, "layer": 1, "bridge": "T", "tunnel": "F" }, "geometry": { "type": "MultiLineString", "coordinates": [ [ [ 79.9592978, 7.0081807 ], [ 79.9595964, 7.0077777 ], [ 79.9600253, 7.0069746 ], [ 79.9602399, 7.0064549 ], [ 79.9604935, 7.005756 ], [ 79.9606516, 7.0051771 ], [ 79.9609594, 7.0034704 ] ] ] } },
{ "type": "Feature", "properties": { "osm_id": "816188419", "code": 5111, "fclass": "motorway", "name": "Central Expressway", "ref": "E04", "oneway": "F", "maxspeed": 100, "layer": 1, "bridge": "T", "tunnel": "F" }, "geometry": { "type": "MultiLineString", "coordinates": [ [ [ 80.151762669975071, 7.29793229437832 ], [ 80.151363, 7.2969599 ], [ 80.1509768, 7.2962469 ], [ 80.1503545, 7.2952731 ], [ 80.1497215, 7.2944005 ], [ 80.1486969, 7.2931394 ], [ 80.1472163, 7.2913888 ], [ 80.1456928, 7.2896275 ], [ 80.144003, 7.2875895 ], [ 80.1429248, 7.2862593 ], [ 80.1422811, 7.2852376 ], [ 80.1418251, 7.2843171 ], [ 80.1414818, 7.2834763 ], [ 80.141117, 7.2824174 ], [ 80.1408219, 7.2810339 ], [ 80.1404732, 7.2797568 ], [ 80.1400387, 7.2786979 ], [ 80.1394218, 7.277506 ], [ 80.1387137, 7.2764949 ], [ 80.137673, 7.2749944 ], [ 80.1361012, 7.2728286 ], [ 80.1355648, 7.2719878 ], [ 80.1351625, 7.2711205 ] ] ] } },
{ "type": "Feature", "properties": { "osm_id": "858823382", "code": 5111, "fclass": "motorway", "name": "Colombo - Katunayake Expressway", "ref": "E003", "oneway": "F", "maxspeed": 100, "layer": 0, "bridge": "F", "tunnel": "F" }, "geometry": { "type": "MultiLineString", "coordinates": [ [ [ 79.8918259, 6.9659365 ], [ 79.8918685, 6.9659887 ], [ 79.8921988, 6.9664149 ], [ 79.8924753, 6.9668277 ], [ 79.8926195, 6.9670389 ], [ 79.8927728, 6.9673033 ], [ 79.8929419, 6.9676027 ], [ 79.8930983, 6.9679162 ], [ 79.8931623, 6.9680536 ], [ 79.8932888, 6.9683452 ], [ 79.8934804, 6.9688691 ], [ 79.893636, 6.969373 ] ] ] } },
{ "type": "Feature", "properties": { "osm_id": "858823383", "code": 5111, "fclass": "motorway", "name": "Colombo - Katunayake Expressway", "ref": "E003", "oneway": "F", "maxspeed": 100, "layer": 0, "bridge": "F", "tunnel": "F" }, "geometry": { "type": "MultiLineString", "coordinates": [ [ [ 79.8916604, 6.9657338 ], [ 79.8918259, 6.9659365 ] ] ] } },
{ "type": "Feature", "properties": { "osm_id": "950067522", "code": 5111, "fclass": "motorway", "name": "Southern Expressway", "ref": "E001", "oneway": "F", "maxspeed": 100, "layer": 1, "bridge": "T", "tunnel": "F" }, "geometry": { "type": "MultiLineString", "coordinates": [ [ [ 79.9802602, 6.7776741 ], [ 79.9802809, 6.7774513 ], [ 79.9803298, 6.77715 ] ] ] } },
{ "type": "Feature", "properties": { "osm_id": "950067524", "code": 5111, "fclass": "motorway", "name": "Southern Expressway", "ref": "E001", "oneway": "F", "maxspeed": 100, "layer": 0, "bridge": "F", "tunnel": "F" }, "geometry": { "type": "MultiLineString", "coordinates": [ [ [ 79.9801825, 6.7776723 ], [ 79.9801261, 6.7781802 ], [ 79.9800787, 6.7789131 ], [ 79.9800268, 6.7803951 ] ] ] } },
{ "type": "Feature", "properties": { "osm_id": "950067525", "code": 5111, "fclass": "motorway", "name": "Southern Expressway", "ref": "E001", "oneway": "F", "maxspeed": 100, "layer": 0, "bridge": "F", "tunnel": "F" }, "geometry": { "type": "MultiLineString", "coordinates": [ [ [ 79.9803298, 6.77715 ], [ 79.9804055, 6.7767094 ], [ 79.9805332, 6.7760544 ], [ 79.9808405, 6.7747198 ], [ 79.9810294, 6.774045 ], [ 79.9812531, 6.773328 ] ] ] } },
{ "type": "Feature", "properties": { "osm_id": "950084232", "code": 5111, "fclass": "motorway", "name": "Golden Gate Kalyani", "ref": null, "oneway": "F", "maxspeed": 50, "layer": 1, "bridge": "T", "tunnel": "F" }, "geometry": { "type": "MultiLineString", "coordinates": [ [ [ 79.8785929, 6.9486301 ], [ 79.8786762, 6.9476556 ], [ 79.8786433, 6.9473202 ], [ 79.8786408, 6.9469929 ], [ 79.8786465, 6.9465357 ], [ 79.878645, 6.9463353 ] ] ] } },
{ "type": "Feature", "properties": { "osm_id": "951258480", "code": 5111, "fclass": "motorway", "name": "Southern Expressway", "ref": "E001", "oneway": "F", "maxspeed": 100, "layer": 0, "bridge": "F", "tunnel": "F" }, "geometry": { "type": "MultiLineString", "coordinates": [ [ [ 79.9913455, 6.7573831 ], [ 79.9910668, 6.7577981 ], [ 79.9899915, 6.759335 ], [ 79.9892347, 6.7604273 ], [ 79.9887241, 6.7611331 ], [ 79.9884171, 6.7615337 ], [ 79.9880704, 6.7620065 ], [ 79.9875869, 6.7626725 ], [ 79.986893, 6.7636434 ], [ 79.9866116, 6.7640444 ], [ 79.9863584, 6.7643831 ], [ 79.9856793, 6.7653015 ], [ 79.9851777, 6.7659885 ], [ 79.984842, 6.7664478 ], [ 79.9843734, 6.7671058 ], [ 79.9840311, 6.7675769 ], [ 79.9837421, 6.7680032 ], [ 79.9835697, 6.7682646 ], [ 79.9833007, 6.7687117 ], [ 79.9830917, 6.7690594 ], [ 79.9827969, 6.7695742 ], [ 79.9826037, 6.7699313 ], [ 79.9823169, 6.7705065 ], [ 79.9820969, 6.7709604 ], [ 79.9817497, 6.7717498 ], [ 79.9813692, 6.7727564 ] ] ] } },
{ "type": "Feature", "properties": { "osm_id": "951258481", "code": 5111, "fclass": "motorway", "name": "Southern Expressway", "ref": "E001", "oneway": "F", "maxspeed": 100, "layer": 1, "bridge": "T", "tunnel": "F" }, "geometry": { "type": "MultiLineString", "coordinates": [ [ [ 79.991638, 6.756996 ], [ 79.9913455, 6.7573831 ] ] ] } },
{ "type": "Feature", "properties": { "osm_id": "951258482", "code": 5111, "fclass": "motorway", "name": "Southern Expressway", "ref": "E001", "oneway": "F", "maxspeed": 100, "layer": 1, "bridge": "T", "tunnel": "F" }, "geometry": { "type": "MultiLineString", "coordinates": [ [ [ 79.9914048, 6.7574249 ], [ 79.9917074, 6.7570323 ] ] ] } },
{ "type": "Feature", "properties": { "osm_id": "951258483", "code": 5111, "fclass": "motorway", "name": "Southern Expressway", "ref": "E001", "oneway": "F", "maxspeed": 100, "layer": 0, "bridge": "F", "tunnel": "F" }, "geometry": { "type": "MultiLineString", "coordinates": [ [ [ 79.9812531, 6.773328 ], [ 79.9812901, 6.7732002 ], [ 79.9814343, 6.7728504 ], [ 79.981632, 6.7723218 ], [ 79.981871, 6.7717099 ], [ 79.9822048, 6.770969 ], [ 79.9827765, 6.7697991 ], [ 79.9830587, 6.7693079 ], [ 79.9833067, 6.7688798 ], [ 79.9835824, 6.7684402 ], [ 79.983921, 6.7678993 ], [ 79.9844008, 6.7671983 ], [ 79.9848485, 6.7665764 ], [ 79.9858244, 6.7652409 ], [ 79.9867476, 6.7639909 ], [ 79.9873592, 6.7631474 ], [ 79.988576, 6.7614609 ], [ 79.9894155, 6.7602852 ], [ 79.9910167, 6.7579994 ], [ 79.9914048, 6.7574249 ] ] ] } },
{ "type": "Feature", "properties": { "osm_id": "951258491", "code": 5111, "fclass": "motorway", "name": "Southern Expressway", "ref": "E001", "oneway": "F", "maxspeed": 100, "layer": 1, "bridge": "T", "tunnel": "F" }, "geometry": { "type": "MultiLineString", "coordinates": [ [ [ 79.9802504, 6.7771326 ], [ 79.9802248, 6.7773055 ], [ 79.9801825, 6.7776723 ] ] ] } },
{ "type": "Feature", "properties": { "osm_id": "1024603206", "code": 5111, "fclass": "motorway", "name": "Central Expressway", "ref": "E04", "oneway": "F", "maxspeed": 100, "layer": 1, "bridge": "T", "tunnel": "F" }, "geometry": { "type": "MultiLineString", "coordinates": [ [ [ 80.1330751, 7.2636155 ], [ 80.1332404, 7.264115 ], [ 80.1333632, 7.2645574 ], [ 80.1334459, 7.2649628 ], [ 80.1335165, 7.2653722 ], [ 80.1342559, 7.2688536 ], [ 80.1344705, 7.2697157 ], [ 80.1348245, 7.270732 ], [ 80.1350927, 7.2713387 ], [ 80.1354039, 7.2719612 ], [ 80.1356828, 7.2724561 ], [ 80.1361442, 7.273116 ], [ 80.1376408, 7.2751646 ], [ 80.1388103, 7.2768195 ], [ 80.1394808, 7.2778678 ], [ 80.1399046, 7.2786979 ], [ 80.1402372, 7.2795121 ], [ 80.1405001, 7.2803049 ], [ 80.1407683, 7.2814756 ], [ 80.1410419, 7.2826622 ], [ 80.1414227, 7.283769 ], [ 80.1417446, 7.284498 ], [ 80.1420504, 7.2851046 ], [ 80.1424527, 7.2858336 ], [ 80.1429462, 7.2865253 ], [ 80.1435953, 7.2873022 ], [ 80.1451886, 7.2892125 ], [ 80.1471412, 7.2914846 ], [ 80.1488954, 7.293597 ], [ 80.1503813, 7.2955285 ], [ 80.1510626, 7.2966672 ], [ 80.1514059, 7.2973696 ], [ 80.1515722, 7.2978059 ], [ 80.15166955844883, 7.29802500885311 ] ] ] } },
{ "type": "Feature", "properties": { "osm_id": "1024603210", "code": 5111, "fclass": "motorway", "name": "Central Expressway", "ref": "E04", "oneway": "F", "maxspeed": 60, "layer": 1, "bridge": "T", "tunnel": "F" }, "geometry": { "type": "MultiLineString", "coordinates": [ [ [ 80.1351625, 7.2711205 ], [ 80.1347601, 7.2701254 ], [ 80.1346153, 7.2696784 ], [ 80.1343943, 7.2688489 ], [ 80.1341852, 7.2677581 ], [ 80.133892, 7.2664847 ], [ 80.1337077, 7.2654273 ], [ 80.1336392, 7.2650487 ], [ 80.1335706, 7.2647726 ], [ 80.1334125, 7.2641833 ] ] ] } },
{ "type": "Feature", "properties": { "osm_id": "1029561363", "code": 5111, "fclass": "motorway", "name": null, "ref": null, "oneway": "F", "maxspeed": 0, "layer": 0, "bridge": "F", "tunnel": "F" }, "geometry": { "type": "MultiLineString", "coordinates": [ [ [ 79.9043615, 6.9968331 ], [ 79.9038569, 6.9946351 ], [ 79.9036362, 6.9938546 ], [ 79.9033841, 6.993 ], [ 79.9032032, 6.9925101 ] ] ] } },
{ "type": "Feature", "properties": { "osm_id": "1029561364", "code": 5111, "fclass": "motorway", "name": null, "ref": null, "oneway": "F", "maxspeed": 0, "layer": 0, "bridge": "F", "tunnel": "F" }, "geometry": { "type": "MultiLineString", "coordinates": [ [ [ 79.9043615, 6.9968331 ], [ 79.9043331, 6.9965701 ], [ 79.9043172, 6.9964956 ], [ 79.9041277, 6.9956087 ], [ 79.9039144, 6.9946206 ], [ 79.9036939, 6.9938613 ], [ 79.9035249, 6.9932849 ], [ 79.9033635, 6.9928245 ], [ 79.9033117, 6.9926766 ], [ 79.9031133, 6.9922433 ] ] ] } },
{ "type": "Feature", "properties": { "osm_id": "1029561365", "code": 5111, "fclass": "motorway", "name": null, "ref": null, "oneway": "F", "maxspeed": 0, "layer": 0, "bridge": "F", "tunnel": "F" }, "geometry": { "type": "MultiLineString", "coordinates": [ [ [ 79.9043172, 6.9964956 ], [ 79.9042236, 6.995806 ], [ 79.9039098, 6.9944309 ], [ 79.9037368, 6.9937974 ], [ 79.9035584, 6.9932716 ], [ 79.9033635, 6.9928245 ] ] ] } },
{ "type": "Feature", "properties": { "osm_id": "1029561366", "code": 5111, "fclass": "motorway", "name": null, "ref": null, "oneway": "F", "maxspeed": 0, "layer": 0, "bridge": "F", "tunnel": "F" }, "geometry": { "type": "MultiLineString", "coordinates": [ [ [ 79.904411, 6.9971143 ], [ 79.9043615, 6.9968331 ] ] ] } },
{ "type": "Feature", "properties": { "osm_id": "1029561376", "code": 5111, "fclass": "motorway", "name": null, "ref": null, "oneway": "F", "maxspeed": 0, "layer": 0, "bridge": "F", "tunnel": "F" }, "geometry": { "type": "MultiLineString", "coordinates": [ [ [ 79.8857669, 7.0178262 ], [ 79.8852728, 7.0177923 ], [ 79.8847724, 7.0178561 ], [ 79.8843396, 7.0179099 ], [ 79.8841562, 7.0180002 ] ] ] } },
{ "type": "Feature", "properties": { "osm_id": "1029561377", "code": 5111, "fclass": "motorway", "name": null, "ref": null, "oneway": "F", "maxspeed": 0, "layer": 0, "bridge": "F", "tunnel": "F" }, "geometry": { "type": "MultiLineString", "coordinates": [ [ [ 79.8856218, 7.0178667 ], [ 79.8853358, 7.0178479 ], [ 79.8847779, 7.0179053 ], [ 79.8843424, 7.0179599 ], [ 79.8841562, 7.0180002 ], [ 79.8840494, 7.0180476 ] ] ] } },
{ "type": "Feature", "properties": { "osm_id": "1029561378", "code": 5111, "fclass": "motorway", "name": null, "ref": null, "oneway": "F", "maxspeed": 0, "layer": 0, "bridge": "F", "tunnel": "F" }, "geometry": { "type": "MultiLineString", "coordinates": [ [ [ 79.8857487, 7.0178705 ], [ 79.8847893, 7.0180087 ], [ 79.8841577, 7.0180792 ], [ 79.8838944, 7.0181086 ] ] ] } },
{ "type": "Feature", "properties": { "osm_id": "1029561379", "code": 5111, "fclass": "motorway", "name": null, "ref": null, "oneway": "F", "maxspeed": 0, "layer": 0, "bridge": "F", "tunnel": "F" }, "geometry": { "type": "MultiLineString", "coordinates": [ [ [ 79.8838911, 7.0181618 ], [ 79.8843802, 7.0181628 ], [ 79.8848006, 7.0181103 ], [ 79.8856018, 7.0179994 ], [ 79.885682, 7.0179743 ], [ 79.885756, 7.0179511 ] ] ] } },
{ "type": "Feature", "properties": { "osm_id": "1065908370", "code": 5111, "fclass": "motorway", "name": "Southern Expressway", "ref": "E001", "oneway": "F", "maxspeed": 100, "layer": 1, "bridge": "T", "tunnel": "F" }, "geometry": { "type": "MultiLineString", "coordinates": [ [ [ 80.0043045, 6.6932266 ], [ 80.0043682, 6.6930096 ] ] ] } },
{ "type": "Feature", "properties": { "osm_id": "1065908371", "code": 5111, "fclass": "motorway", "name": "Southern Expressway", "ref": "E001", "oneway": "F", "maxspeed": 100, "layer": 0, "bridge": "F", "tunnel": "F" }, "geometry": { "type": "MultiLineString", "coordinates": [ [ [ 80.0034253, 6.696174 ], [ 80.0039617, 6.6943953 ], [ 80.0043045, 6.6932266 ] ] ] } },
{ "type": "Feature", "properties": { "osm_id": "1065908372", "code": 5111, "fclass": "motorway", "name": "Southern Expressway", "ref": "E001", "oneway": "F", "maxspeed": 100, "layer": 0, "bridge": "F", "tunnel": "F" }, "geometry": { "type": "MultiLineString", "coordinates": [ [ [ 80.0042292, 6.6932048 ], [ 80.0033298, 6.6961605 ] ] ] } },
{ "type": "Feature", "properties": { "osm_id": "1065908373", "code": 5111, "fclass": "motorway", "name": "Southern Expressway", "ref": "E001", "oneway": "F", "maxspeed": 100, "layer": 1, "bridge": "T", "tunnel": "F" }, "geometry": { "type": "MultiLineString", "coordinates": [ [ [ 80.0042951, 6.6929884 ], [ 80.0042292, 6.6932048 ] ] ] } },
{ "type": "Feature", "properties": { "osm_id": "1132980038", "code": 5111, "fclass": "motorway", "name": "New Elevated Kelani Bridge Road", "ref": null, "oneway": "F", "maxspeed": 50, "layer": 0, "bridge": "F", "tunnel": "F" }, "geometry": { "type": "MultiLineString", "coordinates": [ [ [ 79.8723506, 6.9522697 ], [ 79.8721715, 6.9523875 ], [ 79.8716878, 6.9527 ], [ 79.8715754, 6.9527627 ], [ 79.8714583, 6.952813 ], [ 79.8713039, 6.9528651 ], [ 79.8712497, 6.9528939 ], [ 79.8712103, 6.9529293 ], [ 79.8711754, 6.9529805 ] ] ] } },
{ "type": "Feature", "properties": { "osm_id": "1132980039", "code": 5111, "fclass": "motorway", "name": "New Elevated Kelani Bridge Road", "ref": null, "oneway": "F", "maxspeed": 50, "layer": 0, "bridge": "F", "tunnel": "F" }, "geometry": { "type": "MultiLineString", "coordinates": [ [ [ 79.8714059, 6.9534361 ], [ 79.8714749, 6.9534543 ], [ 79.871544, 6.953447 ], [ 79.8716228, 6.9534161 ], [ 79.871691, 6.9533556 ], [ 79.8717635, 6.9532401 ] ] ] } },
{ "type": "Feature", "properties": { "osm_id": "1132980040", "code": 5111, "fclass": "motorway", "name": "New Elevated Kelani Bridge Road", "ref": null, "oneway": "F", "maxspeed": 50, "layer": 0, "bridge": "F", "tunnel": "F" }, "geometry": { "type": "MultiLineString", "coordinates": [ [ [ 79.8711434, 6.9534769 ], [ 79.8712358, 6.9534443 ], [ 79.8712918, 6.9534373 ], [ 79.8714059, 6.9534361 ] ] ] } },
{ "type": "Feature", "properties": { "osm_id": "1132980042", "code": 5111, "fclass": "motorway", "name": "New Elevated Kelani Bridge Road", "ref": null, "oneway": "F", "maxspeed": 50, "layer": 0, "bridge": "F", "tunnel": "F" }, "geometry": { "type": "MultiLineString", "coordinates": [ [ [ 79.8711754, 6.9529805 ], [ 79.8711473, 6.9530389 ], [ 79.8711416, 6.9530972 ], [ 79.8711395, 6.9532006 ], [ 79.8711376, 6.9532631 ], [ 79.8711299, 6.9533233 ], [ 79.8711084, 6.9533906 ] ] ] } },
{ "type": "Feature", "properties": { "osm_id": "1132980044", "code": 5111, "fclass": "motorway", "name": "Golden Gate Kalyani", "ref": null, "oneway": "F", "maxspeed": 50, "layer": 1, "bridge": "T", "tunnel": "F" }, "geometry": { "type": "MultiLineString", "coordinates": [ [ [ 79.878641, 6.9494678 ], [ 79.8786145, 6.9489309 ], [ 79.8785929, 6.9486301 ] ] ] } },
{ "type": "Feature", "properties": { "osm_id": "1132980045", "code": 5111, "fclass": "motorway", "name": "Golden Gate Kalyani", "ref": null, "oneway": "F", "maxspeed": 50, "layer": 0, "bridge": "F", "tunnel": "F" }, "geometry": { "type": "MultiLineString", "coordinates": [ [ [ 79.878645, 6.9463353 ], [ 79.8786425, 6.9462599 ], [ 79.8786377, 6.9461743 ], [ 79.8786212, 6.9460297 ], [ 79.8786015, 6.945869 ], [ 79.8785295, 6.9453973 ], [ 79.8784937, 6.9451889 ], [ 79.8784727, 6.9450674 ], [ 79.8784522, 6.9449771 ], [ 79.8784037, 6.9449008 ] ] ] } },
{ "type": "Feature", "properties": { "osm_id": "1132980046", "code": 5111, "fclass": "motorway", "name": "Golden Gate Kalyani", "ref": null, "oneway": "F", "maxspeed": 50, "layer": 1, "bridge": "T", "tunnel": "F" }, "geometry": { "type": "MultiLineString", "coordinates": [ [ [ 79.878286, 6.9474908 ], [ 79.8783094, 6.9476562 ], [ 79.8783328, 6.9478923 ], [ 79.8783474, 6.9481283 ], [ 79.8783785, 6.9486021 ] ] ] } },
{ "type": "Feature", "properties": { "osm_id": "1132980047", "code": 5111, "fclass": "motorway", "name": "Golden Gate Kalyani", "ref": null, "oneway": "F", "maxspeed": 50, "layer": 0, "bridge": "F", "tunnel": "F" }, "geometry": { "type": "MultiLineString", "coordinates": [ [ [ 79.878195, 6.9444832 ], [ 79.8781597, 6.9447514 ], [ 79.8781882, 6.9450383 ], [ 79.8782055, 6.9452264 ], [ 79.8782158, 6.9454074 ], [ 79.8782222, 6.9457203 ], [ 79.8782186, 6.9460185 ] ] ] } },
{ "type": "Feature", "properties": { "osm_id": "1200016278", "code": 5111, "fclass": "motorway", "name": "Southern Expressway", "ref": "E001", "oneway": "F", "maxspeed": 100, "layer": 0, "bridge": "F", "tunnel": "F" }, "geometry": { "type": "MultiLineString", "coordinates": [ [ [ 80.0284441, 6.5758083 ], [ 80.0266121, 6.5782922 ] ] ] } },
{ "type": "Feature", "properties": { "osm_id": "1200016279", "code": 5111, "fclass": "motorway", "name": "Southern Expressway", "ref": "E001", "oneway": "F", "maxspeed": 100, "layer": 1, "bridge": "T", "tunnel": "F" }, "geometry": { "type": "MultiLineString", "coordinates": [ [ [ 80.0285481, 6.5756709 ], [ 80.0284441, 6.5758083 ] ] ] } },
{ "type": "Feature", "properties": { "osm_id": "1200016280", "code": 5111, "fclass": "motorway", "name": "Southern Expressway", "ref": "E001", "oneway": "F", "maxspeed": 100, "layer": 0, "bridge": "F", "tunnel": "F" }, "geometry": { "type": "MultiLineString", "coordinates": [ [ [ 80.0267401, 6.5783696 ], [ 80.0277331, 6.5769387 ], [ 80.0285138, 6.5758589 ] ] ] } },
{ "type": "Feature", "properties": { "osm_id": "1200016281", "code": 5111, "fclass": "motorway", "name": "Southern Expressway", "ref": "E001", "oneway": "F", "maxspeed": 100, "layer": 1, "bridge": "T", "tunnel": "F" }, "geometry": { "type": "MultiLineString", "coordinates": [ [ [ 80.0285138, 6.5758589 ], [ 80.0286096, 6.5757288 ] ] ] } },
{ "type": "Feature", "properties": { "osm_id": "1202329984", "code": 5111, "fclass": "motorway", "name": "Southern Expressway", "ref": "E001", "oneway": "F", "maxspeed": 100, "layer": 1, "bridge": "T", "tunnel": "F" }, "geometry": { "type": "MultiLineString", "coordinates": [ [ [ 80.0368461, 6.5612409 ], [ 80.036594, 6.5617445 ] ] ] } },
{ "type": "Feature", "properties": { "osm_id": "1202329985", "code": 5111, "fclass": "motorway", "name": "Southern Expressway", "ref": "E001", "oneway": "F", "maxspeed": 100, "layer": 0, "bridge": "F", "tunnel": "F" }, "geometry": { "type": "MultiLineString", "coordinates": [ [ [ 80.0391054, 6.5569142 ], [ 80.0368461, 6.5612409 ] ] ] } },
{ "type": "Feature", "properties": { "osm_id": "1202329986", "code": 5111, "fclass": "motorway", "name": "Southern Expressway", "ref": "E001", "oneway": "F", "maxspeed": 100, "layer": 0, "bridge": "F", "tunnel": "F" }, "geometry": { "type": "MultiLineString", "coordinates": [ [ [ 80.0369158, 6.5613075 ], [ 80.0392241, 6.5568968 ] ] ] } },
{ "type": "Feature", "properties": { "osm_id": "1202329987", "code": 5111, "fclass": "motorway", "name": "Southern Expressway", "ref": "E001", "oneway": "F", "maxspeed": 100, "layer": 1, "bridge": "T", "tunnel": "F" }, "geometry": { "type": "MultiLineString", "coordinates": [ [ [ 80.0366691, 6.5618032 ], [ 80.0369158, 6.5613075 ] ] ] } },
{ "type": "Feature", "properties": { "osm_id": "1240104089", "code": 5111, "fclass": "motorway", "name": "Colombo - Katunayake Expressway", "ref": "E003", "oneway": "F", "maxspeed": 100, "layer": 0, "bridge": "F", "tunnel": "F" }, "geometry": { "type": "MultiLineString", "coordinates": [ [ [ 79.9024077, 6.9907935 ], [ 79.9018081, 6.9899462 ], [ 79.9006544, 6.9885927 ] ] ] } },
{ "type": "Feature", "properties": { "osm_id": "1240104090", "code": 5111, "fclass": "motorway", "name": "Colombo - Katunayake Expressway", "ref": "E003", "oneway": "F", "maxspeed": 100, "layer": 1, "bridge": "T", "tunnel": "F" }, "geometry": { "type": "MultiLineString", "coordinates": [ [ [ 79.9026043, 6.9911243 ], [ 79.9024077, 6.9907935 ] ] ] } },
{ "type": "Feature", "properties": { "osm_id": "1240104091", "code": 5111, "fclass": "motorway", "name": "Colombo - Katunayake Expressway", "ref": "E003", "oneway": "F", "maxspeed": 100, "layer": 1, "bridge": "T", "tunnel": "F" }, "geometry": { "type": "MultiLineString", "coordinates": [ [ [ 79.9023132, 6.9908622 ], [ 79.902514, 6.9911765 ] ] ] } },
{ "type": "Feature", "properties": { "osm_id": "1240104092", "code": 5111, "fclass": "motorway", "name": "Colombo - Katunayake Expressway", "ref": "E003", "oneway": "F", "maxspeed": 100, "layer": 0, "bridge": "F", "tunnel": "F" }, "geometry": { "type": "MultiLineString", "coordinates": [ [ [ 79.9005741, 6.9886662 ], [ 79.9008589, 6.9890341 ], [ 79.9017444, 6.9900607 ], [ 79.9023132, 6.9908622 ] ] ] } },
{ "type": "Feature", "properties": { "osm_id": "1292669699", "code": 5111, "fclass": "motorway", "name": "Colombo - Katunayake Expressway", "ref": "E003", "oneway": "F", "maxspeed": 100, "layer": 0, "bridge": "F", "tunnel": "F" }, "geometry": { "type": "MultiLineString", "coordinates": [ [ [ 79.8721116, 7.1263758 ], [ 79.8720891, 7.1265036 ], [ 79.8720554, 7.1266951 ], [ 79.8717328, 7.1293358 ] ] ] } },
{ "type": "Feature", "properties": { "osm_id": "1292669700", "code": 5111, "fclass": "motorway", "name": "Colombo - Katunayake Expressway", "ref": "E003", "oneway": "F", "maxspeed": 100, "layer": 0, "bridge": "F", "tunnel": "F" }, "geometry": { "type": "MultiLineString", "coordinates": [ [ [ 79.8728194, 7.1238404 ], [ 79.872516, 7.1247769 ] ] ] } },
{ "type": "Feature", "properties": { "osm_id": "1292669701", "code": 5111, "fclass": "motorway", "name": "Colombo - Katunayake Expressway", "ref": "E003", "oneway": "F", "maxspeed": 100, "layer": 0, "bridge": "F", "tunnel": "F" }, "geometry": { "type": "MultiLineString", "coordinates": [ [ [ 79.8723535, 7.1253647 ], [ 79.8721641, 7.1261547 ] ] ] } },
{ "type": "Feature", "properties": { "osm_id": "1292669702", "code": 5111, "fclass": "motorway", "name": "Colombo - Katunayake Expressway", "ref": "E003", "oneway": "F", "maxspeed": 100, "layer": 0, "bridge": "F", "tunnel": "F" }, "geometry": { "type": "MultiLineString", "coordinates": [ [ [ 79.872516, 7.1247769 ], [ 79.8723535, 7.1253647 ] ] ] } },
{ "type": "Feature", "properties": { "osm_id": "1292669703", "code": 5111, "fclass": "motorway", "name": "Colombo - Katunayake Expressway", "ref": "E003", "oneway": "F", "maxspeed": 100, "layer": 0, "bridge": "F", "tunnel": "F" }, "geometry": { "type": "MultiLineString", "coordinates": [ [ [ 79.873617, 7.1214315 ], [ 79.8732576, 7.1224939 ] ] ] } },
{ "type": "Feature", "properties": { "osm_id": "1292669704", "code": 5111, "fclass": "motorway", "name": "Colombo - Katunayake Expressway", "ref": "E003", "oneway": "F", "maxspeed": 100, "layer": 0, "bridge": "F", "tunnel": "F" }, "geometry": { "type": "MultiLineString", "coordinates": [ [ [ 79.8732576, 7.1224939 ], [ 79.8731565, 7.1228158 ] ] ] } },
{ "type": "Feature", "properties": { "osm_id": "1292669705", "code": 5111, "fclass": "motorway", "name": "Colombo - Katunayake Expressway", "ref": "E003", "oneway": "F", "maxspeed": 100, "layer": 0, "bridge": "F", "tunnel": "F" }, "geometry": { "type": "MultiLineString", "coordinates": [ [ [ 79.8731565, 7.1228158 ], [ 79.8729933, 7.1233174 ] ] ] } }
]
}
